:020000040800F2
:1000000000000220050500084D3900085539000898
:100010005D390008653900086D39000800000000EE
:10002000000000000000000000000000753900081A
:100030008339000800000000913900089F3900084A
:100040005505000855050008550500085505000828
:100050005505000855050008550500085505000818
:100060005505000855050008550500085505000808
:1000700055050008550500085505000855050008F8
:1000800055050008550500085505000855050008E8
:1000900055050008550500085505000855050008D8
:1000A00055050008550500085505000855050008C8
:1000B000AD39000855050008C1390008550500088C
:1000C00055050008550500085505000855050008A8
:1000D0005505000855050008550500085505000898
:1000E0005505000855050008550500085505000888
:1000F000D5390008550500085505000855050008C4
:100100005505000855050008550500085505000867
:100110005505000855050008550500085505000857
:100120005505000855050008550500085505000847
:100130005505000855050008550500085505000837
:100140005505000855050008550500085505000827
:100150005505000855050008550500085505000817
:100160005505000855050008550500085505000807
:100170005505000855050008550500080000000059
:080180005505000855050008B3
:1001880010B5054C237833B9044B13B10448AFF3C9
:1001980000800123237010BD300000200000000003
:1001A8002C6C000808B5034B1BB103490348AFF397
:1001B800008008BD00000000340000202C6C0008FE
:1001C800034613F8012B002AFBD1181A013870478F
:1001D80053B94AB9002908BF00281CBF4FF0FF31A6
:1001E8004FF0FF3000F088B9ADF1080C6DE904CE8E
:1001F80000F006F8DDF804E0DDE9022304B07047FA
:100208002DE9F047089D8E4604468846002B4AD1C2
:100218008A42174662D9B2FA82F64EB1C6F1200375
:1002280001FA06F820FA03F3B74043EA0808B44095
:100238004FEA174E1FFA87FCB8FBFEF1230C0EFBA2
:10024800118843EA084301FB0CF29A4209D9FB18CA
:1002580001F1FF3080F0EA809A4240F2E7800239EB
:100268003B449A1AA3B2B2FBFEF00EFB102243EAFB
:10027800024300FB0CFC9C4509D9FB1800F1FF3236
:1002880080F0D6809C4540F2D3803B44023840EA57
:100298000140A3EB0C0300211DB1F3400022C5E986
:1002A8000032BDE8F0878B4205D90DB1C5E90001E0
:1002B80000210846F5E7B3FA83F1002946D17345D2
:1002C80002D3824200F20581841A6EEB03020120F8
:1002D8009046002DE5D0C5E90048E2E7002A00F085
:1002E8009080B2FA82F6002E40F0A4808A1A030C9D
:1002F8004FEA174E80B2BCB20121B2FBFEFC0EFBE6
:100308001C2243EA024304FB0CF29A4207D9FB1869
:100318000CF1FF3802D29A4200F2E080C4469B1AE0
:10032800B3FBFEF20EFB123340EA034302FB04F474
:100338009C4207D9FB1802F1FF3002D29C4200F21E
:10034800CA8002461B1B42EA0C40A5E7C1F1200601
:100358008B4022FA06F71F430EFA01F420FA06F33F
:100368002EFA06FE4FEA1749234300FA01F81FFA4E
:1003780087FCBEFBF9F01C0C09FB10EE44EA0E44A6
:1003880000FB0CFEA64502FA01F209D93C1900F15E
:10039800FF3A80F09C80A64540F2998002383C44A0
:1003A800A4EB0E041FFA83FEB4FBF9F309FB134414
:1003B8004EEA044403FB0CFCA44508D93C1903F19C
:1003C800FF3E80F08280A4457FD9023B3C4443EA4B
:1003D8000040A4EB0C04A0FB02EC64457346E14624
:1003E80062D35FD05DB1B8EB030264EB090404FA91
:1003F80006F622FA01F31E43CC40C5E90064002149
:100408004FE7B1FBF2FC010C41EA0E4180B240EA31
:1004180001423B4638463C46B846BE462026B1FB1C
:10042800F7F1A2EB080241EA0C4166E7014618E73A
:1004380010462CE7C6F120022EFA02F3B740B1406D
:1004480020FA02F24FEA174E0A43B3FBFEF8BCB299
:100458000EFB1833110C41EA034108FB04F9B040C4
:1004680089454FEA104380B23ED9791808F1FF3C1C
:1004780001D289451FD8A1EB0901B1FBFEF909FB9F
:1004880004F80EFB191192B242EA0142424529D200
:10049800BA1809F1FF31C4D24245C2D2A9F102010A
:1004A8003A44BEE7F0459DD2BEEB02036CEB070C65
:1004B8000138E14696E7A7EB09094944A8F1020C7F
:1004C800B1FBFEF909FB04F8DBE773467FE750460A
:1004D80066E70846FDE63B44023A33E7ACF1020C16
:1004E8003B441CE749469CE7A1EB0901C446B1FB24
:1004F800FEF909FB04F8C4E7704700BFDFF834D001
:1005080003F06EFA0C480D490D4A002302E0D45856
:10051800C4500433C4188C42F9D30A4A0A4C002345
:1005280001E013600432A242FBD306F057FB03F04C
:100538001DF8704700000220000000203000002055
:100548009C6403083000002048020020FEE70000F9
:1005580080B500AF01220821024803F01BFF00BF4D
:1005680080BD00BF000C024080B584B000AF0022FF
:1005780008212F4803F00EFF012208212C4803F020
:1005880009FF0A2302222B492B4804F068FD0023A7
:10059800FB604FF400437B8100237B603FE07B6876
:1005A800002B06DB7B68032B03DC7B680433FB60D2
:1005B80018E07B68032B07DD7B68072B04DC7B686E
:1005C800C3F10703FB600DE07B68072B06DD7B6842
:1005D8000B2B03DC7B680433FB6003E07B68C3F10F
:1005E8001703FB60134B1A887B8913409BB2002BBF
:1005F80005D0124AFB68002122F8131009E00F4ABF
:10060800FB6832F81330013399B20C4AFB6822F8C0
:1006180013107B895B087B817B6801337B607B6877
:100628000F2BBCDD00BF00BF1037BD4680BD00BF2B
:10063800000C02406C000020140100204C00002037
:1006480080B500AF044B1B6800225A6300210248A2
:1006580005F06CFA00BF80BDFC01002080B483B0B7
:1006680000AF0346FB71FB79632B01D96323FB7150
:10067800044B1B68FA795A6300BF0C37BD465DF816
:10068800047B7047FC01002080B500AF00210248C0
:1006980005F014FB00BF80BDFC01002080B500AF51
:1006A8002A4B1B780D2B4ED801A252F823F000BF1D
:1006B800F106000801070008070700080D070008F1
:1006C80013070008190700081F0700082507000876
:1006D8002B07000831070008370700084307000800
:1006E800490700083D07000800F0DEFA00F0AAF804
:1006F800164B01221A7027E000F0DEFA24E000F021
:100708001BFC21E000F00AFD1EE000F057FE1BE094
:1007180000F0BAFF18E000F0F3FF15E001F026F84A
:1007280012E001F05BF80FE001F098F80CE000F03F
:10073800A9FE09E000F068FF06E001F06BFA03E0AB
:1007480001F0C0FC00E000BF00BF80BD6E000020CB
:1007580080B582B000AF0C4B00221A7000237B607A
:100768000AE00A4A7B68134400221A70786802F08B
:10077800E5FE7B6801337B607B68032BF1DD00BFFE
:1007880000BF0837BD4680BD6F0000207000002004
:1007980080B485B000AF78600023FB6022E0164A81
:1007A800FB6832F81330002B14BF01230023DBB29F
:1007B800FB72FB7A002B07D0104AFB6813441B78A6
:1007C800002B01D1012100E00021FB687A68134465
:1007D800CAB21A70094AFB681344FA7A1A70FB689D
:1007E8000133FB60FB680F2BD9DD00BF00BF143756
:1007F800BD465DF8047B70474C000020780000205F
:1008080080B483B000AF0023FB710CE0FB790B4A86
:10081800D25CFB790A49CB5C9A4201D0002306E0FE
:10082800FB790133FB71FB79032BEFD901231846C0
:100838000C37BD465DF8047B704700BF04000020FC
:100848007000002080B584B004AF00230093142307
:10085800F0220021002002F073F900230093AA235C
:10086800F0229621002002F06BF900230093AC23BC
:10087800F0221421002002F063F9002302931023D0
:1008880001930023009347F67C53134A002100206C
:1008980002F04CFD114B0093782348221E2154206E
:1008A80002F006FB0E4B00939423F022AC210020AB
:1008B80002F0FEFA0B4B00931E231E224B21C3208D
:1008C80002F0F6FA084B14221A70084B01221A702B
:1008D80000BFBD4680BD00BF446C0008E4B20108FB
:1008E800649D0008E40B03080000002008000020B5
:1008F80080B584B004AF01F09DFE0023009314235B
:10090800F0220021002002F01BF90023029310239B
:1009180001930023009347F67C530C4A00210020E2
:1009280002F004FD0A4B0093782348221E2154202C
:1009380002F0BEFA074B00939423F022AC2100206A
:1009480002F0B6FA00BFBD4680BD00BF4C6C00087F
:10095800E4B20108649D000880B584B004AF01F0DA
:1009680069FE002300931423F0220021002002F0E6
:10097800E7F800230293102301930023009347F61E
:100988007C530C4A0021002002F0D0FC0A4B009353
:10099800782348221E21542002F08AFA074B00933C
:1009A8009423F022AC21002002F082FA00BFBD4659
:1009B80080BD00BF646C0008E4B2010864F6010859
:1009C80080B584B004AF002300931423F0220021E3
:1009D800002002F0B5F800230293102301930023AE
:1009E800009347F67C530C4A0021002002F09EFC3D
:1009F8000A4B00931E231E224B21C32002F058FAF3
:100A0800074B04221A704FF47A71002002F092FE0C
:100A180000BFBD4680BD00BF806C0008E40B030822
:100A28006E00002080B584B004AF00230093142327
:100A3800F0220021002002F083F80023009399237C
:100A4800B1221E21542002F07BF8002302931023C8
:100A580001930023009347F67C530C4A00210020A1
:100A680002F064FC0A4B00931E231E224B21C32074
:100A780002F01EFA074B0093782348221E215420C7
:100A880002F016FA00BFBD4680BD00BF946C000896
:100A9800EC120308E4B2010880B584B004AF002367
:100AA80000931423F0220021002002F049F80023CB
:100AB80000939923B1221E21542002F041F800230B
:100AC8000093AA23F0229621002002F039F800238F
:100AD8000293102301930023009347F67C530C4A9A
:100AE8000021002002F022FC0A4B00931E231E2244
:100AF8004B21C32002F0DCF9074B009378234822EE
:100B08001E21542002F0D4F900BFBD4680BD00BFAD
:100B1800A06C0008EC120308F419030880B584B02F
:100B280004AF002300931423F0220021002002F0D8
:100B380007F8002300939923B1221E21542001F0C5
:100B4800FFFF0023009369233C224B211E2001F064
:100B5800F7FF00230293102301930023009347F625
:100B68007C530C4A0021002002F0E0FB0A4B009362
:100B78001E231E224B21C32002F09AF9074B009333
:100B8800782348221E21542002F092F900BFBD4666
:100B980080BD00BFAC6C0008EC120308E4B2010889
:100BA80080B584B004AF002300931423F022002101
:100BB800002001F0C5FF002300939923B1221E21D4
:100BC800542001F0BDFF002302931023019300235A
:100BD80000934FF47843134A0021002002F0A6FB4B
:100BE800114B00931E231E224B211E2002F060F998
:100BF8000E4B00931E231E224B21C32002F058F9EE
:100C08000B4B0093782348221E21542002F050F900
:100C18004FF4FA71042002F08DFDFFF711FD00BFBB
:100C2800BD4680BDB86C0008745D0308EC1203086B
:100C3800F419030880B584B004AF0023009314238B
:100C4800F0220021002001F07BFF0023009399236C
:100C5800B1221E21542001F073FF002302931023B8
:100C680001930023009347F67C530C4A002100208F
:100C780002F05CFB0A4B00931E231E224B21C3206B
:100C880002F016F9074B0093782348221E215420BE
:100C980002F00EF900BFBD4680BD00BFD06C000851
:100CA800E40B0308E4B2010880B400AF00BFBD46FE
:100CB8005DF8047B7047000080B58AB002AF974B9F
:100CC8001B78142B08D1964B00939423F022AC2167
:100CD800002002F0EDF807E0924B00939423F022F5
:100CE800AC21002002F0E4F8002002F03FFD0346AA
:100CF800002B00F00F81052002F038FD0346002B81
:100D080006D0894B1B78002B02D001F093FC02E13E
:100D18003B461846FFF73CFDFB7B002B06D001F055
:100D28004BFC6421002002F005FDF4E0BB7B002BA6
:100D38000BD001F07FFC00F0FBFD7C4B0B221A70FE
:100D48006421002002F0F6FCE5E03B7B002B0FD08D
:100D580001F070FC714B1B78142B01D1152200E0B7
:100D680014226E4B1A706421002002F0E3FCD2E0DA
:100D78006A4B1B78142B70D14FF0FF33FB617B7BE0
:100D8800012B02D10023FB6134E03B78012B02D117
:100D98000123FB612EE07B78012B02D10223FB614A
:100DA80028E0BB78012B02D10323FB6122E03B79C9
:100DB800012B02D10423FB611CE07B79012B02D1BA
:100DC8000523FB6116E0BB79012B02D10623FB61E9
:100DD80010E03B7A012B02D10723FB610AE07B7A02
:100DE800012B02D10823FB6104E0BB7A012B01D15E
:100DF8000923FB61FB69002BC0F28780FFF778FDB0
:100E08004B4B00221A700023BB610AE0494ABB69B8
:100E1800134400221A70B86902F090FBBB690133D1
:100E2800BB61BB69032BF1DDFB69DAB2414B1A7078
:100E380000220021F86902F045FB3D4B01221A709F
:100E48003A4B02221A706421002002F073FC43F628
:100E58009821022002F06EFC5DE04FF0FF337B61C9
:100E68003B78012B02D10A237B611CE07B78012BA4
:100E780002D10B237B6116E0BB78012B02D10C2336
:100E88007B6110E03B79012B02D10D237B610AE0E5
:100E98007B79012B02D10E237B6104E0BB79012B06
:100EA80001D10F237B617B69002B2EDBFFF754FDFB
:100EB8001F4B00221A7000233B610AE01D4A3B6960
:100EC800134400221A70386902F038FB3B69013379
:100ED8003B613B69032BF1DD7B69DAB2154B1A7074
:100EE80000220021786902F0EDFA114B01221A70F4
:100EF8000E4B03221A700A21002002F01BFC43F655
:100F08009821022002F016FC05E06421002002F07E
:100F180011FC00E000BF2037BD4680BD0000002066
:100F2800649D000864F60108740000206E0000202B
:100F38006F0000207000002080B586B000AF02204E
:100F480002F014FC0346002B07D0FFF701FCFFF763
:100F580079FC6D4B01221A70D2E0002002F006FCE9
:100F68000346002B00F0CB80052002F0FFFB034670
:100F7800002B06D0654B1B78002B02D001F05AFBE2
:100F8800BEE03B461846FFF703FC3B7B002B11D025
:100F9800FFF7E2FC5E4B15221A705B4B03221A70B6
:100FA8006421002002F0C6FB43F69821022002F0DB
:100FB800C1FBA5E0FB7B002B06D001F0FDFA642104
:100FC800002002F0B7FB9BE00023FB754FF0FF33D6
:100FD8003B617B7B012B02D100233B6134E03B78F2
:100FE800012B02D101233B612EE07B78012B02D13A
:100FF80002233B6128E0BB78012B02D103233B612C
:1010080022E03B79012B02D104233B611CE07B7970
:10101800012B02D105233B6116E0BB79012B02D1DC
:1010280006233B6110E03B7A012B02D107233B6189
:101038000AE07B7A012B02D108233B6104E0BB7AEA
:10104800012B01D109233B613B69002B19DB314B93
:101058001B78032B13D82F4B1B781A463B69D9B240
:101068002D4B99542B4B1B7800221946386902F0F6
:1010780029FA284B1B780133DAB2264B1A70012360
:10108800FB75FB78002B19D0FB7D002B16D1214B6B
:101098001B78002B10D01F4B1B78013BDAB21D4B7D
:1010A8001A701C4B1B781A461B4B00219954194B7C
:1010B8001B78184602F042FA0123FB75FB7D002BD2
:1010C80006D1FB79002B03D0FFF742FB0123FB7508
:1010D800FB7D002B04D043F69821022002F02AFB66
:1010E8000C4B1B78032B05D9FFF76AFC064B04222F
:1010F8001A7005E06421002002F01CFB00E000BF2C
:101108001837BD4680BD00BF6E0000207400002067
:10111800000000206F0000207000002080B586B01D
:1011280000AF022002F022FB0346002B07D0FFF796
:101138000FFBFFF787FB614B01221A70BAE0002012
:1011480002F014FB0346002B00F0B380052002F0E8
:101158000DFB0346002B06D0594B1B78002B02D001
:1011680001F068FAA6E03B461846FFF711FB3B7B07
:10117800002B11D0FFF7BCFB524B14221A704F4BB7
:1011880002221A706421002002F0D4FA43F6982152
:10119800022002F0CFFA8DE0FB7B002B06D001F095
:1011A8000BFA6421002002F0C5FA83E00023FB75E6
:1011B8004FF0FF333B613B78012B02D10A233B619F
:1011C8001CE07B78012B02D10B233B6116E0BB7836
:1011D800012B02D10C233B6110E03B79012B02D19A
:1011E8000D233B610AE07B79012B02D10E233B6181
:1011F80004E0BB79012B01D10F233B613B69002B34
:1012080019DB314B1B78032B13D82F4B1B781A464D
:101218003B69D9B22D4B99542B4B1B7800221946A8
:10122800386902F04FF9284B1B780133DAB2264BA4
:101238001A700123FB75FB78002B19D0FB7D002B5E
:1012480016D0214B1B78002B10D01F4B1B78013B6D
:10125800DAB21D4B1A701C4B1B781A461B4B002127
:101268009954194B1B78184602F068F90123FB754D
:10127800FB7D002B06D1FB79002B03D0FFF768FA22
:101288000123FB75FB7D002B04D043F69821022037
:1012980002F050FA0C4B1B78032B05D9FFF790FB93
:1012A800064B04221A7005E06421002002F042FA7D
:1012B80000E000BF1837BD4680BD00BF6E000020AB
:1012C80074000020000000206F0000207000002043
:1012D80080B586B000AF0346FB80FA88364BA3FB87
:1012E8000213D9080B469B000B445B00D31A9BB230
:1012F8007B61FB88304AA2FB0323DB08FB80FA886A
:101308002D4BA3FB0213D9080B469B000B445B0033
:10131800D31A9BB23B61FB88274AA2FB0323DB0855
:10132800FB80FA88244BA3FB0213D9080B469B00C9
:101338000B445B00D31A9BB2FB60FB881E4AA2FBDE
:101348000323DB08FB80FB88BB60BB68002B05DD43
:1013580000220021B86802F0B5F802E0002002F08F
:10136800EDF8BB68002B02DCFB68002B05DD0022D2
:101378000121F86802F0A6F802E0012002F0DEF888
:10138800BB68002B05DCFB68002B02DC3B69002BEB
:1013980005DD00220221386902F094F802E00220FB
:1013A80002F0CCF800220321786902F08BF800BF24
:1013B8001837BD4680BD00BFCDCCCCCC80B584B03D
:1013C80004AF002002F0D2F90346002B4CD0FFF7FF
:1013D80017FA0346002B29D001F02CF900230293B9
:1013E80010230193002300934FF4FC63204A9621B5
:1013F800002001F09BFF1F4B00221A701E4B002299
:101408001A7040F2DC51002002F094F91B4B0522BF
:101418001A70FFF707FB42F21071042002F08AF9F4
:1014280047F23051032002F085F91EE001F002F97D
:101438000023029310230193002300934FF4784371
:101448000F4A9621002001F071FF0A4B1B780133E7
:10145800DAB2084B1A7040F2DC51002002F06AF947
:10146800064B0A221A7000E000BFBD4680BD00BFCF
:10147800E06C000888000020890000206E00002031
:10148800F46C000880B582B000AF002002F06EF95D
:101498000346002B5BD0304B1B78022B1FD9FFF77C
:1014A80057F9FFF7CFF92D4B01221A704EF660233A
:1014B8003B602B4B1B781A463B6893403B6038686F
:1014C80000F052F8254B0D221A70254B1B7801337A
:1014D800DAB2234B1A70204B00221A7038E01E4BE8
:1014E8001B78002B0DD01C4B1B78022B09D800F061
:1014F800AFFA1A4B0B221A706421002002F01AF975
:1015080026E0184B1B78022B15D94EF660237B601A
:10151800134B1B781A467B6893407B60786800F011
:1015280023F80E4B0D221A700D4B1B780133DAB2DB
:101538000B4B1A700CE0FFF70BF9FFF783F9074B19
:1015480001221A706421002002F0F4F800E000BFC4
:101558000837BD4680BD00BFA10000206E000020F6
:10156800890000208800002080B588B004AF78602A
:10157800214A7B681360204B1B6803F2E7331F4A3C
:10158800A2FB03239B09FB81FB891846FFF7A0FEFA
:10159800002300931423F0220021002001F0D0FA48
:1015A80000230093AA23F0229621002001F0C8FA14
:1015B8000023029310230193002300934FF47843F0
:1015C8000F4A0021002001F0B1FE002302931023EE
:1015D8000193002300934FF6E0730A4A96210020F6
:1015E80001F0A4FE4FF47A71002002F0A3F800BFC6
:1015F8001037BD4680BD00BF8C000020D34D62105F
:10160800086D0008106D000880B582B000AF00209A
:1016180002F0ACF80346002B2CD0184B1B68B3F52E
:101628007A7F18D3154B1B68A3F57A73134A136096
:10163800124B1B6803F2E733114AA2FB03239B09F1
:10164800FB80FB881846FFF743FE4FF47A710020B1
:1016580002F070F80FE0094B00221A60FFF778F8E3
:10166800FFF7F0F8074B01221A706421002002F0FE
:1016780061F800E000BF0837BD4680BD8C0000203F
:10168800D34D62106E00002080B584B000AF0020FA
:1016980002F06CF80346002B2BD03B461846FFF7A8
:1016A80077F8FB7B002B0ED0FFF7F6F9134B0622D9
:1016B8001A7047F23051032002F03CF864210020F0
:1016C80002F038F816E0042002F050F80346002B28
:1016D8000AD0FFF7AFFA094B09221A704FF4FA61E2
:1016E800002002F027F805E06421002002F022F82B
:1016F80000E000BF1037BD4680BD00BF6E0000206F
:1017080080B584B000AF002002F030F80346002B0B
:1017180025D03B461846FFF73BF8FB7B002B09D04A
:10172800FFF7FCF9104B07221A706421002002F021
:1017380001F815E0032002F019F80346002B09D040
:10174800FFF72EFA084B08221A706421002001F0D6
:10175800F1FF05E06421002001F0ECFF00E000BF8C
:101768001037BD4680BD00BF6E00002080B584B034
:1017780000AF002001F0FAFF0346002B28D03B46BB
:101788001846FFF705F8FB7A002B0AD0FFF752FA44
:10179800114B09221A704FF4FA61002001F0CAFFB8
:1017A80017E0FB7B002B0ED0FFF776F90A4B0622D9
:1017B8001A7047F23051032001F0BCFF6421002069
:1017C80001F0B8FF05E06421002001F0B3FF00E05C
:1017D80000BF1037BD4680BD6E00002080B584B0C4
:1017E80000AF002001F0C2FF0346002B2ED03B467D
:1017F8001846FEF7CDFF042001F0B8FF0346002B82
:1018080008D02021134802F0DEFD4FF4FA710420BD
:1018180001F090FF3220FEF721FFFB7B002B10D058
:10182800FEF732FFFFF77AF90B4B07221A70642193
:10183800002001F07FFF00222021064802F0AAFDC7
:1018480005E06421002001F075FF00E000BF1037BB
:10185800BD4680BD001002406E00002080B500AF7C
:10186800002001F083FF0346002B0BD0FEF770FF2A
:10187800FEF7E8FF044B01221A706421002001F0F2
:1018880059FF00E000BF80BD6E00002080B483B027
:1018980000AF78607B681B78002B01D0012340E003
:1018A8007B6801331B78002B01D0022339E07B6869
:1018B80002331B78002B01D0032332E07B6804330A
:1018C8001B78002B01D004232BE07B6805331B78A1
:1018D800002B01D0052324E07B6806331B78002BFE
:1018E80001D006231DE07B6808331B78002B01D04C
:1018F800072316E07B6809331B78002B01D00823E7
:101908000FE07B680A331B78002B01D0092308E01D
:101918007B680D331B78002B01D0002301E04FF0CA
:10192800FF3318460C37BD465DF8047B704700004E
:1019380080B586B004AF002300931423F022002161
:10194800002001F0FDF800230293102301930023E7
:10195800009347F67C53324A0021002001F0E6FC50
:1019680000230093AC23F0221421002001F0E8F8B2
:1019780000230293102301930023009347F67C531E
:10198800284A3221142001F06DFC00230293102311
:1019980001930023009347F67C53234A50211420D7
:1019A80001F060FC002302931023019300230093AD
:1019B80047F67C531D4A6E21142001F053FC1C4B42
:1019C80000939423F022AC21002001F071FA194B06
:1019D80000221A70184B00221A70184B00221A7035
:1019E80000237B6011E0164A7B68134400221A70BA
:1019F800144A7B68134400221A70134A7B68134404
:101A080000221A707B6801337B607B68032BEADD58
:101A18000E4B14221A7000BF0837BD4680BD00BFA8
:101A2800206D0008306D0008406D0008506D0008FA
:101A3800649D000890000020A0000020A100002064
:101A480094000020980000209C0000200000002046
:101A580080B586B004AF002300931423F022002140
:101A6800002001F06DF80023029310230193002356
:101A7800009347F67C53304A0021002001F056FCC1
:101A880000230093AC23F0221421002001F058F821
:101A980000230293102301930023009347F67C53FD
:101AA800264A3221142001F0DDFB00230293102383
:101AB80001930023009347F67C53214A50211420B8
:101AC80001F0D0FB0023029310230193002300931D
:101AD80047F67C531B4A6E21142001F0C3FB1A4BB6
:101AE80000939423F022AC21002001F0E1F9174B78
:101AF80000221A70164B00221A7000237B6011E036
:101B0800144A7B68134400221A70134A7B681344F2
:101B180000221A70114A7B68134400221A707B68ED
:101B280001337B607B68032BEADD0D4B14221A70AE
:101B380000BF0837BD4680BD206D0008306D000825
:101B4800406D0008506D0008649D0008900000205A
:101B5800A000002094000020980000209C00002095
:101B68000000002080B584B004AF00230093142344
:101B7800F0220021002000F0E3FF0023029310234D
:101B880001930023009347F67C53094A0021002063
:101B980001F0CCFB074B00939423F022AC210020EA
:101BA80001F086F9044B14221A7000BFBD4680BDAF
:101BB800206D0008649D00080000002080B584B0F6
:101BC80004AF002300931423F0220021002000F02A
:101BD800B7FF00230293102301930023009347F6D5
:101BE8007C53094A0021002001F0A0FB074B009319
:101BF8009423F022AC21002001F05AF9044B15225D
:101C08001A7000BFBD4680BD206D000864F601084B
:101C18000000002090B593B004AF002001F0A6FDAD
:101C28000346002B00F032823B461846FEF7B0FD13
:101C3800BB7B002B0BD0FEF78BFDFEF703FE8E4B14
:101C480001221A706421002001F074FD1FE23B7B21
:101C5800002B09D0FFF7B2FF874B0C221A706421C2
:101C6800002001F067FD12E2FB78002B56D0834B71
:101C78001B78002B4DD0814B1B78013BDAB27F4B90
:101C88001A707F4B1B78002B07D07D4B1B78012BDC
:101C980001D1502302E06E2300E032233B82774BD0
:101CA8001B781A46920013449B009BB28C3398B25F
:101CB800724B1B781A46920013449B009BB29C33CC
:101CC8009AB23B8A10339BB2398A0024009400F000
:101CD80037FF6B4B1B78002B06D1684B1B781A46D5
:101CE800684B0021995414E0654B1B78012B06D1F1
:101CF800624B1B781A46644B0021995409E0604BEB
:101D08001B78022B05D15D4B1B781A465F4B0021CF
:101D180099546421002001F00DFDB8E1FB79002BF6
:101D280057D0574B1B78002B07D0554B1B78012BEE
:101D380001D1502302E06E2300E032237B827B8AAC
:101D480014339BB2798A00220092F0228C2000F092
:101D5800F7FE4A4B00221A70494B1B78002B0ED114
:101D680000237B6307E0474A7B6B134400221A7009
:101D78007B6B01337B637B6B032BF4DD24E0404BEF
:101D88001B78012B0ED100233B6307E03E4A3B6BD7
:101D9800134400221A703B6B01333B633B6B032BEC
:101DA800F4DD11E0364B1B78022B0DD10023FB62CA
:101DB80007E0364AFB6A134400221A70FB6A0133B3
:101DC800FB62FB6A032BF4DD6421002001F0B2FC06
:101DD8005DE13B461846FFF759FD78617B69002BAA
:101DE800C0F24F81254B1B78032B00F24A81244B0C
:101DF8001B78002B1DD1214B1B781A467B69D9B261
:101E0800204B99541D4B1B781A46920013449B0093
:101E18009BB28C3398B27B699AB210230293002349
:101E2800019347F67C5300930123322100F0C2FF4F
:101E38004FE0134B1B78012B2AD1104B1B781A4605
:101E48007B69D9B2104B99540C4B1B781A469200F7
:101E580013449B009BB28C3398B27B699AB21023CF
:101E680002930023019347F67C53009301235021EA
:101E780000F0A0FF2DE000BF6E000020A0000020B1
:101E88009000002094000020980000209C00002072
:101E9800804B1B78022B1CD17F4B1B781A467B6921
:101EA800D9B27E4B99547C4B1B781A469200134446
:101EB8009B009BB28C3398B27B699AB21023029331
:101EC8000023019347F67C53009301236E2100F011
:101ED80071FF714B1B780133DAB26F4B1A706E4B7E
:101EE8001B78032B40F2CD806B4B00221A70694B94
:101EF8001B780133DAB2674B1A70664B1B78022BDA
:101F080040F2BF80012387F82B3000237B6210E06A
:101F1800634A7B6A13441A7862497B6A0B441B78CC
:101F28009A4203D0002387F82B3005E07B6A0133FF
:101F38007B627B6A032BEBDD012387F823300023C8
:101F4800FB6110E0584AFB6913441A785349FB694E
:101F58000B441B789A4203D0002387F8233005E00E
:101F6800FB690133FB61FB69032BEBDD97F82B3031
:101F7800002B36D097F82330002B32D00023BB61DA
:101F88000BE0494ABB6913441978464ABB691344B4
:101F98000A461A70BB690133BB61BB69032BF0DDCC
:101FA800002300931423F0228C21002000F0C8FDA8
:101FB8000023029310230193002300934FF4FC6342
:101FC8003A4A8C21002001F0B1F9394B00221A70ED
:101FD8004FF4FA61002001F0ADFB364B09221A706C
:101FE80055E0002300931423F0228C21002000F0F8
:101FF800A7FD97F82B30002B2DD12D4B1B780133E3
:10200800DAB22B4B1A702A4B1B78022B15D90023F6
:10201800029310230193002300934FF47843264A38
:102028008C21002001F082F940F2DC51002001F0FF
:1020380081FB204B0A221A7029E000230293102307
:102048000193002300934FF478431C4A8C2100200D
:1020580001F06CF90CE00023029310230193002394
:1020680000934FF47843164A8C21002001F05EF962
:1020780040F2DC51002001F05DFB0E4B0A221A7081
:1020880005E06421002001F055FB00E000BF3C376B
:10209800BD4690BD90000020A00000209C000020BC
:1020A8009400002004000020980000205C6D0008C7
:1020B800A10000206E000020706D0008846D0008EB
:1020C800986D000890B595B004AF002001F04EFB64
:1020D8000346002B00F054823B1D1846FEF758FBC0
:1020E800BB7C002B0BD0FEF733FBFEF7ABFB8F4B13
:1020F80001221A706421002001F01CFB41E23B7CA4
:10210800002B09D0FFF72EFD884B0B221A70642193
:10211800002001F00FFB34E2FB79002B56D0844BF2
:102128001B78002B4DD0824B1B78013BDAB2804BD9
:102138001A70804B1B78002B07D07E4B1B78012B25
:1021480001D1502302E06E2300E03223FB82784B5A
:102158001B781A46920013449B009BB28C3398B2AA
:10216800734B1B781A46920013449B009BB29C3316
:102178009AB2FB8A10339BB2F98A0024009400F0CB
:10218800DFFC6C4B1B78002B06D1694B1B781A4679
:10219800694B0021995414E0664B1B78012B06D13A
:1021A800634B1B781A46654B0021995409E0614B33
:1021B8001B78022B05D15E4B1B781A46604B002119
:1021C80099546421002001F0B5FADAE1FB7A002B7A
:1021D80057D0584B1B78002B07D0564B1B78012B38
:1021E80001D1502302E06E2300E032233B833B8B76
:1021F80014339BB2398B00220092F0228C2000F01D
:102208009FFC4B4B00221A704A4B1B78002B0ED1B7
:102218000023FB6307E0484AFB6B134400221A7053
:10222800FB6B0133FB63FB6B032BF4DD24E0414BB9
:102238001B78012B0ED10023BB6307E03F4ABB6B21
:10224800134400221A70BB6B0133BB63BB6B032BB7
:10225800F4DD11E0374B1B78022B0DD100237B6393
:1022680007E0374A7B6B134400221A707B6B0133FB
:102278007B637B6B032BF4DD6421002001F05AFAA9
:102288007FE14FF0FF333B633B79002B02D00A23F9
:102298003B631CE07B79002B02D00B233B6316E0E9
:1022A800BB79002B02D00C233B6310E03B7A002B58
:1022B80002D00D233B630AE07B7A002B02D00E2369
:1022C8003B6304E0BB7A002B01D00F233B633B6BDD
:1022D800002BC0F25081164B1B78032B00F24B8168
:1022E8003B6BDBB23733FB76124B1B78002B29D1C3
:1022F8000F4B1B781A463B6BD9B20F4B99540C4BBA
:102308001B781A46920013449B009BB28C3398B2F8
:10231800FA7E00230293102301930023009347F6CB
:102328007C53322100F05AFC4DE000BF6E000020C3
:10233800A0000020900000209400002098000020B9
:102348009C000020904B1B78012B1CD18F4B1B78D5
:102358001A463B6BD9B28E4B99548C4B1B781A4654
:10236800920013449B009BB28C3398B2FA7E0023F0
:102378000293102301930023009347F67C535021C6
:1023880000F02CFC1FE0804B1B78022B1BD17F4BED
:102398001B781A463B6BD9B27E4B99547B4B1B7802
:1023A8001A46920013449B009BB28C3398B2FA7E73
:1023B80000230293102301930023009347F67C53D4
:1023C8006E2100F00BFC714B1B780133DAB26F4BB6
:1023D8001A706E4B1B78032B40F2CD806B4B00229A
:1023E8001A70694B1B780133DAB2674B1A70664B67
:1023F8001B78022B40F2BF80012387F82F3000237F
:10240800BB6210E0644ABB6A13441A786349BB6A2A
:102418000B441B789A4203D0002387F82F3005E03D
:10242800BB6A0133BB62BB6A032BEBDD012387F870
:10243800273000233B6210E0554A3B6A13441A7860
:1024480054493B6A0B441B789A4203D0002387F80F
:10245800273005E03B6A01333B623B6A032BEBDD27
:1024680097F82F30002B36D097F82730002B32D032
:102478000023FB610BE0464AFB6913441978474A7D
:10248800FB6913440A461A70FB690133FB61FB6957
:10249800032BF0DD002300931423F0228C2100206D
:1024A80000F04EFB002302931023019300230093B6
:1024B8004FF4FC633A4A8C21002000F037FF394B77
:1024C80000221A704FF4FA61002001F033F9364BFC
:1024D80009221A7055E0002300931423F0228C215E
:1024E800002000F02DFB97F82F30002B2DD12D4B1D
:1024F8001B780133DAB22B4B1A702A4B1B78022B4C
:1025080015D90023029310230193002300934FF45D
:102518007843264A8C21002000F008FF40F2DC5165
:10252800002001F007F9204B0A221A7029E0002345
:10253800029310230193002300934FF478431C4A1D
:102548008C21002000F0F2FE0CE0002302931023FF
:102558000193002300934FF47843164A8C210020FE
:1025680000F0E4FE40F2DC51002001F0E3F80E4BED
:102578000A221A7005E06421002001F0DBF800E06F
:1025880000BF4437BD4690BD90000020A000002049
:10259800980000209C0000209400002004000020E7
:1025A8005C6D0008A10000206E000020706D00081E
:1025B800846D0008986D000880B584B004AF0023CE
:1025C8000093AA23F0229621002000F0B9FA154BB7
:1025D8001B78012B0DD100230293102301930023B4
:1025E80000934FF4FC63104A9621002000F09EFEF1
:1025F8000CE00023029310230193002300934FF46F
:10260800FC630A4A9621002000F090FE084B012244
:102618001A704FF47A71052001F08CF800BFBD469E
:1026280080BD00BF6E000020B06D0008C86D0008B6
:102638007400002080B582B002AF094B1B78012BD3
:102648000AD100230093AA23F0229621002000F04B
:1026580077FA034B00221A7000BFBD4680BD00BF49
:102668007400002080B58EB000AF07F11C03002273
:102678001A605A609A60DA601A615A619A613B4638
:1026880000221A605A609A60DA601A615A619A6187
:102698002F4B4FF020421A602D4B2E4A5A602C4B7C
:1026A80000229A602A4B0022DA60294B00221A6124
:1026B800274B10225A61264B00229A61244B002294
:1026C800DA61234B00221A62214B00225A62204B06
:1026D8004FF480529A621E4B0022DA621C4B4FF470
:1026E80080421A631A4B00225A63194B00229A63DC
:1026F800174B00225A640F23FB610F233B623C23D4
:102708007B620023BB621023FB6211233B6300231F
:102718007B6309233B600F237B600823BB60002396
:10272800FB6010233B6111237B610023BB613A46A8
:1027380007F11C031946064803F096F80346002BD8
:1027480001D000F0DCFF00BF3837BD4680BD00BFB8
:10275800A4000020040100A080B586B000AF3B1D96
:1027680000221A605A609A60DA601A611C4B1B6872
:10277800002B31D11A4B01221A6000233B60194B00
:102788009B6B184A43F001039363164B9B6B03F052
:1027980001033B603B684FF688737B600223BB6094
:1027A8000023FB6003233B610C237B613B1D19461F
:1027B8000D4801F053FC4CF2B3737B600223BB60FD
:1027C8000023FB6003233B610C237B613B1D1946FF
:1027D800064801F043FC00E000BF1837BD4680BD45
:1027E800F40000200038024000100240000C0240B3
:1027F80080B582B000AF7860FFF7AEFF00BF083742
:10280800BD4680BD80B58EB000AF07F1240300221D
:102818001A605A609A60DA601A6100233B626A4B58
:102828001B6B694A43F010031363674B1B6B03F080
:1028380010033B623B6A0023FB61634B1B6B624ADC
:1028480043F004031363604B1B6B03F00403FB6149
:10285800FB690023BB615C4B1B6B5B4A43F02003A5
:102868001363594B1B6B03F02003BB61BB69002347
:102878007B61554B1B6B544A43F080031363524BE7
:102888001B6B03F080037B617B6900233B614E4B2C
:102898001B6B4D4A43F0080313634B4B1B6B03F050
:1028A80008033B613B690023FB60474B1B6B464AAF
:1028B80043F040031363444B1B6B03F04003FB607E
:1028C800FB680023BB60404B1B6B3F4A43F001038E
:1028D80013633D4B1B6B03F00103BB60BB68002314
:1028E8007B60394B1B6B384A43F002031363364B4A
:1028F8001B6B03F002037B607B6800227021334866
:1029080001F048FD00224FF40051314801F042FD2A
:10291800002240212F4801F03DFD00224FF4807134
:102928002D4801F037FD002208212C4801F032FD26
:1029380070237B620123BB620023FB6200233B639D
:1029480007F124031946214801F088FB4FF400538E
:102958007B620123BB620023FB6200233B6307F118
:10296800240319461A4801F079FB40237B620123AE
:10297800BB620023FB6200233B6307F12403194673
:10298800144801F06BFB4FF480737B620123BB6238
:102998000023FB6200233B6307F1240319460E481A
:1029A80001F05CFB08237B620123BB620023FB620E
:1029B80000233B6307F124031946084801F04EFB46
:1029C80000BF3837BD4680BD0038024000100240C5
:1029D800000802400018024000000240000C0240BB
:1029E80080B483B000AF0346FB80044AFB881380A1
:1029F80000BF0C37BD465DF8047B7047FEFF0F60D3
:102A080080B483B000AF0346FB80044AFB88538040
:102A180000BF0C37BD465DF8047B7047FEFF0F60B2
:102A280080B483B000AF064B5B889BB2FB80FB8809
:102A38009BB218460C37BD465DF8047B704700BF53
:102A4800FEFF0F6090B583B000AF044608461146FC
:102A58001A462346FB800346BB800B467B80134601
:102A68003B802A20FFF7BCFFFB881B0A9BB2184655
:102A7800FFF7C6FFFB88DBB29BB21846FFF7C0FF23
:102A88007B881B0A9BB21846FFF7BAFF7B88DBB22C
:102A98009BB21846FFF7B4FF2B20FFF7A1FFBB88B6
:102AA8001B0A9BB21846FFF7ABFFBB88DBB29BB291
:102AB8001846FFF7A5FF3B881B0A9BB21846FFF78D
:102AC8009FFF3B88DBB29BB21846FFF799FF2C208B
:102AD800FFF786FF00BF0C37BD4690BD80B584B0B8
:102AE80000AF0346FB80154B1B88013B9AB2134B82
:102AF8005B88013B9BB200210020FFF7A3FF002366
:102B0800FB8111E00023BB8106E0FB881846FFF734
:102B180077FFBB890133BB81084B5B88BA899A422E
:102B2800F3D3FB890133FB81044B1B88FA899A4252
:102B3800E8D300BF00BF1037BD4680BDF8000020B5
:102B480090B585B000AF0446084611461A4623469C
:102B5800FB800346BB800B467B8013463B807B880B
:102B6800013B9AB23B88013B9BB2B988F888FFF7D2
:102B780069FFBB88FB8110E0FB88BB8106E03B8CCA
:102B88001846FFF73DFFBB890133BB81BA897B88B3
:102B98009A42F4D3FB890133FB81FA893B889A4234
:102BA800EAD300BF00BF1437BD4690BD80B582B0E0
:102BB80000AF0346FB800B46BB8013467B80BB8877
:102BC800FA88B988F888FFF73DFF7B881846FFF731
:102BD80017FF00BF0837BD4680BD000090B587B01D
:102BE80000AF0446084611461A462346FB800346B2
:102BF800BB800B46FB7013463B8000237B75FB882C
:102C08003B8297F82C305B08FB73FB7BDB08DBB25D
:102C18001A46FB7B03F00703DBB2002B14BF01232A
:102C28000023DBB213449AB297F82C309BB212FB04
:102C380003F3BB81FB78203BFB70FB7B9AB2FB88DC
:102C480013449BB2013B9CB297F82C309AB2BB88D4
:102C580013449BB2013B9BB2B988F8882246FFF720
:102C6800F1FE00237B827AE097F82C300C2B28D0D9
:102C780097F82C30102B08D1FA787B8A3C4912013E
:102C88000A4413441B78FB751BE097F82C30182B6B
:102C98000BD1FA78798A374813465B0013441B0135
:102CA80003440B441B78FB750BE097F82C30202B62
:102CB8005AD1FA787B8A304992010A4413441B7826
:102CC800FB750023BB7544E097F83030002B20D10A
:102CD800FA7DBB7D42FA03F303F00103002B04D015
:102CE8003B881846FFF78CFE03E03B8D1846FFF73C
:102CF80087FE7B7D01337B757B7DFA7BB3FBF2F12D
:102D080001FB02F29B1ADBB2002B1FD100237B755B
:102D180022E0FA7DBB7D42FA03F303F00103002BA6
:102D280005D03A88B988FB881846FFF73FFFFB882B
:102D38000133FB80FA883B8AD21AFB7B9A4205D181
:102D48003B8AFB80BB880133BB8005E0BB7D013338
:102D5800BB75BB7D072BB7D97B8A01337B827A8A07
:102D6800BB899A4280D300E000BF1C37BD4690BDA6
:102D7800E46D0008D4730008A485000880B485B009
:102D880000AF03460A46FB711346BB710123FB6083
:102D980004E0FA79FB6802FB03F3FB60BB795A1E77
:102DA800BA71002BF5D1FB6818461437BD465DF89B
:102DB800047B704790B589B004AF044608461146B5
:102DC8001A462346FB800346BB800B467B8013468E
:102DD8007B700023BB7397F828305B087B73002354
:102DE800FB7359E07C887A78FB7BD31ADBB2013B12
:102DF800DBB219460A20FFF7C1FF0346B4FBF3F123
:102E08002A4BA3FB0123DA0813469B0013445B00FB
:102E1800CA1A13463B73BB7B002B21D1FA7B7B7804
:102E2800013B9A421CDA3B7B002B17D1FB7B9AB201
:102E38007B7B9BB212FB03F39AB2FB88134498B2D4
:102E48003A8CB9880023029397F828300193BB8CF9
:102E5800009313462022FFF7C1FE1AE00123BB733B
:102E6800FB7B9AB27B7B9BB212FB03F39AB2FB8883
:102E7800134498B23B7B3033DAB23C8CB9880023D8
:102E8800029397F828300193BB8C00932346FFF7F1
:102E9800A5FEFB7B0133FB73FA7B7B789A42A1D3B7
:102EA80000BF00BF1437BD4690BD00BFCDCCCCCC11
:102EB80090B587B000AF0446084611461A46234627
:102EC800FB800346BB800B467B8013463B80002378
:102ED8003B61FA887B8813449BB2013B9CB2BA8859
:102EE8003B8813449BB2013B9BB2B988F8882246C1
:102EF800FFF7A8FD0023FB8228E00023BB821EE029
:102F08003B695B00BA6A13441B78FB733B695B003F
:102F18000133BA6A13441B78BB73FB7B1BB21B02D9
:102F28001AB2BB7B1BB213431BB29BB21846FFF706
:102F380067FD3B6901333B61BB8A0133BB82BA8AB7
:102F48003B889A42DCD3FB8A0133FB82FA8A7B886E
:102F58009A42D2D300BF00BF1C37BD4690BD0000C7
:102F680080B483B000AF0346FB71FB7903F03003F4
:102F7800DBB2002B07D00A4B4FF4A0721A80084B23
:102F8800F0225A8006E0064BF0221A80044B4FF4D8
:102F9800A0725A8000BF0C37BD465DF8047B7047AD
:102FA800F800002080B500AF00224FF40051AA4875
:102FB80001F0F0F94FF4FA7000F01AFF01224FF413
:102FC8000051A54801F0E6F94FF4FA7000F010FF3F
:102FD8000020FFF7C5FFD320FFF702FDFFF720FD14
:102FE80003461A469D4B9A80FFF71AFD03461A4678
:102FF8009A4B9A80FFF714FD03461A46974B9A801E
:10300800964B9B881B029AB2944B9A80FFF708FD57
:1030180003461A46914B9B8813439AB28F4B9A806A
:10302800CF20FFF7DDFC0020FFF7EAFCC120FFF707
:10303800E7FC3020FFF7E4FCED20FFF7D1FC64202B
:10304800FFF7DEFC0320FFF7DBFC1220FFF7D8FCBC
:103058008120FFF7D5FCE820FFF7C2FC8520FFF7A9
:10306800CFFC1020FFF7CCFC7A20FFF7C9FCCB205F
:10307800FFF7B6FC3920FFF7C3FC2C20FFF7C0FC94
:103088000020FFF7BDFC3420FFF7BAFC0220FFF751
:10309800B7FCF720FFF7A4FC2020FFF7B1FCEA20DB
:1030A800FFF79EFC0020FFF7ABFC0020FFF7A8FC11
:1030B800C020FFF795FC1B20FFF7A2FCC120FFF7FB
:1030C8008FFC0120FFF79CFCC520FFF789FC30200E
:1030D800FFF796FC3020FFF793FCC720FFF780FC32
:1030E800B720FFF78DFC3620FFF77AFC0820FFF7A2
:1030F80087FC3A20FFF774FC5520FFF781FCB120CC
:10310800FFF76EFC0020FFF77BFC1A20FFF778FC26
:10311800B620FFF765FC0A20FFF772FCA220FFF734
:103128006FFCF220FFF75CFC0020FFF769FC26200B
:10313800FFF756FC0120FFF763FCE020FFF750FC87
:103148000F20FFF75DFC2A20FFF75AFC2820FFF725
:1031580057FC0820FFF754FC0E20FFF751FC08200D
:10316800FFF74EFC5420FFF74BFCA920FFF748FC63
:103178004320FFF745FC0A20FFF742FC0F20FFF72A
:103188003FFC0020FFF73CFC0020FFF739FC002043
:10319800FFF736FC0020FFF733FCE120FFF720FCA7
:1031A8000020FFF72DFC1520FFF72AFC1720FFF75A
:1031B80027FC0720FFF724FC1120FFF721FC06203D
:1031C800FFF71EFC2B20FFF71BFC5620FFF718FC0F
:1031D8003C20FFF715FC0520FFF712FC1020FFF735
:1031E8000FFC0F20FFF70CFC3F20FFF709FC3F20E6
:1031F800FFF706FC0F20FFF703FC2B20FFF7F0FB7F
:103208000020FFF7FDFB0020FFF7FAFB0120FFF786
:10321800F7FB3F20FFF7F4FB2A20FFF7E1FB002034
:10322800FFF7EEFB0020FFF7EBFB0020FFF7E8FBC2
:10323800EF20FFF7E5FB1120FFF7D2FB782000F025
:10324800D7FD2920FFF7CCFB01224FF480710448F9
:1032580001F0A0F800BF80BD00080240F80000207F
:103268000000024090B58BB004AFBA601A4603461E
:10327800FB810B46BB811346FB80FB89BB82002385
:10328800FB7548E0FB7D002B45D1FA89264B1B884E
:10329800194697F82C305B08DBB2CB1A9A423FDC10
:1032A800BA89214B5B88194697F82C30CB1A9A4279
:1032B80036DCBB681B78802B02D90123FB752AE01A
:1032C800BB681B780D2B0BD197F82C309AB2BB89B1
:1032D8001344BB81BB8AFB81BB680133BB6017E029
:1032E800BB681A78FC88B989F88997F83030029356
:1032F80097F82C3001933B8D00932346FFF76EFC23
:1033080097F82C305B08DBB21A46FB891344FB8123
:10331800BB680133BB60BB681B78002BB2D100E0EF
:1033280000BF1C37BD4690BDF800002080B58AB0AC
:1033380004AFBA601A460346FB810B46BB811346AD
:10334800FB80B868FCF73CFF0346FB820F4B1B88E9
:103358001A46FB8ADB00D31ADA0F13445B10BB82D0
:10336800FA89BB8A134498B2FA88B98997F8283041
:10337800029397F8243001933B8C00931346BA6864
:10338800FFF770FF00BF1837BD4680BDF80000206A
:1033980080B500AF01224021024800F0FBFF00BFCA
:1033A80080BD00BF0018024080B500AF404B1B88AD
:1033B800DBB29AB23E4B1A803E4B1B881A463E4BF4
:1033C8009B5C1BB21B021AB2394B1B881BB21343FE
:1033D8001BB29AB2364B1A80364B1B88032B47D840
:1033E80001A252F823F000BF013400081F3400087E
:1033F8003D3400085B3400082D4B1B8843F0B003B4
:103408009AB22B4B1A802A4B1B8823F040039AB29E
:10341800274B1A802DE0264B1B8843F0D0039AB225
:10342800234B1A80224B1B8823F020039AB2204B8F
:103438001A801EE01E4B1B8843F0E0039AB21C4B17
:103448001A801B4B1B8823F010039AB2184B1A8062
:103458000FE0174B1B8843F070039AB2144B1A8085
:10346800134B1B8823F080039AB2114B1A8000E09B
:1034780000BF104B1B8801335A4203F0030302F0CC
:10348800030258BF53429AB20A4B1A8000224021C5
:103498000A4800F07FFF012302220549084801F08D
:1034A8009AFC01224021054800F074FF00BF80BD4E
:1034B80020000020FE0000200C0000200018024020
:1034C8001401002080B487B000AFF860B9601346DB
:1034D800FB71BB68002B27DBBB68032B24DCFB6874
:1034E800002B01DA0023FB60FB680F2B08DDFB686B
:1034F8005A4203F00F0302F00F0258BF5342FB6019
:103508000C4AFB6813441B78FB75FB79002B05D02C
:10351800FB7D002B02D0FB7D013BFB75064ABB6897
:103528001344FA7D1A7000E000BF1C37BD465DF8F1
:10353800047B7047100000200C00002080B483B08A
:1035480000AF78607B68002B08DB7B68032B05DC09
:10355800054A7B681344FF221A7000E000BF0C374D
:10356800BD465DF8047B70470C00002080B500AFB5
:1035780000F0CCFB00F020F8FFF744F900F042FA25
:1035880000F03AF9FFF76EF800F088FA00F0D4FA84
:1035980000F07CF84FF47A71002000F0CBF84FF47B
:1035A8007A71012000F0C6F8FCF7DEFFFDF776F827
:1035B800FFF7FAFE00BFF7E780B594B000AF07F158
:1035C800200330220021184603F000FB07F10C030A
:1035D80000221A605A609A60DA601A610023BB60A0
:1035E800284B1B6C274A43F080531364254B1B6CF4
:1035F80003F08053BB60BB6800237B60224B1B68D1
:10360800214A43F4804313601F4B1B6803F4804333
:103618007B607B6801233B624FF480337B6202232B
:10362800BB634FF48003FB6304233B64A8237B64E0
:103638000223BB640423FB6407F12003184600F04F
:10364800DDFE0346002B01D000F059F80F23FB6084
:1036580002233B6100237B614FF4A053BB614FF40D
:10366800A053FB6107F10C030521184601F03EF950
:103678000346002B01D000F042F800BF5037BD468A
:1036880080BD00BF003802400070004080B582B0A5
:1036980000AF00F03BF8FCF75BFFFFF783FCFCF79B
:1036A800CFFF4FF6FF70FFF719FAFFF771FE0023FF
:1036B8007B600AE0094A7B68134400221A70786824
:1036C800FFF73CFF7B6801337B607B68032BF1DDF0
:1036D80000BF00BF0837BD4680BD00BF7000002096
:1036E80080B582B000AF78607B681B68B3F1804F0B
:1036F80001D100F051F800BF0837BD4680BD80B445
:1037080000AF72B600BF00BFFDE7000080B500AF94
:10371800054802F041F9054802F03EF9044802F074
:103728003BF900BF80BD00BF6C010020B401002040
:10373800FC01002080B483B000AF03460A46FB7149
:103748001346BB80FB790749BA8821F81320FB7917
:10375800054A0021D15400BF0C37BD465DF8047BF3
:10376800704700BF000100200C01002080B483B026
:1037780000AF0346FB71FB79064AD35C012B01D1EC
:10378800012300E0002318460C37BD465DF8047B92
:10379800704700BF0C01002080B483B000AF002345
:1037A800FB711BE0FB79124A32F81330002B12D060
:1037B800FB790F4A32F81320013A91B20C4A22F8E9
:1037C8001310FB790A4A32F81330002B03D1FB7926
:1037D800084A0121D154FB790133FB71FB79052B90
:1037E800E0D900BF00BF0C37BD465DF8047B7047C9
:1037F800000100200C01002080B500AF174B184ACB
:103808001A60164B4FF482725A60144B00229A6069
:10381800124B0022DA60114B00221A610F4B002272
:103828005A610E4B4FF400729A610C4B0022DA6118
:103838000A4B00221A62094B00225A62074B0022E7
:103848009A62064B0A22DA62044801F03BFA034600
:10385800002B01D0FFF753FF00BF80BD14010020EB
:103868000030014080B58AB000AF786007F11403DA
:1038780000221A605A609A60DA601A617B681B68D5
:10388800194A93422BD100233B61184B5B6C174AB2
:1038980043F480535364154B5B6C03F480533B61D2
:1038A8003B690023FB60114B1B6B104A43F002037A
:1038B80013630E4B1B6B03F00203FB60FB6838239A
:1038C8007B610223BB610023FB6103233B62052369
:1038D8007B6207F114031946054800F0BFFB00BFDF
:1038E8002837BD4680BD00BF003001400038024087
:1038F8000004024080B483B000AF00237B60104B0B
:103908005B6C0F4A43F4804353640D4B5B6C03F4C8
:1039180080437B607B6800233B60094B1B6C084A33
:1039280043F080531364064B1B6C03F080533B60D9
:103938003B6800BF0C37BD465DF8047B704700BF8D
:103948000038024080B400AF00BFFDE780B400AF8C
:1039580000BFFDE780B400AF00BFFDE780B400AF53
:1039680000BFFDE780B400AF00BFFDE780B400AF43
:1039780000BFBD465DF8047B704780B400AF00BF50
:10398800BD465DF8047B704780B400AF00BFBD46FC
:103998005DF8047B704780B500AF00F009FA00BFFE
:1039A80080BD000080B500AF024802F0F7F900BF03
:1039B80080BD00BF6C01002080B500AF024802F056
:1039C800EDF900BF80BD00BFB401002080B500AF95
:1039D800024802F0E3F900BF80BD00BFFC010020EF
:1039E80080B400AF064BD3F88830054A43F470031F
:1039F800C2F8883000BFBD465DF8047B704700BF41
:103A080000ED00E080B586B000AF07F108030022A2
:103A18001A605A609A60DA603B4600221A605A605F
:103A28001D4B4FF080421A601B4B40F247325A60E0
:103A3800194B00229A60184B6322DA60164B002259
:103A48001A61154B00229A61134801F055FF03468D
:103A5800002B01D0FFF753FE4FF48053BB6007F1F2
:103A6800080319460C4802F04BFB0346002B01D013
:103A7800FFF745FE00233B6000237B603B46194669
:103A8800054802F043FF0346002B01D0FFF737FE3D
:103A980000BF1837BD4680BD6C01002080B586B0D8
:103AA80000AF07F1080300221A605A609A60DA60D2
:103AB8003B4600221A605A601D4B1E4A1A601C4B76
:103AC80040F247325A601A4B00229A60184B632220
:103AD800DA60174B00221A61154B00229A611448CC
:103AE80001F00AFF0346002B01D0FFF708FE4FF450
:103AF8008053BB6007F1080319460D4802F000FB2C
:103B08000346002B01D0FFF7FAFD00233B6000239A
:103B18007B603B461946064802F0F8FE0346002B38
:103B280001D0FFF7ECFD00BF1837BD4680BD00BFD0
:103B3800B40100200008004080B588B000AF3B1DEC
:103B480000221A605A609A60DA601A615A619A61B2
:103B58001E4B1F4A1A601D4B40F247325A601B4BDE
:103B680000229A60194B6322DA60184B00221A610E
:103B7800164B00229A61154801F0BEFE0346002B41
:103B880001D0FFF7BCFD114801F076FF0346002B7A
:103B980001D0FFF7B4FD60237B600023BB600023E6
:103BA800FB6000237B613B1D00221946074802F099
:103BB800E5F90346002B01D0FFF7A1FD034800F00B
:103BC8006BF800BF2037BD4680BD00BFFC01002058
:103BD800001C004080B586B000AF78607B681B6829
:103BE800B3F1804F16D100237B61284B1B6C274A09
:103BF80043F001031364254B1B6C03F001037B6145
:103C08007B69002200211C2000F0F1F91C2000F043
:103C18000AFA36E07B681B681D4A934216D10023D6
:103C28003B611A4B1B6C194A43F004031364174B8E
:103C38001B6C03F004033B613B69002200211E203A
:103C480000F0D5F91E2000F0EEF91AE07B681B6839
:103C5800104A934215D10023FB600C4B1B6C0B4A96
:103C680043F080031364094B1B6C03F08003FB6073
:103C7800FB68002200212C2000F0B9F92C2000F06C
:103C8800D2F900BF1837BD4680BD00BF00380240DA
:103C980000080040001C004080B588B000AF786084
:103CA80007F10C0300221A605A609A60DA601A6100
:103CB8007B681B68124A93421ED10023BB60114BDC
:103CC8001B6B104A43F0200313630E4B1B6B03F06E
:103CD8002003BB60BB684FF48073FB6002233B6129
:103CE80000237B610023BB610923FB6107F10C03FF
:103CF8001946054800F0B2F900BF2037BD4680BD1F
:103D0800001C0040003802400014024080B500AF9B
:103D18000E4B1B680D4A43F4007313600B4B1B6872
:103D28000A4A43F480631360084B1B68074A43F44C
:103D380080731360032000F04FF90F2000F008F89B
:103D4800FFF7D8FD0023184680BD00BF003C0240A5
:103D580080B582B000AF7860124B1A68124B1B789E
:103D680019464FF47A73B3FBF1F3B2FBF3F3184639
:103D780000F067F90346002B01D001230EE07B68B1
:103D88000F2B0AD8002279684FF0FF3000F02FF986
:103D9800064A7B681360002300E0012318460837B1
:103DA800BD4680BD240000202C00002028000020F3
:103DB80080B400AF064B1B781A46064B1B681344A9
:103DC800044A136000BFBD465DF8047B704700BF1E
:103DD8002C0000204402002080B400AF034B1B6875
:103DE8001846BD465DF8047B704700BF44020020BA
:103DF80080B584B000AF7860FFF7EEFFB8607B68ED
:103E0800FB60FB68B3F1FF3F05D00A4B1B781A46ED
:103E1800FB681344FB6000BFFFF7DEFF0246BB6888
:103E2800D31AFA689A42F7D800BF00BF1037BD46C8
:103E380080BD00BF2C00002080B485B000AF786042
:103E48007B6803F00703FB600C4BDB68BB60BA6858
:103E58004FF6FF031340BB60FB681A02BB681343AD
:103E680043F0BF6343F40033BB60044ABB68D360CC
:103E780000BF1437BD465DF8047B704700ED00E0D5
:103E880080B400AF044BDB681B0A03F00703184635
:103E9800BD465DF8047B704700ED00E080B483B058
:103EA80000AF0346FB7197F90730002B0BDBFB795A
:103EB80003F01F02074997F907305B09012000FA50
:103EC80002F241F8232000BF0C37BD465DF8047BA1
:103ED800704700BF00E100E080B483B000AF034644
:103EE8003960FB7197F90730002B0ADB3B68DAB2BF
:103EF8000C4997F907301201D2B20B4483F800231A
:103F08000AE03B68DAB20849FB7903F00F03043B87
:103F18001201D2B20B441A7600BF0C37BD465DF8C9
:103F2800047B704700E100E000ED00E080B489B058
:103F380000AFF860B9607A60FB6803F00703FB61C3
:103F4800FB69C3F10703042B28BF0423BB61FB698A
:103F58000433062B02D9FB69033B00E000237B6195
:103F68004FF0FF32BB6902FA03F3DA43BB681A4029
:103F78007B699A404FF0FF317B6901FA03F3D9431B
:103F88007B680B40134318462437BD465DF8047B15
:103F98007047000080B582B000AF78607B68013B55
:103FA800B3F1807F01D301230FE00A4A7B68013B0C
:103FB80053600F214FF0FF30FFF78EFF054B0022B3
:103FC8009A60044B07221A60002318460837BD463A
:103FD80080BD00BF10E000E080B582B000AF78601F
:103FE8007868FFF729FF00BF0837BD4680BD80B558
:103FF80086B000AF0346B9607A60FB7300237B612B
:10400800FFF73EFF78617A68B9687869FFF78EFF35
:10401800024697F90F3011461846FFF75DFF00BFBB
:104028001837BD4680BD80B582B000AF0346FB712E
:1040380097F907301846FFF731FF00BF0837BD462C
:1040480080BD80B582B000AF78607868FFF7A2FFC6
:10405800034618460837BD4680BD000080B489B0C5
:1040680000AF7860396000237B6100233B61002347
:10407800BB610023FB616BE10122FB6902FA03F3D8
:104088007B613B681B687A6913403B613A697B69CD
:104098009A4240F05A813B685B6803F00303012BA6
:1040A80005D03B685B6803F00303022B30D17B68C3
:1040B8009B68BB61FB695B00032202FA03F3DB43E5
:1040C800BA691340BB613B68DA68FB695B0002FAB6
:1040D80003F3BA691343BB617B68BA699A607B686A
:1040E8005B68BB610122FB6902FA03F3DB43BA692F
:1040F8001340BB613B685B681B0903F00102FB6965
:1041080002FA03F3BA691343BB617B68BA695A6060
:104118003B685B6803F00303032B17D07B68DB68FD
:10412800BB61FB695B00032202FA03F3DB43BA6954
:104138001340BB613B689A68FB695B0002FA03F3B2
:10414800BA691343BB617B68BA69DA603B685B682C
:1041580003F00303022B23D1FB69DA087B680832DA
:1041680053F82230BB61FB6903F007039B000F2261
:1041780002FA03F3DB43BA691340BB613B681A696F
:10418800FB6903F007039B0002FA03F3BA691343C0
:10419800BB61FB69DA087B680832B96943F8221009
:1041A8007B681B68BB61FB695B00032202FA03F3AF
:1041B800DB43BA691340BB613B685B6803F00302E9
:1041C800FB695B0002FA03F3BA691343BB617B68BE
:1041D800BA691A603B685B6803F44033002B00F04F
:1041E800B4800023FB60604B5B6C5F4A43F4804300
:1041F80053645D4B5B6C03F48043FB60FB685B4A74
:10420800FB699B08023352F82330BB61FB6903F05A
:1042180003039B000F2202FA03F3DB43BA6913403E
:10422800BB617B68524A93422BD07B68514A9342C8
:1042380025D07B68504A93421FD07B684F4A9342EF
:1042480019D07B684E4A934213D07B684D4A9342FB
:104258000DD07B684C4A934207D07B684B4A934207
:1042680001D107230EE008230CE006230AE005230A
:1042780008E0042306E0032304E0022302E001230C
:1042880000E00023FA6902F0030292009340BA6941
:104298001343BB613549FB699B080233BA6941F88E
:1042A80023203B4B9B68BB613B69DB43BA691340E6
:1042B800BB613B685B6803F48013002B03D0BA69C9
:1042C8003B691343BB61324ABB699360304BDB687F
:1042D800BB613B69DB43BA691340BB613B685B6800
:1042E80003F40013002B03D0BA693B691343BB6185
:1042F800274ABB69D360264B5B68BB613B69DB43DC
:10430800BA691340BB613B685B6803F40033002B58
:1043180003D0BA693B691343BB611D4ABB6953604B
:104328001B4B1B68BB613B69DB43BA691340BB612C
:104338003B685B6803F48033002B03D0BA693B69A0
:104348001343BB61124ABB691360FB690133FB610C
:10435800FB690F2B7FF690AE00BF00BF2437BD4628
:104368005DF8047B704700BF003802400038014008
:10437800000002400004024000080240000C024015
:10438800001002400014024000180240001C0240C5
:10439800003C014080B483B000AF78600B467B805E
:1043A80013467B707B78002B03D07A887B689A61F0
:1043B80003E07B881A047B689A6100BF0C37BD460E
:1043C8005DF8047B704780B485B000AF78600B4619
:1043D8007B807B685B69FB607A88FB6813401A0402
:1043E800FB68D9437B880B401A437B689A6100BFFE
:1043F8001437BD465DF8047B7047000080B586B071
:1044080000AF78607B68002B01D1012367E27B68ED
:104418001B6803F00103002B75D0884B9B6803F0E1
:104428000C03042B0CD0854B9B6803F00C03082B62
:1044380012D1824B5B6803F48003B3F5800F0BD174
:104448007E4B1B6803F40033002B5BD07B685B68F2
:10445800002B57D1012342E27B685B68B3F5803FAC
:1044680006D1764B1B68754A43F4803313601DE010
:104478007B685B68B3F5A02F0CD1704B1B686F4A43
:1044880043F4802313606D4B1B686C4A43F48033FC
:1044980013600BE0694B1B68684A23F48033136090
:1044A800664B1B68654A23F4802313607B685B684E
:1044B800002B13D0FFF790FC386108E0FFF78CFC65
:1044C80002463B69D31A642B01D9032307E25B4BED
:1044D8001B6803F40033002BF0D014E0FFF77CFCDA
:1044E800386108E0FFF778FC02463B69D31A642B71
:1044F80001D90323F3E1514B1B6803F40033002B6C
:10450800F0D100E000BF7B681B6803F00203002BBA
:1045180063D04A4B9B6803F00C03002B0BD0474B2E
:104528009B6803F00C03082B1CD1444B5B6803F415
:104538008003002B16D1414B1B6803F00203002BAC
:1045480005D07B68DB68012B01D00123C7E13B4B19
:104558001B6823F0F8027B681B69DB0037491343AB
:104568000B603AE07B68DB68002B20D0344B0122DB
:104578001A60FFF731FC386108E0FFF72DFC0246AE
:104588003B69D31A022B01D90323A8E12B4B1B68E3
:1045980003F00203002BF0D0284B1B6823F0F8022D
:1045A8007B681B69DB00254913430B6015E0244B2E
:1045B80000221A60FFF710FC386108E0FFF70CFCD6
:1045C80002463B69D31A022B01D9032387E11B4B0F
:1045D8001B6803F00203002BF0D17B681B6803F013
:1045E8000803002B36D07B685B69002B16D0154B6F
:1045F80001221A60FFF7F0FB386108E0FFF7ECFBD7
:1046080002463B69D31A022B01D9032367E10B4BFE
:104618005B6F03F00203002BF0D01BE0094B002274
:104628001A60FFF7D9FB38610EE0FFF7D5FB0246A9
:104638003B69D31A022B07D9032350E10038024003
:1046480000004742800E4742884B5B6F03F002032D
:10465800002BEAD17B681B6803F00403002B00F0F1
:1046680097800023FB75814B1B6C03F08053002B54
:104678000FD10023BB607D4B1B6C7C4A43F08053F9
:1046880013647A4B1B6C03F08053BB60BB68012337
:10469800FB75774B1B6803F48073002B18D1744BA0
:1046A8001B68734A43F480731360FFF795FB386106
:1046B80008E0FFF791FB02463B69D31A022B01D9A8
:1046C80003230CE16A4B1B6803F48073002BF0D0C2
:1046D8007B689B68012B06D1644B1B6F634A43F0D0
:1046E800010313671CE07B689B68052B0CD15F4BAB
:1046F8001B6F5E4A43F0040313675C4B1B6F5B4AF6
:1047080043F0010313670BE0584B1B6F574A23F024
:1047180001031367554B1B6F544A23F004031367B7
:104728007B689B68002B15D0FFF756FB38610AE0C1
:10473800FFF752FB02463B69D31A41F28832934293
:1047480001D90323CBE0494B1B6F03F00203002B75
:10475800EED014E0FFF740FB38610AE0FFF73CFBBE
:1047680002463B69D31A41F28832934201D90323A6
:10477800B5E03E4B1B6F03F00203002BEED1FB7D2F
:10478800012B05D1394B1B6C384A23F08053136435
:104798007B689B69002B00F0A180344B9B6803F079
:1047A8000C03082B5CD07B689B69022B41D1314BF1
:1047B80000221A60FFF710FB386108E0FFF70CFBD6
:1047C80002463B69D31A022B01D9032387E0274B02
:1047D8001B6803F00073002BF0D17B68DA697B68F3
:1047E8001B6A1A437B685B6A9B011A437B689B6A56
:1047F8005B08013B1B041A437B68DB6A1B061B49E9
:1048080013434B601B4B01221A60FFF7E5FA38612E
:1048180008E0FFF7E1FA02463B69D31A022B01D9F7
:1048280003235CE0114B1B6803F00073002BF0D0EE
:1048380054E0104B00221A60FFF7CEFA386108E006
:10484800FFF7CAFA02463B69D31A022B01D90323A0
:1048580045E0064B1B6803F00073002BF0D13DE0E8
:104868007B689B69012B07D1012338E0003802409F
:1048780000700040600047421B4B5B68FB607B6830
:104888009B69012B28D0FB6803F480027B68DB69F5
:104898009A4221D1FB6803F03F027B681B6A9A4267
:1048A8001AD1FA6847F6C07313407A68526A9201BF
:1048B800934211D1FB6803F440327B689B6A5B0822
:1048C800013B1B049A4207D1FB6803F070627B68C6
:1048D800DB6A1B069A4201D0012300E00023184638
:1048E8001837BD4680BD00BF0038024080B584B08F
:1048F80000AF786039607B68002B01D10123CCE0E0
:10490800684B1B6803F007033A689A420CD9654B59
:104918003A68D2B21A70634B1B6803F007033A680F
:104928009A4201D00123B8E07B681B6803F00203B8
:10493800002B20D07B681B6803F00403002B05D0F4
:10494800594B9B68584A43F4E05393607B681B6853
:1049580003F00803002B05D0534B9B68524A43F4DD
:1049680060439360504B9B6823F0F0027B689B6820
:104978004D4913438B607B681B6803F00103002BD0
:1049880044D07B685B68012B07D1474B1B6803F455
:104998000033002B19D101237FE07B685B68022B71
:1049A80003D07B685B68032B07D13F4B1B6803F080
:1049B8000073002B09D101236FE03B4B1B6803F008
:1049C8000203002B01D1012367E0374B9B6823F0DA
:1049D80003027B685B68344913438B60FFF7FCF97B
:1049E800F8600AE0FFF7F8F90246FB68D31A41F2CB
:1049F8008832934201D903234FE02B4B9B6803F085
:104A08000C027B685B689B009A42EBD1254B1B68C4
:104A180003F007033A689A420CD2224B3A68D2B2A2
:104A28001A70204B1B6803F007033A689A4201D0BA
:104A3800012332E07B681B6803F00403002B08D0D5
:104A4800194B9B6823F4E0527B68DB6816491343D3
:104A58008B607B681B6803F00803002B09D0124B9E
:104A68009B6823F460427B681B69DB000E49134393
:104A78008B6000F021F802460B4B9B681B0903F082
:104A88000F030A49CB5C22FA03F3094A1360094B66
:104A98001B681846FFF75CF9002318461037BD4617
:104AA80080BD00BF003C0240003802407C6403081F
:104AB80024000020280000202DE9B04F94B000AF5A
:104AC80000237B640023FB6400233B640023BB6456
:104AD800794B9B6803F00C03082B0DD0082B00F2D0
:104AE800E180002B02D0042B03D0DBE0734BBB64C6
:104AF800DBE0734BBB64D8E06F4B5B6803F03F03AC
:104B08007B646D4B5B6803F48003002B63D06A4BB6
:104B18005B689B090022BB63FA63BB6BC3F30803A2
:104B28003B6300237B63D7E90C4522462B464FF0B5
:104B380000004FF00001590141EAD26150010246DC
:104B48000B462146511A3961294663EB01037B6103
:104B58004FF000024FF00003D7E904AB59468B0130
:104B6800514643EA916351468A015146B2EB010826
:104B7800594663EB01094FF000024FF000034FEA7A
:104B8800C90343EA58734FEAC80290469946234638
:104B980018EB0303BB602B4649EB0303FB604FF0A4
:104BA80000024FF00003D7E9024529464B0221468F
:104BB80043EAD15321464A02104619467B6C00222B
:104BC800BB62FA62D7E90A23FBF702FB02460B46EF
:104BD8001346FB6458E0384B5B689B090022184673
:104BE8001146C0F308033B6200237B62D7E90889BA
:104BF80042464B464FF000004FF00001590141EA90
:104C0800D261500102460B464146B2EB010A4946C1
:104C180063EB010B4FF000024FF000034FEA8B13D8
:104C280043EA9A634FEA8A12B2EB0A0463EB0B0574
:104C38004FF000024FF00003EB0043EA5473E20028
:104C480014461D464346E3183B604B4645EB0303B9
:104C58007B604FF000024FF00003D7E9004529467A
:104C68008B02214643EA915321468A02104619468F
:104C78007B6C0022BB61FA61D7E90623FBF7A8FA2F
:104C880002460B461346FB640B4B5B681B0C03F098
:104C9800030301335B003B64FA6C3B6CB2FBF3F338
:104CA800BB6402E0054BBB6400BFBB6C18465037C1
:104CB800BD46BDE8B08F00BF003802400024F400B4
:104CC80000127A0080B582B000AF78607B68002B54
:104CD80001D101237BE07B685B6A002B08D17B68EC
:104CE8005B68B3F5827F09D07B680022DA6105E052
:104CF8007B6800221A617B6800225A617B68002267
:104D08009A627B6893F85130DBB2002B06D17B683E
:104D1800002283F850207868FEF7A4FD7B68022201
:104D280083F851207B681B681A687B681B6822F02F
:104D380040021A607B685B6803F482727B689B6838
:104D480003F404431A437B68DB6803F400631A43E3
:104D58007B681B6903F002031A437B685B6903F0F5
:104D680001031A437B689B6903F400731A437B6849
:104D7800DB6903F038031A437B681B6A03F080037E
:104D880042EA03017B689B6A03F400527B681B6854
:104D98000A431A607B689B691B0C03F004017B685B
:104DA8005B6A03F010027B681B680A435A607B68E1
:104DB8001B68DA697B681B6822F40062DA617B6829
:104DC80000225A657B68012283F851200023184687
:104DD8000837BD4680BD80B588B000AFF860B960BF
:104DE8003B601346FB80FEF7F7FFF861FB887B8387
:104DF800FB6893F85130DBB2012B01D002232AE182
:104E0800BB68002B02D0FB88002B01D1012322E1D3
:104E1800FB6893F85030012B01D102231BE1FB689A
:104E2800012283F85020FB68032283F85120FB6895
:104E380000225A65FB68BA681A63FB68FA889A8682
:104E4800FB68FA88DA86FB6800229A63FB6800220E
:104E58009A87FB680022DA87FB6800225A64FB689D
:104E680000221A64FB689B68B3F5004F0FD1FB68FA
:104E78001B681A68FB681B6822F040021A60FB680E
:104E88001B681A68FB681B6842F480421A60FB685A
:104E98001B681B6803F04003402B07D0FB681B68A6
:104EA8001A68FB681B6842F040021A60FB68DB68FE
:104EB800B3F5006F52D1FB685B68002B02D07B8B87
:104EC800012B45D1FB681B6B1A88FB681B68DA60ED
:104ED800FB681B6B9A1CFB681A63FB68DB8E9BB232
:104EE800013B9AB2FB68DA8632E0FB681B689B6874
:104EF80003F00203022B12D1FB681B6B1A88FB68B4
:104F08001B68DA60FB681B6B9A1CFB681A63FB68FA
:104F1800DB8E9BB2013B9AB2FB68DA8618E0FEF79B
:104F28005BFF0246FB69D31A3A689A4203D83B688A
:104F3800B3F1FF3F02D13B68002B09D1FB68012286
:104F480083F85120FB68002283F85020032382E075
:104F5800FB68DB8E9BB2002BC7D153E0FB685B6814
:104F6800002B02D07B8B012B47D1FB681A6BFB68A7
:104F78001B680C3312781A70FB681B6B5A1CFB6891
:104F88001A63FB68DB8E9BB2013B9AB2FB68DA8638
:104F980033E0FB681B689B6803F00203022B13D104
:104FA800FB681A6BFB681B680C3312781A70FB6875
:104FB8001B6B5A1CFB681A63FB68DB8E9BB2013BB8
:104FC8009AB2FB68DA8618E0FEF706FF0246FB692C
:104FD800D31A3A689A4203D83B68B3F1FF3F02D12B
:104FE8003B68002B09D1FB68012283F85120FB683C
:104FF800002283F8502003232DE0FB68DB8E9BB250
:10500800002BC6D1FA693968F86800F0D9FB034665
:10501800002B02D0FB6820225A65FB689B68002B96
:105028000AD100237B61FB681B68DB687B61FB6836
:105038001B689B687B617B69FB68012283F85120B0
:10504800FB68002283F85020FB685B6D002B01D0C1
:10505800012300E0002318462037BD4680BD80B5F7
:1050680088B002AFF860B9603B601346FB80FB680C
:1050780093F85130DBB2012B01D0022304E1BB6865
:10508800002B02D0FB88002B01D10123FCE0FB6838
:105098005B68B3F5827F12D1FB689B68002B0ED149
:1050A800FB68042283F85120FA883B680093134672
:1050B800BA68B968F86800F0EBF80346E4E0FEF770
:1050C8008BFE7861FB6893F85030012B01D10223E5
:1050D800DAE0FB68012283F85020FB68042283F899
:1050E8005120FB6800225A65FB68BA689A63FB681E
:1050F800FA889A87FB68FA88DA87FB6800221A63BD
:10510800FB6800229A86FB680022DA86FB68002288
:105118001A64FB6800225A64FB689B68B3F5004F69
:105128000FD1FB681B681A68FB681B6822F04002F5
:105138001A60FB681B681A68FB681B6822F48042C7
:105148001A60FB681B681B6803F04003402B07D0FC
:10515800FB681B681A68FB681B6842F040021A600B
:10516800FB68DB68002B70D135E0FB681B689B6827
:1051780003F00103012B15D1FB681B6803F10C0236
:10518800FB689B6B1278D2B21A70FB689B6B5A1C37
:10519800FB689A63FB68DB8F9BB2013B9AB2FB68A2
:1051A800DA8718E0FEF718FE02467B69D31A3A68D8
:1051B8009A4203D83B68B3F1FF3F02D13B68002B0A
:1051C80009D1FB68012283F85120FB68002283F88B
:1051D8005020032358E0FB68DB8F9BB2002BC4D11F
:1051E80038E0FB681B689B6803F00103012B13D1AF
:1051F800FB681B68DA68FB689B6B92B21A80FB68D5
:105208009B6B9A1CFB689A63FB68DB8F9BB2013B24
:105218009AB2FB68DA8718E0FEF7DEFD02467B6982
:10522800D31A3A689A4203D83B68B3F1FF3F02D1D8
:105238003B68002B09D1FB68012283F85120FB68E9
:10524800002283F8502003231EE0FB68DB8F9BB20B
:10525800002BC6D17A693968F86800F04BFA034622
:10526800002B02D0FB6820225A65FB68012283F8D4
:105278005120FB68002283F85020FB685B6D002BEF
:1052880001D0012300E0002318461837BD4680BD31
:1052980080B58AB000AFF860B9607A607B8001237E
:1052A8007B62FEF799FD3862FB6893F85130FB7713
:1052B800FB685B68BB617B88FB82FB7F012B0CD0A2
:1052C800BB69B3F5827F06D1FB689B68002B02D1CE
:1052D800FB7F042B01D002237FE1BB68002B05D0A4
:1052E8007B68002B02D07B88002B01D1012374E15D
:1052F800FB6893F85030012B01D102236DE1FB6864
:10530800012283F85020FB6893F85130DBB2042B5C
:1053180003D0FB68052283F85120FB6800225A65F8
:10532800FB687A689A63FB687A88DA87FB687A8808
:105338009A87FB68BA681A63FB687A88DA86FB681A
:105348007A889A86FB6800221A64FB6800225A64ED
:10535800FB681B681B6803F04003402B07D0FB6801
:105368001B681A68FB681B6842F040021A60FB68F9
:10537800DB68B3F5006F7ED1FB685B68002B02D059
:10538800FB8A012B6CD1FB681B6B1A88FB681B68B6
:10539800DA60FB681B6B9A1CFB681A63FB68DB8E80
:1053A8009BB2013B9AB2FB68DA8659E0FB681B683E
:1053B8009B6803F00203022B1BD1FB68DB8E9BB2B8
:1053C800002B16D07B6A012B13D1FB681B6B1A8844
:1053D800FB681B68DA60FB681B6B9A1CFB681A6326
:1053E800FB68DB8E9BB2013B9AB2FB68DA8600232E
:1053F8007B62FB681B689B6803F00103012B19D1D2
:10540800FB68DB8F9BB2002B14D0FB681B68DA6843
:10541800FB689B6B92B21A80FB689B6B9A1CFB68BB
:105428009A63FB68DB8F9BB2013B9AB2FB68DA8711
:1054380001237B62FEF7D0FC02463B6AD31A3A6B23
:105448009A420DD83B6BB3F1FF3F09D0FB680122AC
:1054580083F85120FB68002283F850200323BCE026
:10546800FB68DB8E9BB2002BA0D1FB68DB8F9BB265
:10547800002B9BD182E0FB685B68002B02D0FB8A83
:10548800012B71D1FB681A6BFB681B680C3312780F
:105498001A70FB681B6B5A1CFB681A63FB68DB8E6F
:1054A8009BB2013B9AB2FB68DA865DE0FB681B6839
:1054B8009B6803F00203022B1CD1FB68DB8E9BB2B6
:1054C800002B17D07B6A012B14D1FB681A6BFB6881
:1054D8001B680C3312781A70FB681B6B5A1CFB682C
:1054E8001A63FB68DB8E9BB2013B9AB2FB68DA86D3
:1054F80000237B62FB681B689B6803F00103012B98
:1055080019D1FB68DB8F9BB2002B14D0FB681B689A
:10551800DA68FB689B6BD2B21A70FB689B6B5A1CEB
:10552800FB689A63FB68DB8F9BB2013B9AB2FB680E
:10553800DA8701237B62FEF74FFC02463B6AD31AE7
:105548003A6B9A4203D83B6BB3F1FF3F02D13B6BF6
:10555800002B09D1FB68012283F85120FB68002247
:1055680083F85020032338E0FB68DB8E9BB2002BC6
:105578009CD1FB68DB8F9BB2002B97D13A6A396BC1
:10558800F86800F01DF90346002B08D0FB682022BC
:105598005A65FB68002283F8502001231DE0FB6850
:1055A8009B68002B0AD100233B61FB681B68DB6802
:1055B8003B61FB681B689B683B613B69FB68012298
:1055C80083F85120FB68002283F85020FB685B6D4C
:1055D800002B01D0012300E0002318462837BD46E0
:1055E80080BD000080B588B000AFF860B9603B604E
:1055F8001346FB71FEF7F0FB0246BB6A9B1A3A683A
:105608001344FB61FEF7E8FBB861394B1B685B018B
:105618001B0DFA6902FB03F37B6155E03B68B3F1AC
:10562800FF3F51D0FEF7D8FB0246BB69D31AFA698F
:105638009A4202D9FB69002B3DD1FB681B685A6866
:10564800FB681B6822F0E0025A60FB685B68B3F5F0
:10565800827F11D1FB689B68B3F5004F04D0FB68CB
:105668009B68B3F5806F07D1FB681B681A68FB68F5
:105678001B6822F040021A60FB689B6AB3F5005F62
:105688000FD1FB681B681A68FB681B6822F400527C
:105698001A60FB681B681A68FB681B6842F40052B2
:1056A8001A60FB68012283F85120FB68002283F806
:1056B8005020032318E07B69002B02D10023FB61F3
:1056C80002E07B69013B7B61FB681B689A68BB68E9
:1056D8001340BA689A420CBF01230023DBB21A4672
:1056E800FB799A429AD1002318462037BD4680BDDF
:1056F8002400002080B586B002AFF860B9607A60F7
:10570800FB685B68B3F5827F11D1FB689B68B3F5D2
:10571800004F04D0FB689B68B3F5806F07D1FB6826
:105728001B681A68FB681B6822F040021A60FB6855
:105738005B68B3F5827F2AD1FB689B68B3F5806FFD
:1057480012D07B680093BB6800228021F868FFF7BD
:1057580049FF0346002B2DD0FB685B6D43F0200208
:10576800FB685A65032326E07B680093BB68002228
:105778000121F868FFF736FF0346002B1AD0FB68B3
:105788005B6D43F02002FB685A65032313E07B68D6
:105798000093BB6800220121F868FFF723FF034646
:1057A800002B07D0FB685B6D43F02002FB685A654D
:1057B800032300E0002318461037BD4680BD0000D3
:1057C80080B588B002AFF860B9607A607B680093F2
:1057D800BB6801220221F868FFF704FF0346002B8B
:1057E80007D0FB685B6D43F02002FB685A65032312
:1057F80032E01B4B1B681B4AA2FB03235B0D4FF4D3
:105808007A7202FB03F37B61FB685B68B3F5827F06
:1058180012D17B680093BB6800228021F868FFF7EB
:10582800E1FE0346002B16D0FB685B6D43F02002B7
:10583800FB685A6503230FE07B69002B0AD07B695C
:10584800013B7B61FB681B689B6803F08003802B2E
:10585800F2D000E000BF002318461837BD4680BDCF
:1058680024000020819F5E1680B584B000AFF860E8
:10587800B9607A60FB68002B01D1012338E0FB682E
:1058880093F84930DBB2002B06D1FB68002283F87D
:105898004820F868FCF7ACFFFB681A68FB68083317
:1058A8001946104601F0C2F8FB681868FB689B6847
:1058B8001A46B96801F024F9FB685868FB689A68C9
:1058C800FB681B6B796801F049F9FB681B68FA688B
:1058D800926853F82210FB681B68FA68926841F0D6
:1058E800010143F82210FB68012283F849200023B4
:1058F80018461037BD4680BD80B582B000AF7860CD
:105908007B68002B01D1012341E07B6893F83D308F
:10591800DBB2002B06D17B68002283F83C20786834
:10592800FEF758F97B68022283F83D207B681A68E5
:105938007B6804331946104600F0D2FC7B680122CC
:1059480083F846207B68012283F83E207B68012289
:1059580083F83F207B68012283F840207B6801227E
:1059680083F841207B68012283F842207B6801226A
:1059780083F843207B68012283F844207B68012256
:1059880083F845207B68012283F83D2000231846D0
:105998000837BD4680BD000080B485B000AF786090
:1059A8007B6893F83D30DBB2012B01D001234EE038
:1059B8007B68022283F83D207B681B68DA687B6875
:1059C8001B6842F00102DA607B681B68234A934235
:1059D80022D07B681B68B3F1804F1DD07B681B68A1
:1059E8001F4A934218D07B681B681E4A934213D003
:1059F8007B681B681C4A93420ED07B681B681B4A55
:105A0800934209D07B681B68194A934204D07B688B
:105A18001B68184A934211D17B681B689B6803F086
:105A28000703FB60FB68062B10D07B681B681A68AD
:105A38007B681B6842F001021A6007E07B681B68FC
:105A48001A687B681B6842F001021A600023184636
:105A58001437BD465DF8047B704700BF0000014065
:105A68000004004000080040000C00400004014011
:105A7800004001400018004080B582B000AF786057
:105A88007B68002B01D1012341E07B6893F83D300E
:105A9800DBB2002B06D17B68002283F83C207868B3
:105AA80000F039F87B68022283F83D207B681A6889
:105AB8007B6804331946104600F012FC7B6801220B
:105AC80083F846207B68012283F83E207B68012208
:105AD80083F83F207B68012283F840207B680122FD
:105AE80083F841207B68012283F842207B680122E9
:105AF80083F843207B68012283F844207B680122D5
:105B080083F845207B68012283F83D20002318464E
:105B18000837BD4680BD80B483B000AF786000BF51
:105B28000C37BD465DF8047B7047000080B584B033
:105B380000AF786039603B68002B09D17B6893F827
:105B48003E30DBB2012B14BF01230023DBB222E07D
:105B58003B68042B09D17B6893F83F30DBB2012BFB
:105B680014BF01230023DBB215E03B68082B09D1E1
:105B78007B6893F84030DBB2012B14BF012300236C
:105B8800DBB208E07B6893F84130DBB2012B14BF2D
:105B980001230023DBB2002B01D001237CE03B680A
:105BA800002B04D17B68022283F83E2013E03B6877
:105BB800042B04D17B68022283F83F200BE03B686A
:105BC800082B04D17B68022283F8402003E07B681D
:105BD800022283F841207B681B6801223968184635
:105BE80000F06EFE7B681B682D4A934204D07B68E8
:105BF8001B682C4A934201D1012300E00023002BAB
:105C080007D07B681B685A6C7B681B6842F40042AB
:105C18005A647B681B68224A934222D07B681B68BF
:105C2800B3F1804F1DD07B681B681F4A934218D080
:105C38007B681B681D4A934213D07B681B681C4A0B
:105C480093420ED07B681B68164A934209D07B6842
:105C58001B68184A934204D07B681B68164A934213
:105C680011D17B681B689B6803F00703FB60FB6826
:105C7800062B10D07B681B681A687B681B6842F08B
:105C880001021A6007E07B681B681A687B681B685A
:105C980042F001021A60002318461037BD4680BD45
:105CA80000000140000401400004004000080040DA
:105CB800000C0040004001400018004080B582B050
:105CC80000AF786039607B681B6800223968184625
:105CD80000F0F6FD7B681B682E4A934204D07B686F
:105CE8001B682D4A934201D1012300E00023002BB9
:105CF80017D07B681B681A6A41F211131340002BF6
:105D08000FD17B681B681A6A40F244431340002B8A
:105D180007D17B681B685A6C7B681B6822F40042B9
:105D28005A647B681B681A6A41F211131340002BEE
:105D38000FD17B681B681A6A40F244431340002B5A
:105D480007D17B681B681A687B681B6822F0010210
:105D58001A603B68002B04D17B68012283F83E203F
:105D680013E03B68042B04D17B68012283F83F20B1
:105D78000BE03B68082B04D17B68012283F84020A4
:105D880003E07B68012283F8412000231846083786
:105D9800BD4680BD000001400004014080B584B0CC
:105DA80000AF78607B681B68DB68FB607B681B68FA
:105DB8001B69BB60BB6803F00203002B20D0FB68A3
:105DC80003F00203002B1BD07B681B686FF00202F4
:105DD8001A617B6801221A777B681B689B6903F04C
:105DE8000303002B03D0786800F05BFA05E07868BD
:105DF80000F04DFA786800F05EFA7B6800221A77A6
:105E0800BB6803F00403002B20D0FB6803F00403F5
:105E1800002B1BD07B681B686FF004021A617B683B
:105E280002221A777B681B689B6903F44073002B76
:105E380003D0786800F035FA05E0786800F027FAB2
:105E4800786800F038FA7B6800221A77BB6803F09C
:105E58000803002B20D0FB6803F00803002B1BD09D
:105E68007B681B686FF008021A617B6804221A7746
:105E78007B681B68DB6903F00303002B03D0786899
:105E880000F00FFA05E0786800F001FA786800F091
:105E980012FA7B6800221A77BB6803F01003002B04
:105EA80020D0FB6803F01003002B1BD07B681B6815
:105EB8006FF010021A617B6808221A777B681B68EA
:105EC800DB6903F44073002B03D0786800F0E9F92C
:105ED80005E0786800F0DBF9786800F0ECF97B6899
:105EE80000221A77BB6803F00103002B0CD0FB6873
:105EF80003F00103002B07D07B681B686FF00102D9
:105F08001A617868FDF7ECFBBB6803F08003002B8F
:105F18000CD0FB6803F08003002B07D07B681B685C
:105F28006FF080021A61786800F076FDBB6803F0B4
:105F38004003002B0CD0FB6803F04003002B07D074
:105F48007B681B686FF040021A61786800F0BDF941
:105F5800BB6803F02003002B0CD0FB6803F0200380
:105F6800002B07D07B681B686FF020021A617868E5
:105F780000F048FD00BF1037BD4680BD80B586B033
:105F880000AFF860B9607A600023FB75FB6893F88E
:105F98003C30012B01D10223AEE0FB68012283F8DB
:105FA8003C207B680C2B00F29F8001A252F823F062
:105FB800ED5F0008F1600008F1600008F16000087A
:105FC8002D600008F1600008F1600008F160000829
:105FD8006F600008F1600008F1600008F1600008D7
:105FE800AF600008FB681B68B968184600F01EFA25
:105FF800FB681B689A69FB681B6842F008029A6193
:10600800FB681B689A69FB681B6822F004029A61A6
:10601800FB681B689969BB681A69FB681B680A43B7
:106028009A6164E0FB681B68B968184600F06EFA6C
:10603800FB681B689A69FB681B6842F400629A61F6
:10604800FB681B689A69FB681B6822F480629A6186
:10605800FB681B689969BB681B691A02FB681B68A7
:106068000A439A6143E0FB681B68B968184600F068
:10607800C3FAFB681B68DA69FB681B6842F0080210
:10608800DA61FB681B68DA69FB681B6822F00402A6
:10609800DA61FB681B68D969BB681A69FB681B6809
:1060A8000A43DA6123E0FB681B68B968184600F008
:1060B80017FBFB681B68DA69FB681B6842F400621F
:1060C800DA61FB681B68DA69FB681B6822F4806286
:1060D800DA61FB681B68D969BB681B691A02FB682F
:1060E8001B680A43DA6102E00123FB7500BFFB6805
:1060F800002283F83C20FB7D18461837BD4680BD3A
:1061080080B584B000AF786039600023FB737B688A
:1061180093F83C30012B01D10223B4E07B680122C3
:1061280083F83C207B68022283F83D207B681B684B
:106138009B68BB60BB6823F07703BB60BB6823F434
:106148007F43BB607B681B68BA689A603B681B68C2
:10615800B3F5005F3ED0B3F5005F00F28780B3F57A
:10616800805F00F08680B3F5805F7FD8702B1AD0EF
:10617800702B7BD8602B50D0602B77D8502B3CD01D
:10618800502B73D8402B58D0402B6FD8302B64D06D
:10619800302B6BD8202B60D0202B67D8002B5CD0FD
:1061A800102B5AD062E07B6818683B6899683B6896
:1061B8005A683B68DB6800F063FB7B681B689B6878
:1061C800BB60BB6843F07703BB607B681B68BA6839
:1061D8009A604FE07B6818683B6899683B685A6822
:1061E8003B68DB6800F04CFB7B681B689A687B683F
:1061F8001B6842F480429A603CE07B6818683B6800
:1062080059683B68DB681A4600F0C0FA7B681B686F
:106218005021184600F019FB2CE07B6818683B6891
:1062280059683B68DB681A4600F0DFFA7B681B6830
:106238006021184600F009FB1CE07B6818683B6881
:1062480059683B68DB681A4600F0A0FA7B681B684F
:106258004021184600F0F9FA0CE07B681A683B68A0
:106268001B681946104600F0F0FA03E00123FB739F
:1062780000E000BF7B68012283F83D207B68002294
:1062880083F83C20FB7B18461037BD4680BD80B4A0
:1062980083B000AF786000BF0C37BD465DF8047B63
:1062A800704780B483B000AF786000BF0C37BD463C
:1062B8005DF8047B704780B483B000AF786000BF9E
:1062C8000C37BD465DF8047B704780B483B000AFDF
:1062D800786000BF0C37BD465DF8047B704700004E
:1062E80080B485B000AF786039607B681B68FB605C
:1062F8007B68434A934213D07B68B3F1804F0FD039
:106308007B68404A93420BD07B683F4A934207D050
:106318007B683E4A934203D07B683D4A934208D14A
:10632800FB6823F07003FB603B685B68FA68134303
:10633800FB607B68324A93422BD07B68B3F1804F75
:1063480027D07B682F4A934223D07B682E4A9342FA
:106358001FD07B682D4A93421BD07B682C4A9342FE
:1063680017D07B682B4A934213D07B682A4A934202
:106378000FD07B68294A93420BD07B68284A934206
:1063880007D07B68274A934203D07B68264A93420A
:1063980008D1FB6823F44073FB603B68DB68FA684C
:1063A8001343FB60FB6823F080023B685B6913437F
:1063B800FB603B689A687B68DA623B681A687B68AE
:1063C8009A627B680E4A934203D07B68104A9342D4
:1063D80003D13B681A697B681A637B681B6843F0C2
:1063E80004027B681A607B6801225A617B68FA683C
:1063F8001A6000BF1437BD465DF8047B704700BFC4
:10640800000001400004004000080040000C00406B
:1064180000040140004001400044014000480140A0
:1064280000180040001C00400020004080B487B0E5
:1064380000AF786039607B681B6A7B617B681B6A88
:1064480023F001027B681A627B685B683B617B68AA
:106458009B69FB60FB6823F07003FB60FB6823F01B
:106468000303FB603B681B68FA681343FB607B69A6
:1064780023F002037B613B689B687A6913437B6165
:106488007B68204A934203D07B681F4A93420CD111
:106498007B6923F008037B613B68DB687A691343F7
:1064A8007B617B6923F004037B617B68154A934217
:1064B80003D07B68144A934211D13B6923F480735B
:1064C8003B613B6923F400733B613B685B693A6954
:1064D80013433B613B689B693A6913433B617B68A3
:1064E8003A695A607B68FA689A613B685A687B68BF
:1064F8005A637B687A691A6200BF1C37BD465DF82B
:10650800047B7047000001400004014080B487B05C
:1065180000AF786039607B681B6A7B617B681B6AA7
:1065280023F010027B681A627B685B683B617B68BA
:106538009B69FB60FB6823F4E043FB60FB6823F482
:106548004073FB603B681B681B02FA681343FB60DF
:106558007B6923F020037B613B689B681B017A6998
:1065680013437B617B68224A934203D07B68214AAC
:1065780093420DD17B6923F080037B613B68DB6824
:106588001B017A6913437B617B6923F040037B61BC
:106598007B68174A934203D07B68164A934213D10B
:1065A8003B6923F480633B613B6923F400633B61EF
:1065B8003B685B699B003A6913433B613B689B6995
:1065C8009B003A6913433B617B683A695A607B6870
:1065D800FA689A613B685A687B689A637B687A694B
:1065E8001A6200BF1C37BD465DF8047B704700BFC8
:1065F800000001400004014080B487B000AF78601B
:1066080039607B681B6A7B617B681B6A23F4807234
:106618007B681A627B685B683B617B68DB69FB604F
:10662800FB6823F07003FB60FB6823F00303FB6047
:106638003B681B68FA681343FB607B6923F40073AB
:106648007B613B689B681B027A6913437B617B68AB
:10665800214A934203D07B68204A93420DD17B693B
:1066680023F400637B613B68DB681B027A69134390
:106678007B617B6923F480637B617B68164A934264
:1066880003D07B68154A934213D13B6923F48053A6
:106698003B613B6923F400533B613B685B691B0129
:1066A8003A6913433B613B689B691B013A69134391
:1066B8003B617B683A695A607B68FA68DA613B68D3
:1066C8005A687B68DA637B687A691A6200BF1C378C
:1066D800BD465DF8047B704700000140000401409E
:1066E80080B487B000AF786039607B681B6A3B6113
:1066F8007B681B6A23F480527B681A627B685B683C
:106708007B617B68DB69FB60FB6823F4E043FB602B
:10671800FB6823F44073FB603B681B681B02FA6844
:106728001343FB603B6923F400533B613B689B6860
:106738001B033A6913433B617B68124A934203D0B7
:106748007B68114A934209D17B6923F480437B61BA
:106758003B685B699B017A6913437B617B687A6953
:106768005A607B68FA68DA613B685A687B681A6421
:106778007B683A691A6200BF1C37BD465DF8047B26
:10678800704700BF000001400004014080B487B09A
:1067980000AFF860B9607A60FB681B6A7B61FB68D0
:1067A8001B6A23F00102FB681A62FB689B693B6164
:1067B8003B6923F0F0033B617B681B013A69134393
:1067C8003B617B6923F00A037B617A69BB681343E9
:1067D8007B61FB683A699A61FB687A691A6200BF53
:1067E8001C37BD465DF8047B704780B487B000AFA6
:1067F800F860B9607A60FB681B6A7B61FB681B6A9A
:1068080023F01002FB681A62FB689B693B613B69D5
:1068180023F470433B617B681B033A6913433B6174
:106828007B6923F0A0037B61BB681B017A69134372
:106838007B61FB683A699A61FB687A691A6200BFF2
:106848001C37BD465DF8047B704780B485B000AF47
:10685800786039607B689B68FB60FB6823F0700395
:10686800FB603A68FB68134343F00703FB607B68EF
:10687800FA689A6000BF1437BD465DF8047B70471C
:1068880080B487B000AFF860B9607A603B60FB689D
:106898009B687B617B6923F47F437B613B681A02B9
:1068A8007B681A43BB6813437A6913437B61FB68AF
:1068B8007A699A6000BF1C37BD465DF8047B704753
:1068C80080B487B000AFF860B9607A60BB6803F045
:1068D8001F03012202FA03F37B61FB681A6A7B69D2
:1068E800DB431A40FB681A62FB681A6ABB6803F04C
:1068F8001F03796801FA03F31A43FB681A6200BFA1
:106908001C37BD465DF8047B7047000080B485B035
:1069180000AF786039607B6893F83C30012B01D177
:1069280002235AE07B68012283F83C207B6802221C
:1069380083F83D207B681B685B68FB607B681B688D
:106948009B68BB60FB6823F07003FB603B681B68B7
:10695800FA681343FB607B681B68FA685A607B68B7
:106968001B68214A934222D07B681B68B3F1804F91
:106978001DD07B681B681D4A934218D07B681B6832
:106988001B4A934213D07B681B681A4A93420ED065
:106998007B681B68184A934209D07B681B68174AB2
:1069A800934204D07B681B68154A93420CD1BB689C
:1069B80023F08003BB603B685B68BA681343BB6025
:1069C8007B681B68BA689A607B68012283F83D205F
:1069D8007B68002283F83C20002318461437BD4604
:1069E8005DF8047B704700BF0000014000040040D0
:1069F80000080040000C0040000401400040014035
:106A08000018004080B483B000AF786000BF0C3736
:106A1800BD465DF8047B704780B483B000AF7860F2
:106A280000BF0C37BD465DF8047B704780B487B063
:106A380000AF786039603B681A687B6853F8223089
:106A48003A68126823F001017B6843F822103B681A
:106A58009B68082B02D140237B6101E000237B6106
:106A68003B685A687B691A433B689B681A433B68D2
:106A7800DB681A433B681B691A433B685B691A4326
:106A88003B68DB691A433B681B6A1A433B685B6ACD
:106A98001A433B689B6A1A433B68DB6A1A433B68A4
:106AA8001B6B13433B613B689B693A6913433B612A
:106AB8003B68DB6B3A6913433B61104BFB60FB6837
:106AC80043F48063FB60FB6843F4E023FB603B68AE
:106AD8001A687B6853F82220FB68DB4302EA03014B
:106AE8003B681A683B6919437B6843F82210002306
:106AF80018461C37BD465DF8047B70477FFB0800CD
:106B080080B485B000AFF860B9607A60BB681A6875
:106B1800BB685B681B011A43BB689B681B021A436E
:106B2800BB68DB681B041A43BB681B69013B1B0578
:106B38001A43BB685B69023B1B0642EA0301BB6858
:106B48009B697A6801321943FB6843F822100023D5
:106B580018461437BD465DF8047B704780B485B08D
:106B680000AFF860B9607A603B603B68B3F5804F6E
:106B78001DD1FB687A6853F82220134B1340BA687A
:106B88001168BA68526812011143BA689268120211
:106B98001143BA6892691143BA68D26812040A4369
:106BA80043EA0201FB687A6843F8221005E0FB68B3
:106BB8007A686FF0704143F82210002318461437A2
:106BC800BD465DF8047B70470000F0CF02440346E1
:106BD800934200D1704703F8011BF9E770B50D4DDA
:106BE8000D4C641BA4100026A64209D10B4D0C4C79
:106BF80000F018F8641BA4100026A64205D170BD49
:106C080055F8043B98470136EEE755F8043B98479A
:106C18000136F2E794640308946403089464030853
:106C280098640308F8B500BFF8BC08BC9E467047D6
:0C6C3800F8B500BFF8BC08BC9E467047D1
:106C440049444C45000000005245434549564520FF
:106C540050415353574F5244204E554D42455200D4
:106C6400524543454956452050415353574F52448A
:106C740020434841524143544552000050524F432F
:106C840045535320414E4420434F4E54524F4C00E1
:106C9400554E4C4F434B20444F4F5200444F4F529C
:106CA400204F50454E000000444F4F5220434C4F5C
:106CB40053450000414C4552542120444F4F52202B
:106CC4004E4F5420434C4F53454400004C4F434BCC
:106CD400494E4720444F4F52000000005041535347
:106CE400574F524420434F52524543540000000032
:106CF40050415353574F524420494E434F525245EB
:106D0400435400004C4F434B454400005452592017
:106D1400414741494E204C41544552004348414E5D
:106D240047452050415353574F5244004F4C442041
:106D340050415353574F52443A0000004E45572098
:106D440050415353574F52443A000000434F4E466C
:106D540049524D3A0000000050415353574F52449A
:106D6400204348414E47454421000000544F4F20E2
:106D74004D414E5920415454454D50545321000027
:106D84004F4C442050415353574F52442057524F75
:106D94004E47210050415353574F52445320444FC0
:106DA4004E2754204D41544348210000504C454146
:106DB40053452C20454E5445522050415353574F70
:106DC40052442100504C454153452C20434F4D50D3
:106DD4004C4554452050415353574F5244210000D1
:106DE400000000000000000000000000000000009F
:106DF4000000000808080808080800001818000027
:106E040000486C2412000000000000000000000094
:106E14000000002424247F1212127F121212000098
:106E24000000081C2A2A0A0C1828282A2A1C0808E8
:106E340000000022251515152A5854545422000028
:106E44000000000C1212120A76252911916E00001E
:106E5400000606040300000000000000000000001B
:106E640000402010100808080808081010204000EE
:106E74000002040808101010101010080804020082
:106E84000000000008086B1C1C6B080800000000D0
:106E940000000000080808087F080808080000002F
:106EA40000000000000000000000000006060403CB
:106EB4000000000000000000FE00000000000000D0
:106EC40000000000000000000000000006060000B2
:106ED4000000804040202010100808040402020032
:106EE4000000001824424242424242422418000058
:106EF400000000080E08080808080808083E0000FA
:106F04000000003C4242422020100804427E00005F
:106F14000000003C4242201820404042221C000055
:106F2400000000203028242422227E202078000023
:106F34000000007E0202021A26404042221C000089
:106F4400000000382402021A26424242241800009B
:106F54000000007E2222101008080808080800001B
:106F64000000003C4242422418244242423C0000B9
:106F7400000000182442424264584040241C00008F
:106F8400000000000000181800000000181800009D
:106F940000000000000000080000000000080804D1
:106FA40000000040201008040204081020400000E3
:106FB4000000000000007F0000007F0000000000CF
:106FC4000000000204081020402010080402000001
:106FD4000000003C424246402010100018180000F7
:106FE4000000001C225A555555552D42221C000004
:106FF4000000000808181414243C224242E7000050
:107004000000001F2222221E22424242221F0000B0
:107014000000007C4242010101010142221C0000E7
:107024000000001F2242424242424242221F00000C
:107034000000003F4212121E12120242423F0000A0
:107044000000003F4212121E121202020207000048
:107054000000003C2222010101712122221C0000B7
:10706400000000E7424242427E42424242E70000C0
:107074000000003E0808080808080808083E000048
:107084000000007C10101010101010101010110FC0
:107094000000007722120A0E0A1212222277000040
:1070A400000000070202020202020202427F000004
:1070B40000000077363636362A2A2A2A2A6B000040
:1070C400000000E346464A4A5252526262470000B8
:1070D4000000001C2241414141414141221C000069
:1070E4000000003F424242423E0202020207000008
:1070F4000000001C2241414141414D53321C6000BB
:107104000000003F4242423E1212222242C70000C7
:107114000000007C4242020418204042423E00002B
:107124000000007F4908080808080808081C000037
:10713400000000E74242424242424242423C0000D6
:10714400000000E742422224241414180808000016
:107154000000006B49494949555536222222000056
:10716400000000E7422424181818242442E70000F1
:10717400000000772222141408080808081C0000E4
:107184000000007E2120101008040442423F000049
:10719400007808080808080808080808080878009B
:1071A40000000202040408080810102020204040B7
:1071B400001E1010101010101010101010101E00CF
:1071C400003844000000000000000000000000003F
:1071D400000000000000000000000000000000FFAC
:1071E400000608000000000000000000000000008D
:1071F400000000000000003C4278444242FC0000D1
:10720400000000030202021A26424242261A00002B
:10721400000000000000003844020202443800006C
:1072240000000060404040784442424264D800007C
:10723400000000000000003C427E0202423C0000CC
:10724400000000F08808087E08080808083E0000CE
:10725400000000000000007C22221C023C42423C50
:10726400000000030202023A4642424242E70000A2
:107274000000000C0C00000E08080808083E00007E
:107284000000003030000038202020202020221E62
:107294000000000302020272120A16122277000092
:1072A4000000000E0808080808080808083E000046
:1072B400000000000000007F9292929292B70000BA
:1072C400000000000000003B4642424242E700004A
:1072D400000000000000003C42424242423C0000E8
:1072E400000000000000001B26424242221E02074A
:1072F400000000000000007844424242447840E02C
:1073040000000000000000774C040404041F000087
:10731400000000000000007C42023C40423E0000AD
:10732400000000000008083E0808080808300000B3
:1073340000000000000000634242424262DC0000A0
:1073440000000000000000E74224241408080000A4
:1073540000000000000000EB4949555522220000BE
:10736400000000000000007624181818246E0000A5
:1073740000000000000000E7422424141808080755
:10738400000000000000007E22100808447E000077
:1073940000C0202020202010202020202020C000F9
:1073A40010101010101010101010101010101010D9
:1073B4000006080808080810080808080808060055
:1073C4000C32C200000000000000000000000000B9
:1073D40000000000000000000000000000000000A9
:1073E4000000000000000000000000000000000099
:1073F4000000000000000000000000000000000089
:107404000000000000000000E000E000E000E000F8
:10741400E000400040004000400040004000000008
:1074240000000000E000E000E000000000000000B8
:1074340000000000600660063003980188004400E4
:107444000000000000000000000000000000000038
:107454000000000000000000000000000000000028
:1074640000000000000000000000080208020802FA
:107474000802FE07FE070802080204010401FE07D1
:10748400FE070401040104010401000000000000DF
:1074940000000000000040004000F00158034C03CD
:1074A4004C034C0058007000E000C001C0014003D0
:1074B4004C034C034C034801F00040004000000022
:1074C400000000000000000000000E030A0111018A
:1074D40091009100D1005100FA03AE0260045004FF
:1074E400500458044804880284030000000000008B
:1074F4000000000000000000000038006400640088
:1075040064006400A4031C010C011A019200B3007E
:10751400E3006300C300A6041C0300000000000095
:10752400000000000C001C00100010000800060001
:107534000000000000000000000000000000000047
:107544000000000000000000000000000000000037
:107554000000000000040002000180018000C0005F
:10756400C0006000600060006000600060006000B7
:10757400C000C0008000800100010002000400007F
:107584000000000002000400080018001000300091
:107594003000600060006000600060006000600017
:1075A4003000300010001800080004000200000041
:1075B4000000000000000000000000004000400047
:1075C40040004E0E5C07F001F0015C074E0E4000D7
:1075D4004000400000000000000000000000000027
:1075E4000000000000000000000000000000400057
:1075F4004000400040004000FE0F400040004000BA
:1076040040004000000000000000000000000000F6
:107614000000000000000000000000000000000066
:107624000000000000000000000000000000000056
:10763400000000000C001C001000100008000600F0
:107644000000000000000000000000000000000036
:107654000000000000000000FE0700000000000021
:107664000000000000000000000000000000000016
:107674000000000000000000000000000000000006
:1076840000000000000000000000000000000000F6
:10769400000000001C001C001C0000000000000092
:1076A40000000000000400060002000300010001C5
:1076B4008000800040004000600020002000100096
:1076C4001000080008000C0004000600020000007E
:1076D40000000000000000000000F00098010C030E
:1076E4000C03060606060606060606060606060633
:1076F40006060C030C039801F000000000000000D3
:1077040000000000000000000000400060007C0059
:107714006000600060006000600060006000600065
:107724006000600060006000FC03000000000000D6
:1077340000000000000000000000F80084010203C3
:1077440006030603000380018001C000200010002E
:10775400080204020202FE03FE030000000000000F
:10776400000000000000000000007800C400860152
:10777400860186018001C0007000800100010003C1
:107784000603060306038401F8000000000000005D
:10779400000000000000000000018001C001C001E1
:1077A400A001900190018801840184018201FE07F7
:1077B4008001800180018001E007000000000000DA
:1077C40000000000000000000000FC03FC030400B3
:1077D400040004000400F4008C010403000300030B
:1077E4000603060382018401F80000000000000083
:1077F40000000000000000000000E00118030C037A
:107804000C0004000600E60116030E060606060632
:10781400060604060C021803F00000000000000035
:1078240000000000000000000000F807FC070C0244
:107834000401040100018000800040004000400079
:107844006000600060006000600000000000000054
:1078540000000000000000000000F8010C03060610
:10786400060606060E023C03F000CC0104030606DD
:107874000606060606060C03F001000000000000E0
:1078840000000000000000000000F0000C010C03E8
:10789400060206060606060606078C067806000695
:1078A400000300030C018C017800000000000000BC
:1078B40000000000000000000000000000000000C4
:1078C4000000E000E000E000000000000000000014
:1078D40000000000E000E000E00000000000000004
:1078E4000000000000000000000000000000000094
:1078F40000000000600060000000000000000000C4
:107904000000000000006000600040002000000053
:1079140000000000000000000004000200018000DC
:10792400400020001000080004000800100020009F
:10793400400080000001000200040000000000007C
:107944000000000000000000000000000000000033
:1079540000000000FE070000000000000000FE0719
:107964000000000000000000000000000000000013
:1079740000000000000000000400080010002000C7
:1079840040008000000100020004000200018000A9
:107994004000200010000800040000000000000067
:1079A4000000000000000000F0010C0302060206C3
:1079B4000606060600038001600020002000200067
:1079C4000000000070007000700000000000000063
:1079D40000000000000000000000E0013806080478
:1079E400CC0A640B26092609160916099609960578
:1079F40066030C080C041802E001000000000000FB
:107A04000000000000000000000060006000700042
:107A1400D000D000C800880188018801F80104035F
:107A240004030403040606060F0F00000000000010
:107A340000000000000000000000FF0086010603B3
:107A44000603060306038601FE0006030602060675
:107A54000606060606060603FF01000000000000F5
:107A640000000000000000000000E00718060C04FD
:107A74000C040400060006000600060006000600CA
:107A840006040C040C021801F000000000000000C1
:107A9400000000000000000000007F0086010603D3
:107AA4000603060606060606060606060606060675
:107AB400060606030603C6017F000000000000005E
:107AC40000000000000000000000FF03060206049E
:107AD4000600060086008600FE008600860006007A
:107AE4000600060406040602FF030000000000006E
:107AF40000000000000000000000FF03060306046D
:107B04000604060086008600FE0086008600060045
:107B140006000600060006000F000000000000003A
:107B240000000000000000000000F00218030C0236
:107B34000C0204000600060006000600C60F060339
:107B440006030C030C031803F000000000000000FF
:107B5400000000000000000000000F0F06060606EB
:107B64000606060606060606FE07060606060606B8
:107B740006060606060606060F0F000000000000B3
:107B840000000000000000000000FC036000600032
:107B940060006000600060006000600060006000E1
:107BA4006000600060006000FC0300000000000052
:107BB40000000000000000000000F00F80018001C0
:107BC40080018001800180018001800180018001A9
:107BD400800180018001800180018601C6007C0053
:107BE40000000000000000000000CF07060186002E
:107BF40046004600260036003E006E00E600C60041
:107C0400C6018601060306078F0F0000000000006E
:107C1400000000000000000000000F000600060045
:107C24000600060006000600060006000600060020
:107C34000600060406040602FF030000000000001C
:107C4400000000000000000000000F0F0E070E07E8
:107C54000E079A069A069A069A065A06720672063B
:107C64007206720622062206270F0000000000009A
:107C740000000000000000000000070E0E040E04C7
:107C84001A041A04320462046204C204C20482059F
:107C940002070207020602060704000000000000B3
:107CA40000000000000000000000F00098010C0338
:107CB4000C0206060606060606060606060606065E
:107CC40006060C020C039801F000000000000000FE
:107CD40000000000000000000000FF01060306068B
:107CE40006060606060606060603FE01060006004C
:107CF40006000600060006000F0000000000000059
:107D040000000000000000000000F00098010C03D7
:107D14000C020606060606060606060606060606FD
:107D240076064C028C038801F001800700030000F2
:107D340000000000000000000000FF01060306062A
:107D44000606060606060603FE006600C600C60012
:107D540086018601060306030F0E000000000000E2
:107D640000000000000000000000F8040C070604F6
:107D7400060406000E003C00F000C00300030006E9
:107D84000206020606060E03F201000000000000CF
:107D940000000000000000000000FE07620461080B
:107DA40061086000600060006000600060006000C6
:107DB4006000600060006000F0000000000000004F
:107DC400000000000000000000000F0E060406047E
:107DD400060406040604060406040604060406044F
:107DE4000604060406040C02F8010000000000006A
:107DF400000000000000000000001F0F0E060C022F
:107E04000C020C020C011801180118011801B00031
:107E1400B000B000F000600060000000000000004E
:107E240000000000000000000000EF0E660466047D
:107E340066026602E602EC02EC02DC01DC01DC0113
:107E4400DC019C018800880088000000000000001C
:107E5400000000000000000000009E070C03180151
:107E640018019800B000700060006000E000D000CD
:107E7400D001980188010C039E0700000000000057
:107E8400000000000000000000001F0F0E060C029E
:107E94000C0118011801B000B0007000600060000F
:107EA4006000600060006000F80100000000000055
:107EB40000000000000000000000FC07040382032F
:107EC4008001C001C000C0006000600030003000CC
:107ED400180018041C040C02FE030000000000003B
:107EE40000000000E0072000200020002000200007
:107EF400200020002000200020002000200020007E
:107F0400200020002000200020002000E0070000C6
:107F14000000000000000000040008000800080041
:107F240010001000200020002000400040008000CD
:107F34008000800000010001000200020002000431
:107F440000000000FC0080008000800080008000B1
:107F5400800080008000800080008000800080001D
:107F6400800080008000800080008000FC00000011
:107F740000000000E000B001080200000000000062
:107F840000000000000000000000000000000000ED
:107F940000000000000000000000000000000000DD
:107FA40000000000000000000000000000000000CD
:107FB40000000000000000000000000000000000BD
:107FC4000000000000000000000000000000FF0F9F
:107FD4000000000018006000000000000000000025
:107FE400000000000000000000000000000000008D
:107FF400000000000000000000000000000000007D
:10800400000000000000000000000000000000006C
:1080140000000000F0010C030C03E00338030C0320
:108024000603060306038E0B7C0F0000000000000D
:10803400000000000000000008000E000C000C000E
:108044000C000C00CC013C031C060C060C060C06B0
:108054000C060C060C021C03F401000000000000D6
:10806400000000000000000000000000000000000C
:1080740000000000F0008C018C018601060006005F
:10808400060006020C020C01F000000000000000D3
:108094000000000000000000000280030003000351
:1080A4000003000378038C030C0306030603060392
:1080B4000603060304038C07780100000000000097
:1080C40000000000000000000000000000000000AC
:1080D40000000000E001180308060C06FC070C0071
:1080E4000C000C0018043802E0010000000000003D
:1080F40000000000000000000000C003600630061D
:1081040030003000FE03300030003000300030001A
:108114003000300030003000FC010000000000009E
:10812400000000000000000000000000000000004B
:1081340000000000F00E98090C030C030C039801D6
:10814400F8000C007C00F803060606060E07F8018A
:10815400000000000000000008000E000C000C00ED
:108164000C000C00EC011C030C030C030C030C03AB
:108174000C030C030C030C039E070000000000001A
:10818400000000000000000000006000600000002B
:10819400000000007C00600060006000600060007F
:1081A4006000600060006000FC030000000000004C
:1081B40000000000000000000000800180010000B9
:1081C40000000000F0018001800180018001800135
:1081D400800180018001800180018001CC007C004D
:1081E400000000000000000008000E000C000C005D
:1081F4000C000C00CC038C00CC004C006C007C0008
:10820400DC00CC008C018C019E0700000000000003
:10821400000000000000000040007C0060006000DE
:10822400600060006000600060006000600060004A
:108234006000600060006000FC03000000000000BB
:10824400000000000000000000000000000000002A
:10825400000000007707EE066606660666066606F8
:108264006606660666066606EF0E0000000000005D
:1082740000000000000000000000000000000000FA
:1082840000000000CE013C030C030C030C030C03A0
:108294000C030C030C030C039E07000000000000F9
:1082A40000000000000000000000000000000000CA
:1082B40000000000F00098010C03060606060606FE
:1082C400060606060C030C03F00000000000000084
:1082D400000000000000000000000000000000009A
:1082E40000000000EE011C030C060C060C060C0634
:1082F4000C060C060C031C03EC010C000C003E00E5
:108304000000000000000000000000000000000069
:108314000000000078028C030C0306030603060326
:108324000603060304038C03780300030003C00759
:108334000000000000000000000000000000000039
:10834400000000009F0758063800180018001800A5
:108354001800180018001800FF00000000000000BA
:108364000000000000000000000000000000000009
:1083740000000000F00718060C040C003800F0019F
:108384008003040604060C03FC0100000000000046
:108394000000000000000000000000002000200099
:1083A40030003000FE01300030003000300030007A
:1083B4003000300030023002E00100000000000014
:1083C40000000000000000000000000000000000A9
:1083D400000008028E030C030C030C030C030C03B3
:1083E4000C030C030C039C07780100000000000040
:1083F4000000000000000000000000000000000079
:10840400000000003E0F1C06180218023001300163
:108414003001E000E000E000400000000000000047
:108424000000000000000000000000000000000048
:1084340000000000EF0DC604C604E604EC04AC031F
:108444009C039C039C030801080100000000000039
:108454000000000000000000000000000000000018
:1084640000000000BE0718019801B0007000600011
:10847400E000D00098018803DE070000000000003F
:1084840000000000000000000000000000000000E8
:1084940000000000BE071C0118011801B000B00064
:1084A400B0006000600040002000200014001C00A8
:1084B40000000000000000000000000000000000B8
:1084C40000000000FC038401C401C000E00060005F
:1084D4007000300438041806FC030000000000009B
:1084E4000000000000038001800080008000800004
:1084F400800080008000C0002000C0008000800058
:108504008000800080008000800080010003000063
:108514004000400040004000400040004000400057
:108524004000400040004000400040004000400047
:108534004000400040004000400040004000400037
:10854400000000000C0018001000100010001000C3
:108554001000100010003000400030001000100027
:108564001000100010001000100018000C00000093
:1085740000001C00240042088204000700000000E0
:1085840000000000000000000000000000000000E7
:1085940000000000000000000000000000000000D7
:1085A40000000000000000000000000000000000C7
:1085B40000000000000000000000000000000000B7
:1085C40000000000000000000000000000000000A7
:1085D4000000000000000000000000000000000097
:1085E40000000000000000000000C001C001C00144
:1085F400C001C001C001C001800080008000800073
:108604008000800080000000000000000000800165
:10861400C003C0038001000000000000000000004F
:10862400000000000000E01CE01CF01E700E380783
:10863400180308018400000000000000000000008E
:108644000000000000000000000000000000000026
:108654000000000000000000000000000000000016
:1086640000000000000000000000000020102010A6
:10867400201020102010FE7FFE7F10081008100824
:108684001008100810081008FE7FFE7F0804080474
:1086940008040804080400000000000000000000B2
:1086A400000000000000000000010001C007601984
:1086B400103118311839183938017001E001C0033C
:1086C4008007000F001D003900311C311C310C31B2
:1086D4000C11180DE007000100010001000000006A
:1086E4000000000000000000000000001C1036180C
:1086F4006308630C63046304630263026301361D4D
:108704009C3780228063406340632063206330632E
:1087140010221836081C00000000000000000000B1
:10872400000000000000000000000000F0009801BC
:108734008C018C018C018C018C00CC007800183EDB
:108744001C083608320863046304C304C303834368
:1087540006438E26781C0000000000000000000084
:108764000000000000001C003C003C003000300011
:1087740010000C00060000000000000000000000D3
:1087840000000000000000000000000000000000E5
:1087940000000000000000000000000000000000D5
:1087A4000000000000000040002000100008000C41
:1087B400000400060003000300038001800180011F
:1087C4008001800180018001800100030003000317
:1087D40000060006000C0008001000200040000005
:1087E4000000000000000200040008001000300037
:1087F40020006000C000C000C00080018001800132
:1088040080018001800180018001C000C000C0009F
:108814006000600030001000080004000200000046
:108824000000000000000000000000000000000044
:1088340000018003800300011C713C79783DC0076E
:108844000001C007783D3C791C710001800380035E
:108854008001000000000000000000000000000093
:108864000000000000000000000000000000000004
:1088740000000001000100010001000100010001ED
:10888400FC7F000100010001000100010001000162
:1088940000000000000000000000000000000000D4
:1088A40000000000000000000000000000000000C4
:1088B40000000000000000000000000000000000B4
:1088C40000000000000000000000000000000000A4
:1088D4001C003C003C003000300010000C0006007E
:1088E4000000000000000000000000000000000084
:1088F4000000000000000000000000000000000074
:10890400FE7F0000000000000000000000000000E6
:108914000000000000000000000000000000000053
:108924000000000000000000000000000000000043
:108934000000000000000000000000000000000033
:10894400000000000000000000000000000018000B
:108954003C003C0018000000000000000000000083
:108964000000000000000040006000200030001003
:1089740000180008000C00040006000200030001B7
:1089840080018000C0004000600020003000100022
:10899400180008000C00040006000200000000009B
:1089A400000000000000000000000000C007600C90
:1089B40030181830183018200C600C600C600C60F3
:1089C4000C600C600C600C600C60182018301830BF
:1089D4003018600CC0070000000000000000000018
:1089E4000000000000000000000000000001800101
:1089F400F8018001800180018001800180018001F3
:108A0400800180018001800180018001800180015A
:108A14008001C003F81F00000000000000000000F7
:108A2400000000000000000000000000E007101C2F
:108A34000818043004300C300C30003000180008E2
:108A440000040002000180004000202010200820C3
:108A54000430FC1FFC1F00000000000000000000A8
:108A6400000000000000000000000000E003180EF9
:108A74000C0C0C180C180C180018000C0006C00381
:108A8400000E00180010003000300C300C300C10B8
:108A94000C18180CE00300000000000000000000A7
:108AA400000000000000000000000000000C000EA8
:108AB400000E000F800E800E400E600E200E100E71
:108AC400100E080E040E040EFE7F000E000E000EA3
:108AD400000E000E000EC07F000000000000000029
:108AE400000000000000000000000000F03FF03F24
:108AF40010001000100008000800C807280C1818FF
:108B0400081000300030003000300C300C300418F5
:108B14000418080CF003000000000000000000002E
:108B2400000000000000000000000000800FC010E2
:108B3400203010301800180008000C008C0F6C183E
:108B44003C301C600C600C600C600C6018601820D9
:108B540030306018C0070000000000000000000072
:108B6400000000000000000000000000F83FF83F93
:108B74001C100C0804080404000400020002000194
:108B840000010001800080008000C000C000C0001F
:108B9400C000C000C0000000000000000000000091
:108BA400000000000000000000000000E007300C9E
:108BB40018180C300C300C301C3038187008E007D2
:108BC400B007180E0C1C0638063006300630063086
:108BD4000C18180CE0030000000000000000000066
:108BE400000000000000000000000000E003180482
:108BF4000C080C180610063006300630063006380D
:108C04000C3C1836F03100300018001800180C0C19
:108C14000C060C03F001000000000000000000003E
:108C24000000000000000000000000000000000040
:108C3400000000000000000000008001C003C00329
:108C4400800100000000000000000000000080011E
:108C5400C003C00380010000000000000000000009
:108C64000000000000000000000000000000000000
:108C740000000000000000000000C000C000000070
:108C840000000000000000000000000000000000E0
:108C94000000C000C00080008000400040000000D0
:108CA4000000000000000000000000200010000888
:108CB4000004000600038001C000600030001800BA
:108CC4000C00180030006000C000800100030006A2
:108CD4000004000800100020000000000000000054
:108CE4000000000000000000000000000000000080
:108CF40000000000000000000000FE7F00000000F3
:108D0400000000000000FE7F0000000000000000E2
:108D1400000000000000000000000000000000004F
:108D24000000000000000000000004000800100023
:108D340020006000C000800100030006000C001841
:108D440000300018000C000600038001C000600021
:108D540020001000080004000000000000000000D3
:108D640000000000000000000000C00730180830B8
:108D740008600C601C601C601C600030001C000655
:108D8400000180008000800080000000000080015D
:108D9400C003C003800100000000000000000000C8
:108DA400000000000000000000000000C007601880
:108DB400103018200C2F8C4D864CC64CC64C664C7B
:108DC40066446644662666266615CC1C0C4008205C
:108DD40018303018C0070000000000000000000038
:108DE400000000000000000000000001C001C001FC
:108DF400C001400160032003200320033006100655
:108E040010061006F80F080C080C080C0C0C0418BB
:108E1400041806181F7C0000000000000000000079
:108E2400000000000000000000000000FE07181C05
:108E3400183818301830183018301818180CF8076B
:108E44001818183018201860186018601860186016
:108E540018301818FE0F0000000000000000000089
:108E6400000000000000000000000000C02760387F
:108E7400103018200C400C400400060006000600C8
:108E8400060006000600060006000C400C400C20FC
:108E940018303018C0070000000000000000000077
:108EA400000000000000000000000000FE03180E97
:108EB40018181830183018301860186018601860C6
:108EC400186018601860186018601830183018108E
:108ED4001818180EFE030000000000000000000037
:108EE400000000000000000000000000FE3F1830F9
:108EF400182018601840180018081808180CF80FE3
:108F0400180C180818081800180018001840184001
:108F140018201830FE3F0000000000000000000090
:108F2400000000000000000000000000FE7F187038
:108F3400184018C018801800181018101818F81FB6
:108F44001818181018101800180018001800180025
:108F5400180018007E00000000000000000000005F
:108F6400000000000000000000000000C013701C9E
:108F7400101018100C200C20040006000600060037
:108F84000600060006FC063006300C300C301830A3
:108F940018303008C0070000000000000000000086
:108FA4000000000000000000000000003F7E0C18DC
:108FB4000C180C180C180C180C180C180C180C188D
:108FC400FC1F0C180C180C180C180C180C180C1886
:108FD4000C180C183F7E0000000000000000000088
:108FE400000000000000000000000000F81F8001E5
:108FF4008001800180018001800180018001800165
:109004008001800180018001800180018001800154
:1090140080018001F81F0000000000000000000033
:10902400000000000000000000000000E07F0006D7
:1090340000060006000600060006000600060006FC
:1090440000060006000600060006000600060006EC
:1090540000060006000600060E060E038E01FC0044
:109064000000000000000000000000007E7C1818D2
:109074001808180418061802180198019801D80154
:10908400B803380318071806180E180C181C1818FB
:10909400183018307EFC00000000000000000000C2
:1090A4000000000000000000000000007E00180026
:1090B40018001800180018001800180018001800EC
:1090C400180018001800180018001800184018405C
:1090D40018201830FE3F00000000000000000000CF
:1090E4000000000000000000000000001FF81C3811
:1090F4001C381C381C3C3434343434343436743224
:109104006432643264326431C431C431C431C43031
:10911400C43084309FFC0000000000000000000008
:109124000000000000000000000000001F7C1C1074
:109134003C103410341074106410E410C410C411C2
:1091440084118413041304170416041E041C041C41
:10915400041C04181F180000000000000000000098
:10916400000000000000000000000000C003300CFC
:10917400181808100C300C30066006600660066093
:10918400066006600660066006600C200C3008105D
:109194001818300CC003000000000000000000009C
:1091A400000000000000000000000000FE0F18187E
:1091B4001830186018601860186018601830181893
:1091C400F80F1800180018001800180018001800EC
:1091D400180018007E0000000000000000000000DD
:1091E400000000000000000000000000C003300C7C
:1091F40018180C100C300C2006600660066006601F
:1092040006600660066006600660E4612C331C326A
:109214001816300EC007004C007C00380000000017
:10922400000000000000000000000000FE07181C01
:10923400183818301830183018301818180CF80767
:1092440098031803180718061806180E180C180C9B
:10925400181C18187E7800000000000000000000B0
:10926400000000000000000000000000E02730388B
:1092740018300C200C200C000C0018007800E003BF
:10928400800F001E003800700060046004600860F5
:1092940018303818C80F000000000000000000005B
:1092A400000000000000000000000000FC3F8C21D2
:1092B40084618241824180018001800180018001BA
:1092C4008001800180018001800180018001800192
:1092D40080018001E00700000000000000000000A1
:1092E4000000000000000000000000003F7C0C10A3
:1092F4000C100C100C100C100C100C100C100C108A
:109304000C100C100C100C100C100C100C100C1079
:1093140008083804E003000000000000000000001A
:109324000000000000000000000000003EF81820CB
:1093340018201820301030103010301060086008E9
:109344006008E00CC004C004C004800380038003F0
:109354008003000100010000000000000000000084
:10936400000000000000000000000000DFF3866140
:10937400862186218C210C218C238C138C138C1335
:109384004C1358125816580E380E380E380E300C2E
:10939400100410041004000000000000000000008D
:1093A4000000000000000000000000007E3E1808DD
:1093B40038083004300470026002E001C001C001CA
:1093C400800180034003400720062006100C100C87
:1093D400081808183E7C000000000000000000008F
:1093E4000000000000000000000000007E7C1C1053
:1093F400181018083008300C700460046002C002B1
:10940400C002C001800180018001800180018001CF
:1094140080018001E007000000000000000000005F
:10942400000000000000000000000000F83F1818D1
:109434000818040C040E00060007000380038001D2
:10944400C001C000E0006000700030003820182027
:109454001C100C18FE1F000000000000000000009B
:10946400000000000000C03F4000400040004000F9
:1094740040004000400040004000400040004000E8
:1094840040004000400040004000400040004000D8
:1094940040004000400040004000C03F0000000089
:1094A4000000000000000000000008001800180080
:1094B400100030002000600060004000C000800008
:1094C4008001800100010003000200060006000480
:1094D400000C0008001800180010003000200000E4
:1094E400000000000000FC03000200020002000271
:1094F4000002000200020002000200020002000258
:109504000002000200020002000200020002000247
:1095140000020002000200020002FC03000000003E
:109524000000000000008007C006200810100000A2
:109534000000000000000000000000000000000027
:109544000000000000000000000000000000000017
:109554000000000000000000000000000000000007
:1095640000000000000000000000000000000000F7
:1095740000000000000000000000000000000000E7
:1095840000000000000000000000000000000000D7
:109594000000000000000000000000000000FFFFC9
:1095A4000000000000007800C0000001000000007E
:1095B40000000000000000000000000000000000A7
:1095C4000000000000000000000000000000000097
:1095D4000000000000000000000000000000000087
:1095E4000000000000000000000000000000000077
:1095F40000000000000000000000F00318060C0C3E
:109604000C0C000C800F700C1C0C0C0C060C060CC3
:10961400064C0C4FF8380000000000000000000069
:109624000000000000000000000010001E001800F0
:1096340018001800180018001800180FD81838302F
:109644003860186018601860186018601860182076
:1096540038307818C807000000000000000000003F
:1096640000000000000000000000000000000000F6
:1096740000000000000000000000C007700C181873
:1096840018180C180C000C000C000C000C201820EE
:1096940018103008C007000000000000000000009F
:1096A400000000000000000000000010001E001870
:1096B40000180018001800180018E01B301C1818B7
:1096C40018180C180C180C180C180C180C1808186E
:1096D400181C307AE00900000000000000000000BF
:1096E4000000000000000000000000000000000076
:1096F40000000000000000000000C007300C181833
:1097040008100C300C30FC3F0C000C000C0018202E
:1097140018107018C00700000000000000000000CE
:10972400000000000000000000000000003E80C3B4
:1097340080C0C0C0C000C000C000FC1FC000C0008A
:10974400C000C000C000C000C000C000C000C00015
:10975400C000C000F80F000000000000000000007E
:1097640000000000000000000000000000000000F5
:1097740000000000000000000000C077306C1018EA
:109784001818181818181018300CF00718001800BA
:10979400F00FF03F08700C600C600C603838E00F7C
:1097A4000000000000000000000010001E0018006F
:1097B40018001800180018001800980FD81838302E
:1097C4001830183018301830183018301830183055
:1097D400183018307EFC000000000000000000007B
:1097E400000000000000000000000000800380036F
:1097F40080030000000000000001F80180018001E6
:10980400800180018001800180018001800180014C
:1098140080018001F81F000000000000000000002B
:1098240000000000000000000000000000380038C4
:1098340000380000000000000010801F001800180D
:109844000018001800180018001800180018001854
:1098540000180018001800180018180C1806F00357
:109864000000000000000000000010001E001800AE
:1098740018001800180018001800183E180C1806D4
:10988400180318019801D801380318071806180C92
:10989400181C18187E7C0000000000000000000066
:1098A400000000000000000000000001F801800139
:1098B400800180018001800180018001800180019C
:1098C400800180018001800180018001800180018C
:1098D40080018001F81F000000000000000000006B
:1098E4000000000000000000000000000000000074
:1098F40000000000000000000800EE1C9C338C31C6
:109904008C318C318C318C318C318C318C318C316B
:109914008C318C31DE7B0000000000000000000070
:109924000000000000000000000000000000000033
:10993400000000000000000010001E0FD81838308E
:1099440018301830183018301830183018301830D3
:10995400183018307EFC00000000000000000000F9
:1099640000000000000000000000000000000000F3
:1099740000000000000000000000C007701C103050
:1099840018300C600C600C600C600C600C601830BB
:1099940018303018C007000000000000000000006C
:1099A40000000000000000000000000000000000B3
:1099B400000000000000000010009E0F581838300E
:1099C4001820186018601860186018601860183043
:1099D40038307818980718001800180018007E000E
:1099E4000000000000000000000000000000000073
:1099F40000000000000000000000C023303C1838C4
:109A040018300C300C300C300C300C300C3008306A
:109A14001838303CE033003000300030003000FCB7
:109A24000000000000000000000000000000000032
:109A3400000000000000000060007E3C6066606181
:109A4400E000E00060006000600060006000600012
:109A540060006000FE07000000000000000000003D
:109A640000000000000000000000000000000000F2
:109A740000000000000000000000E027303818302B
:109A8400182018007000E003800F001C043004301C
:109A94000C301C18EC0F0000000000000000000057
:109AA40000000000000000000000000000000000B2
:109AB400800080008000C000E000FC1FC000C000E7
:109AC400C000C000C000C000C000C000C000C02072
:109AD400C0208011000F0000000000000000000002
:109AE4000000000000000000000000000000000072
:109AF400000000000000000010201E3C1830183048
:109B04001830183018301830183018301830183011
:109B1400183830F4E01300000000000000000000DA
:109B24000000000000000000000000000000000031
:109B3400000000000000000000007E3C1818180817
:109B4400380830043004700260026002E001C00191
:109B5400C001C00080000000000000000000000000
:109B640000000000000000000000000000000000F1
:109B740000000000000000000000DFF78E630C23EB
:109B84008C238C239813981358165816700E700E45
:109B9400700E2004200400000000000000000000FB
:109BA40000000000000000000000000000000000B1
:109BB40000000000000000000000FC3E700870047B
:109BC400E004C002C0018003800340076006200C4B
:109BD400100C18183E7E0000000000000000000079
:109BE4000000000000000000000000000000000071
:109BF400000000000000000000007E7C1818180817
:109C040030083008300460046004C002C002C0029E
:109C14008001800180018000800080004C003C00B5
:109C24000000000000000000000000000000000030
:109C340000000000000000000000FC1F0C0C040EDB
:109C44000406000380038001C000E000702030207F
:109C540038301C18FC1F0000000000000000000049
:109C640000000000000000300008000400040004AC
:109C740000040004000400040004000400040002C2
:109C84008001000200040004000400040004000435
:109C94000004000400040004000400080030000074
:109CA40000010001000100010001000100010001A8
:109CB4000001000100010001000100010001000198
:109CC4000001000100010001000100010001000188
:109CD4000001000100010001000100010001000178
:109CE4000000000000000C001000200020002000F4
:109CF4002000200020002000200020002000400040
:109D040080014000200020002000200020002000CE
:109D14002000200020002000200010000C00000083
:109D240000003800C400864002610022001C0000CC
:109D3400000000000000000000000000000000001F
:109D4400000000000000000000000000000000000F
:109D540000000000000000000000000000000000FF
:109D640000000000000000000000000000000000EF
:109D740000000000000000000000000000000000DF
:109D840000000000000000000000000000000000CF
:109D940000000000000000000000000000000000BF
:109DA40000000000000000000000000000000000AF
:109DB400000000000000000000000000000000009F
:109DC400000000000000000000000000000000008F
:109DD400000000000000000000000000000000007F
:109DE400000000000000000000000000000000006F
:109DF400000000000000000000000000000000005F
:109E0400000000000000000000000000000000004E
:109E1400000000000000000000000000000000003E
:109E2400000000000000000000000000000000002E
:109E3400000000000000000000000000000000001E
:109E4400000000000000000000000000000000000E
:109E540000000000000000000000000000000000FE
:109E640000000000000000000000000000000000EE
:109E740000000000000000000000000000000000DE
:109E840000000000000000000000000000000000CE
:109E940000000000000000000000000000000000BE
:109EA40000000000000000000000000000000000AE
:109EB400000000000000000000000000000000009E
:109EC400000000000000000000000000000000008E
:109ED400000000000000000000000000000000007E
:109EE400000000000000000000000000000000006E
:109EF400000000000000000000000000000000005E
:109F0400000000000000000000000000000000004D
:109F1400000000000000000000000000000000003D
:109F2400000000000000000000000000000000002D
:109F3400000000000000000000000000000000001D
:109F4400000000000000000000000000000000000D
:109F540000000000000000000000000000000000FD
:109F640000000000000000000000000000000000ED
:109F740000000000000000000000000000000000DD
:109F840000000000000000000000000000000000CD
:109F940000000000000000000000000000000000BD
:109FA40000000000000000000000000000000000AD
:109FB400000000000000000000000000000000009D
:109FC400000000000000000000000000000000008D
:109FD400000000000000000000000000000000007D
:109FE400000000000000000000000000000000006D
:109FF400000000000000000000000000000000005D
:10A00400000000000000000000000000000000004C
:10A01400000000000000000000000000000000003C
:10A02400000000000000000000000000000000002C
:10A03400000000000000000000000000000000001C
:10A04400000000000000000000000000000000000C
:10A0540000000000000000000000000000000000FC
:10A0640000000000000000000000000000000000EC
:10A0740000000000000000000000000000000000DC
:10A0840000000000000000000000000000000000CC
:10A0940000000000000000000000000000000000BC
:10A0A40000000000000000000000000000000000AC
:10A0B400000000000000000000000000000000009C
:10A0C400000000000000000000000000000000008C
:10A0D400000000000000000000000000000000007C
:10A0E400000000000000000000000000000000006C
:10A0F400000000000000000000000000000000005C
:10A10400000000000000000000000000000000004B
:10A11400000000000000000000000000000000003B
:10A12400000000000000000000000000000000002B
:10A13400000000000000000000000000000000001B
:10A14400000000000000000000000000000000000B
:10A1540000000000000000000000000000000000FB
:10A1640000000000000000000000000000000000EB
:10A1740000000000000000000000000000000000DB
:10A1840000000000000000000000000000000000CB
:10A1940000000000000000000000000000000000BB
:10A1A40000000000000000000000000000000000AB
:10A1B400000000000000000000000000000000009B
:10A1C400000000000000000000000000000000008B
:10A1D400000000000000000000000000000000007B
:10A1E400000000000000000000000000000000006B
:10A1F400000000000000000000000000000000005B
:10A20400000000000000000000000000000000004A
:10A21400000000000000000000000000000000003A
:10A22400000000000000000000000000000000002A
:10A23400000000000000000000000000000000001A
:10A24400000000000000000000000000000000000A
:10A2540000000000000000000000000000000000FA
:10A2640000000000000000000000000000000000EA
:10A2740000000000000000000000000000000000DA
:10A2840000000000000000000000000000000000CA
:10A2940000000000000000000000000000000000BA
:10A2A40000000000000000000000000000000000AA
:10A2B400000000000000000000000000000000009A
:10A2C400000000000000000000000000000000008A
:10A2D400000000000000000000000000000000007A
:10A2E400000000000000000000000000000000006A
:10A2F400000000000000000000000000000000005A
:10A304000000000000000000000000000000000049
:10A314000000000000000000000000000000000039
:10A324000000000000000000000000000000000029
:10A334000000000000000000000000000000000019
:10A344000000000000000000000000000000000009
:10A3540000000000000000000000000000000000F9
:10A3640000000000000000000000000000000000E9
:10A3740000000000000000000000000000000000D9
:10A3840000000000000000000000000000000000C9
:10A3940000000000000000000000000000000000B9
:10A3A40000000000000000000000000000000000A9
:10A3B4000000000000000000000000000000000099
:10A3C4000000000000000000000000000000000089
:10A3D4000000000000000000000000000000000079
:10A3E4000000000000000000000000000000000069
:10A3F4000000000000000000000000000000000059
:10A404000000000000000000000000000000000048
:10A414000000000000000000000000000000000038
:10A424000000000000000000000000000000000028
:10A434000000000000000000000000000000000018
:10A444000000000000000000000000000000000008
:10A4540000000000000000000000000000000000F8
:10A4640000000000000000000000000000000000E8
:10A4740000000000000000000000000000000000D8
:10A4840000000000000000000000000000000000C8
:10A4940000000000000000000000000000000000B8
:10A4A40000000000000000000000000000000000A8
:10A4B4000000000000000000000000000000000098
:10A4C4000000000000000000000000000000000088
:10A4D4000000000000000000000000000000000078
:10A4E4000000000000000000000000000000000068
:10A4F4000000000000000000000000000000000058
:10A504000000000000000000000000000000000047
:10A514000000000000000000000000000000000037
:10A524000000000000000000000000000000000027
:10A534000000000000000000000000000000000017
:10A544000000000000000000000000000000000007
:10A5540000000000000000000000000000000000F7
:10A5640000000000000000000000000000000000E7
:10A5740000000000000000000000000000000000D7
:10A5840000000000000000000000000000000000C7
:10A5940000000000000000000000000000000000B7
:10A5A40000000000000000000000000000000000A7
:10A5B4000000000000000000000000000000000097
:10A5C4000000000000000000000000000000000087
:10A5D4000000000000000000000000000000000077
:10A5E4000000000000000000000000000000000067
:10A5F4000000000000000000000000000000000057
:10A604000000000000000000000000000000000046
:10A614000000000000000000000000000000000036
:10A624000000000000000000000000000000000026
:10A634000000000000000000000000000000000016
:10A644000000000000000000000000000000000006
:10A6540000000000000000000000000000000000F6
:10A6640000000000000000000000000000000000E6
:10A6740000000000000000000000000000000000D6
:10A6840000000000000000000000000000000000C6
:10A6940000000000000000000000000000000000B6
:10A6A40000000000000000000000000000000000A6
:10A6B4000000000000000000000000000000000096
:10A6C4000000000000000000000000000000000086
:10A6D4000000000000000000000000000000000076
:10A6E4000000000000000000000000000000000066
:10A6F4000000000000000000000000000000000056
:10A704000000000000000000000000000000000045
:10A714000000000000000000000000000000000035
:10A724000000000000000000000000000000000025
:10A734000000000000000000000000000000000015
:10A744000000000000000000000000000000000005
:10A7540000000000000000000000000000000000F5
:10A7640000000000000000000000000000000000E5
:10A7740000000000000000000000000000000000D5
:10A7840000000000000000000000000000000000C5
:10A7940000000000000000000000000000000000B5
:10A7A40000000000000000000000000000000000A5
:10A7B4000000000000000000000000000000000095
:10A7C4000000000000000000000000000000000085
:10A7D4000000000000000000000000000000000075
:10A7E4000000000000000000000000000000000065
:10A7F4000000000000000000000000000000000055
:10A804000000000000000000000000000000000044
:10A814000000000000000000000000000000000034
:10A824000000000000000000000000000000000024
:10A834000000000000000000000000000000000014
:10A844000000000000000000000000000000000004
:10A8540000000000000000000000000000000000F4
:10A8640000000000000000000000000000000000E4
:10A8740000000000000000000000000000000000D4
:10A8840000000000000000000000000000000000C4
:10A8940000000000000000000000000000000000B4
:10A8A40000000000000000000000000000000000A4
:10A8B4000000000000000000000000000000000094
:10A8C4000000000000000000000000000000000084
:10A8D4000000000000000000000000000000000074
:10A8E4000000000000000000000000000000000064
:10A8F4000000000000000000000000000000000054
:10A904000000000000000000000000000000000043
:10A914000000000000000000000000000000000033
:10A924000000000000000000000000000000000023
:10A934000000000000000000000000000000000013
:10A944000000000000000000000000000000000003
:10A9540000000000000000000000000000000000F3
:10A9640000000000000000000000000000000000E3
:10A9740000000000000000000000000000000000D3
:10A9840000000000000000000000000000000000C3
:10A9940000000000000000000000000000000000B3
:10A9A40000000000000000000000000000000000A3
:10A9B4000000000000000000000000000000000093
:10A9C4000000000000000000000000000000000083
:10A9D4000000000000000000000000000000000073
:10A9E4000000000000000000000000000000000063
:10A9F4000000000000000000000000000000000053
:10AA04000000000000000000000000000000000042
:10AA14000000000000000000000000000000000032
:10AA24000000000000000000000000000000000022
:10AA34000000000000000000000000000000000012
:10AA44000000000000000000000000000000000002
:10AA540000000000000000000000000000000000F2
:10AA640000000000000000000000000000000000E2
:10AA740000000000000000000000000000000000D2
:10AA840000000000000000000000000000000000C2
:10AA940000000000000000000000000000000000B2
:10AAA40000000000000000000000000000000000A2
:10AAB4000000000000000000000000000000000092
:10AAC4000000000000000000000000000000000082
:10AAD4000000000000000000000000000000000072
:10AAE4000000000000000000000000000000000062
:10AAF4000000000000000000000000000000000052
:10AB04000000000000000000000000000000000041
:10AB14000000000000000000000000000000000031
:10AB24000000000000000000000000000000000021
:10AB34000000000000000000000000000000000011
:10AB44000000000000000000000000000000000001
:10AB540000000000000000000000000000000000F1
:10AB640000000000000000000000000000000000E1
:10AB740000000000000000000000000000000000D1
:10AB840000000000000000000000000000000000C1
:10AB940000000000000000000000000000000000B1
:10ABA40000000000000000000000000000000000A1
:10ABB4000000000000000000000000000000000091
:10ABC4000000000000000000000000000000000081
:10ABD4000000000000000000000000000000000071
:10ABE4000000000000000000000000000000000061
:10ABF4000000000000000000000000000000000051
:10AC04000000000000000000000000000000000040
:10AC14000000000000000000000000000000000030
:10AC24000000000000000000000000000000000020
:10AC34000000000000000000000000000000000010
:10AC44000000000000000000000000000000000000
:10AC540000000000000000000000000000000000F0
:10AC640000000000000000000000000000000000E0
:10AC740000000000000000000000000000000000D0
:10AC840000000000000000000000000000000000C0
:10AC940000000000000000000000000000000000B0
:10ACA40000000000000000000000000000000000A0
:10ACB4000000000000000000000000000000000090
:10ACC4000000000000000000000000000000000080
:10ACD4000000000000000000000000000000000070
:10ACE4000000000000000000000000000000000060
:10ACF4000000000000000000000000000000000050
:10AD0400000000000000000000000000000000003F
:10AD1400000000000000000000000000000000002F
:10AD2400000000000000000000000000000000001F
:10AD3400000000000000000000000000000000000F
:10AD440000000000000000000000000000000000FF
:10AD540000000000000000000000000000000000EF
:10AD640000000000000000000000000000000000DF
:10AD740000000000000000000000000000000000CF
:10AD840000000000000000000000000000000000BF
:10AD940000000000000000000000000000000000AF
:10ADA400000000000000000000000000000000009F
:10ADB400000000000000000000000000000000008F
:10ADC400000000000000000000000000000000007F
:10ADD400000000000000000000000000000000006F
:10ADE400000000000000000000000000000000005F
:10ADF400000000000000000000000000000000004F
:10AE0400000000000000000000000000000000003E
:10AE1400000000000000000000000000000000002E
:10AE2400000000000000000000000000000000001E
:10AE3400000000000000000000000000000000000E
:10AE440000000000000000000000000000000000FE
:10AE540000000000000000000000000000000000EE
:10AE640000000000000000000000000000000000DE
:10AE740000000000000000000000000000000000CE
:10AE840000000000000000000000000000000000BE
:10AE940000000000000000000000000000000000AE
:10AEA400000000000000000000000000000000009E
:10AEB400000000000000000000000000000000008E
:10AEC400000000000000000000000000000000007E
:10AED400000000000000000000000000000000006E
:10AEE400000000000000000000000000000000005E
:10AEF400000000000000000000000000000000004E
:10AF0400000000000000000000000000000000003D
:10AF1400000000000000000000000000000000002D
:10AF2400000000000000000000000000000000001D
:10AF3400000000000000000000000000000000000D
:10AF440000000000000000000000000000000000FD
:10AF540000000000000000000000000000000000ED
:10AF640000000000000000000000000000000000DD
:10AF740000000000000000000000000000000000CD
:10AF840000000000000000000000000000000000BD
:10AF940000000000000000000000000000000000AD
:10AFA400000000000000000000000000000000009D
:10AFB400000000000000000000000000000000008D
:10AFC400000000000000000000000000000000007D
:10AFD40000000000114E223B221A221A223A221AA1
:10AFE400221A221A221A221A221A221A221A221A7D
:10AFF400221A223B21D221D0223C199200000000C7
:10B00400000000000000000000000000000000003C
:10B01400000000000000000000000000000000002C
:10B02400000000000000000000000000000000001C
:10B03400000000000000000000000000000000000C
:10B0440000000000000000000000000000000000FC
:10B0540000000000000000000000000000000000EC
:10B0640000000000000000000000000000000000DC
:10B0740000000000000000000000000000000000CC
:10B0840000000000000000000000000000000000BC
:10B0940000000000000000000000000000000000AC
:10B0A400000000000000000000000000000000009C
:10B0B400000000000000000000000000000000008C
:10B0C400000000000000000000000000000000007C
:10B0D400000000000000000000000000000000006C
:10B0E400000000000000000000000000000000005C
:10B0F400000000000000000000000000000000004C
:10B10400000000000000000000000000000000003B
:10B11400000000000000000000000000000000002B
:10B12400000000000000000000000000000000001B
:10B13400000000000000000000000000000000000B
:10B1440000000000000000000000000000000000FB
:10B1540000000000000000000000000000000000EB
:10B1640000000000000000000000000000000000DB
:10B1740000000000000000000000000000000000CB
:10B1840000000000000000000000000000000000BB
:10B1940000000000000000000000000000000000AB
:10B1A400000000000000000000000000000000009B
:10B1B4000000192E331F5C9F6CFF64DF64DF64DFC3
:10B1C40064DF64DF64DF64DF64DF64DF64DF64DF63
:10B1D40064DF64BF7D9F85DF5C9F3B3F08C900003F
:10B1E400000000000000000000000000000000005B
:10B1F400000000000000000000000000000000004B
:10B20400000000000000000000000000000000003A
:10B21400000000000000000000000000000000002A
:10B22400000000000000000000000000000000001A
:10B23400000000000000000000000000000000000A
:10B2440000000000000000000000000000000000FA
:10B2540000000000000000000000000000000000EA
:10B2640000000000000000000000000000000000DA
:10B2740000000000000000000000000000000000CA
:10B2840000000000000000000000000000000000BA
:10B2940000000000000000000000000000000000AA
:10B2A400000000000000000000000000000000009A
:10B2B400000000000000000000000000000000008A
:10B2C400000000000000000000000000000000007A
:10B2D400000000000000000000000000000000006A
:10B2E400000000000000000000000000000000005A
:10B2F400000000000000000000000000000000004A
:10B304000000000000000000000000000000000039
:10B314000000000000000000000000000000000029
:10B324000000000000000000000000000000000019
:10B334000000000000000000000000000000000009
:10B3440000000000000000000000000000000000F9
:10B3540000000000000000000000000000000000E9
:10B3640000000000000000000000000000000000D9
:10B3740000000000000000000000000000000000C9
:10B3840000000000000000000000000000000000B9
:10B39400110C2ADF6CFE969F965F967F967F967FB0
:10B3A400965F965F965F967F967F967F965F965F91
:10B3B400965F967F8E3F8E3F967F43BF10EC0000D2
:10B3C4000000000000000000000000000000000079
:10B3D4000000000000000000000000000000000069
:10B3E4000000000000000000000000000000000059
:10B3F4000000000000000000000000000000000049
:10B404000000000000000000000000000000000038
:10B4140000000000000000000000000000000926F9
:10B424001C171BB5002100000000000000000000F4
:10B434000000000000000000000000000000000008
:10B4440000000000000000000000000000000000F8
:10B4540000000000000000000000000000000000E8
:10B4640000000000000000000000000000000000D8
:10B4740000000000000000000000000000000000C8
:10B4840000000000000000000000000000000000B8
:10B49400000008E5116800C400000000000000007E
:10B4A4000000000000000000000000000000000098
:10B4B4000000000000000000000000000000000088
:10B4C4000000000000000000000000000000000078
:10B4D4000000000000000000000000000000000068
:10B4E4000000000000000000000000000000000058
:10B4F4000000000000000000000000000000000048
:10B5040000000062120C13321B7312CF08C4000037
:10B514000000000000000000000000000000000027
:10B524000000000000000000000000000000000017
:10B534000000000000000000000000000000000007
:10B5440000000000000000000000000000000000F7
:10B5540000000000000000000000000000000000E7
:10B56400000000000000000000000000000010C9FE
:10B574002A9F64BF967F8E1F8E1F8E1F8E1F8E1F65
:10B58400965F8E3F8E1F8E1F8E1F8E1F8E1F965F9F
:10B594008E3F8E1F8E1F8E1F8E3F439F10EC000028
:10B5A4000000000000000000000000000000000097
:10B5B4000000000000000000000000000000000087
:10B5C4000000000000000000000000000000000077
:10B5D4000000000000000000000000000000000067
:10B5E4000000000000000000000000000000000057
:10B5F40000000000000000000000000009A9253D33
:10B604001DDF1D1C004100000000000000000000C0
:10B614000000000000000000000000000000000026
:10B624000000000000000000000000000000000016
:10B634000000000000000000000000000000000006
:10B6440000000000000000000000000000000000F6
:10B6540000000000000000000000000000000000E6
:10B664000000000000000000000000000000096865
:10B674001C581D9F25BF255E1332000000000000EA
:10B6840000000000000000000000000000000000B6
:10B6940000000000000000000000000000000000A6
:10B6A4000000000000000000000000000000000096
:10B6B4000000000000000000000000000000000086
:10B6C4000000000000000000000000000000000076
:10B6D4000000000000000000000000000000000066
:10B6E40000001C37261F25DF25DF25DF251C08E584
:10B6F4000000000000000000000000000000000046
:10B704000000000000000000000000000000000035
:10B714000000000000000000000000000000000025
:10B724000000000000000000000000000000000015
:10B734000000000000000000000000000000000005
:10B7440000000000000000000000000008A7229E86
:10B754005C7F967F8E1F8E3F8E1F8E3F8E1F8E5F67
:10B764005C7E755F967F8E1F8E1F8E3F8DFF543ECD
:10B7740085DF8E3F8E1F8E3F8E3F43BF10EC00004F
:10B7840000000000000000000000000000000000B5
:10B7940000000000000000000000000000000000A5
:10B7A4000000000000000000000000000000000095
:10B7B4000000000000000000000000000000000085
:10B7C4000000000000000000000000000000000075
:10B7D40000000000000000000000124D259F1D3DE8
:10B7E4001D3D1CDB004200000000000000000000C2
:10B7F4000000000000000000000000000000000045
:10B804000000000000000000000000000000000034
:10B814000000000000000000000000000000000024
:10B824000000000000000000000000000000000014
:10B834000000000000000000000000000000000004
:10B84400000000000000000000000000002024DAD6
:10B8540025FF1C3813B51D3D1DFF120C0000000010
:10B8640000000000000000000000000000000000D4
:10B8740000000000000000000000000000000000C4
:10B8840000000000000000000000000000000000B4
:10B8940000000000000000000000000000000000A4
:10B8A4000000000000000000000000000000000094
:10B8B4000000000000000000000000000000000084
:10B8C4000000124D1BD5096809681C371DDF1AF1E9
:10B8D4000000000000000000000000000000000064
:10B8E4000000000000000000000000000000000054
:10B8F4000000000000000000000000000000000044
:10B904000000000000000000000000000000000033
:10B914000000000000000000000000000000000023
:10B92400000000000000000000000885227D543F54
:10B93400965F8E1F8E3F8E3F8E3F8E3F8E1F965F8B
:10B94400541E2A9F7DBF965F8E1F963F439F2AFEFB
:10B9540085FF8E3F8E1F8E3F8E3F43BF08EC000055
:10B9640000000000000000000000000000000000D3
:10B9740000000000000000000000000000000000C3
:10B9840000000000000000000000000000000000B3
:10B9940000000000000000000000000000000000A3
:10B9A4000000000000000000000000000000000093
:10B9B400000000000000000000001BF61CDB11AAC0
:10B9C400253D1CDB004100000000000000000000D9
:10B9D4000000000000000000000000000000000063
:10B9E4000000000000000000000000000000000053
:10B9F4000000000000000000000000000000000043
:10BA04000000000000000000000000000000000032
:10BA14000000000000000000000000000000000022
:10BA24000000000000000000000000000000098881
:10BA3400126D0000000012F01DFF1B5300000000F7
:10BA440000000000000000000000000000000000F2
:10BA540000000000000000000000000000000000E2
:10BA640000000000000000000000000000000000D2
:10BA740000000000000000000000000000000000C2
:10BA840000000000000000000000000000000000B2
:10BA940000000000000000000000000000000000A2
:10BAA40000000000000000000000126D261F1AF0C4
:10BAB4000000002000000000000000000000000062
:10BAC4000000000000000000000000000000000072
:10BAD4000000000000000000000000000000000062
:10BAE4000000000000000000000000000000000052
:10BAF4000000000000000000000000000000000042
:10BB040000000000000000000043225C4BFF8E3F59
:10BB14008E3F8E1F8E3F8E3F8E3F8E3F8E3F8E3FD9
:10BB2400965F4BDF2ADF85DF967F4BDF2ABF85DFF9
:10BB3400965F8E1F8E1F8E3F8E3F43BF10EC00001A
:10BB440000000000000000000000000000000000F1
:10BB540000000000000000000000000000000000E1
:10BB640000000000000000000000000000000000D1
:10BB740000000000000000000000000000000000C1
:10BB840000000000000000000000000000000000B1
:10BB9400000000000000000000000083008300A3F8
:10BBA400257E1CDB004100000000000000000000B6
:10BBB4000000000000000000000000000000000081
:10BBC4000000000000000000000000000000000071
:10BBD4000000000000000000000000000000000061
:10BBE4000000000000000000000000000000000051
:10BBF4000000000000000000000000000000000041
:10BC04000000000000000000000000000000000030
:10BC1400000000000000128E25FF1B110000000030
:10BC24000000000000000000000000000000000010
:10BC34000000000000000000000000000000000000
:10BC440000000000000000000000000000000000F0
:10BC540000000000000000000000000000000000E0
:10BC640000000000000000000000000000000000D0
:10BC740000000000000000000000000000000000C0
:10BC8400000000000041008309061C79257E090696
:10BC940000000000000000000000000000000000A0
:10BCA4000000000000000000000000000000000090
:10BCB4000000000000000000000000000000000080
:10BCC4000000000000000000000000000000000070
:10BCD4000000000000000000000000000000000060
:10BCE4000000000000000021221943DF8E1F8E3F58
:10BCF4008E1F8E3F8E3F8E3F8E3F8E3F8E3F8E1F18
:10BD04008E3F963F3B5F3B5F543F2ABF7D9F965FCC
:10BD14008E1F8E3F8E3F8E3F8E3F43BF10EC000040
:10BD2400000000000000000000000000000000000F
:10BD340000000000000000000000000000000000FF
:10BD440000000000000000000000000000000000EF
:10BD540000000000000000000000000000000000DF
:10BD640000000000000000000000000000000000CF
:10BD740000000000000000000000000000000906B0
:10BD84001D7E1CDB004100000000000000000000DC
:10BD9400000000000000000000000000000000009F
:10BDA400000000000000000000000000000000008F
:10BDB400000000000000000000000000000000007F
:10BDC400000000000000000000000000000000006F
:10BDD400000000000000000000000000000000005F
:10BDE400000000000000000000000000000000004F
:10BDF4000020000000211C991DBF096800000000FC
:10BE0400000000000000000000000000000000002E
:10BE1400000000000000000000000000000000001E
:10BE2400000000000000000000000000000000000E
:10BE340000000000000000000000000000000000FE
:10BE440000000000000000000000000000000000EE
:10BE540000000000000000000000000000000000DE
:10BE64000000000012CF259F259F251C11680000AB
:10BE740000000000000000000000000000000000BE
:10BE840000000000000000000000000000000000AE
:10BE9400000000000000000000000000000000009E
:10BEA400000000000000000000000000000000008E
:10BEB400000000000000000000000000000000007E
:10BEC40000000000000008A8331F85DE8E5F8E1F6F
:10BED4008E3F8E3F8E3F8E1F8E3F8E3F8E3F8E1F36
:10BEE4008E1F8E3F8E3F331F225F753F967F8E1FBE
:10BEF4008E3F8E3F8E3F8E3F8E3F43BF10EC00003F
:10BF0400000000000000000000000000000000002D
:10BF1400000000000000000000000000000000001D
:10BF2400000000000000000000000000000000000D
:10BF340000000000000000000000000000000000FD
:10BF440000000000000000000000000000000000ED
:10BF5400000000000000000000000000000000E5F8
:10BF64001D7E1CDB004100000000000000000000FA
:10BF740000000000000000000000000000000000BD
:10BF840000000000000000000000000000000000AD
:10BF9400000000000000000000000000000000009D
:10BFA400000000000000000000000000000000008D
:10BFB400000000000000000000000000000000007D
:10BFC400000000000000000000000000000000006D
:10BFD400000000001B731E1F1B7300000000000004
:10BFE400000000000000000000000000000000004D
:10BFF400000000000000000000000000000000003D
:10C00400000000000000000000000000000000002C
:10C01400000000000000000000000000000000001C
:10C02400000000000000000000000000000000000C
:10C0340000000000000000000000000000000000FC
:10C0440000000000122C24581C791D3D1C7909267F
:10C0540000000000000000000000000000000000DC
:10C0640000000000000000000000000000000000CC
:10C0740000000000000000000000000000000000BC
:10C0840000000000000000000000000000000000AC
:10C09400000000000000000000000000000000009C
:10C0A40000000000000000642ABF64BF967F8E1F5A
:10C0B4008E3F8E3F8E3F8E3F8E3F8E3F8E3F8E3F14
:10C0C4008E1F967F64DF2ADF32FF4BBF8E3F8E3F89
:10C0D4008E1F8E3F8E3F8E3F8E3F439F10EC00009D
:10C0E400000000000000000000000000000000004C
:10C0F400000000000000000000000000000000003C
:10C10400000000000000000000000000000000002B
:10C11400000000000000000000000000000000001B
:10C12400000000000000000000000000000000000B
:10C13400000000000000000000000000000008E50E
:10C144001D7E1CDB00410000000000000000000018
:10C1540000000000000000000000000000000000DB
:10C1640000000000000000000000000000000000CB
:10C1740000000000000000000000000000000000BB
:10C1840000000000000000000000000000000000AB
:10C19400000000000000000000000000000000009B
:10C1A400000000000000000000000000000000008B
:10C1B40000001AD025FF1C370021000000000000F9
:10C1C400000000000000000000000000000000006B
:10C1D400000000000000000000000000000000005B
:10C1E400000000000000000000000000000000004B
:10C1F400000000000000000000000000000000003B
:10C20400000000000000000000000000000000002A
:10C21400000000000000000000000000000000001A
:10C224000000000000000000000013101E1F1C1777
:10C2340000000000000000000000000000000000FA
:10C2440000000000000000000000000000000000EA
:10C2540000000000000000000000000000000000DA
:10C2640000000000000000000000000000000000CA
:10C2740000000000000000000000000000000000BA
:10C284000000000000000000110C2ADF6CFE967F05
:10C294008E1F8E3F8E3F8E3F8E3F8E3F8E3F8E1F72
:10C2A400967F6D1F227F64BF85DF2ABF4BDF967F99
:10C2B4008E3F8E3F8E3F8E3F8E3F43BF10EC00007B
:10C2C400000000000000000000000000000000006A
:10C2D400000000000000000000000000000000005A
:10C2E400000000000000000000000000000000004A
:10C2F400000000000000000000000000000000003A
:10C304000000000000000000000000000000000029
:10C31400000000000000000000000000000000E534
:10C324001D7E1CDB00410000000000000000000036
:10C3340000000000000000000000000000000000F9
:10C3440000000000000000000000000000000000E9
:10C3540000000000000000000000000000000000D9
:10C3640000000000000000000000000000000000C9
:10C3740000000000000000000000000000000000B9
:10C3840000000000000000000000000000000000A9
:10C39400124D25DF1C3800210000000000000000C1
:10C3A4000000000000000000000000000000000089
:10C3B4000000000000000000000000000000000079
:10C3C4000000000000000000000000000000000069
:10C3D4000000000000000000000000000000000059
:10C3E4000000000000000000000000000000000049
:10C3F4000000000000000000000000000000000039
:10C404000000000000000000000009A91DBF1C99E5
:10C4140000210000000000000000000000000000F7
:10C424000000000000000000000000000000000008
:10C4340000000000000000000000000000000000F8
:10C4440000000000000000000000000000000000E8
:10C4540000000000000000000000000000000000D8
:10C4640000000000000000000000194E2AFF753E85
:10C47400965F8E1F8E3F8E3F8E3F8E3F8E1F965F40
:10C48400753F227F5C5F965F965F7D7F229F543F5E
:10C494008E5F8E1F8E3F8E3F8E3F43BF10EC000099
:10C4A4000000000000000000000000000000000088
:10C4B4000000000000000000000000000000000078
:10C4C4000000000000000000000000000000000068
:10C4D4000000000000000000000000000000000058
:10C4E4000000000000000000000000000000000048
:10C4F400000000000000000000000000000008E54B
:10C504001D5E1CDB00410000000000000000000074
:10C514000000000000000000000000000000000017
:10C524000000000000000000000000000000000007
:10C5340000000000000000000000000000000000F7
:10C5440000000000000000000000000000000000E7
:10C5540000000000000000000000000000000000D7
:10C56400000000000000000000000000000011EACC
:10C5740025BF1C9A08A400210062004100000000AD
:10C5840000000000000000000000000000000000A7
:10C594000000000000000000000000000000000097
:10C5A4000000000000000000000000000000000087
:10C5B4000000000000000000000000000000000077
:10C5C4000000000000000000000000000000000067
:10C5D4000000000000000000000000000000000057
:10C5E40000831B11096808C409471C371DDF1BD5CC
:10C5F4000000000000000000000000000000000037
:10C604000000000000000000000000000000000026
:10C614000000000000000000000000000000000016
:10C624000000000000000000000000000000000006
:10C6340000000000000000000000000000000000F6
:10C644000000000000000000000000001971331F0A
:10C65400757E965F8E1F8E3F8E3F8E3F8E1F965F38
:10C66400439E4BFE967F8E1F8E1F967F753F2ADE5C
:10C674007DBF8E5F8E1F8E1F8E3F43BF10EC000068
:10C6840000000000000000000000000000000000A6
:10C694000000000000000000000000000000000096
:10C6A4000000000000000000000000000000000086
:10C6B4000000000000000000000000000000000076
:10C6C4000000000000000000000000000000000066
:10C6D4000000000000000000000000000000090548
:10C6E40025BF251C004200000000000000000000DF
:10C6F4000000000000000000000000000000000036
:10C704000000000000000000000000000000000025
:10C714000000000000000000000000000000000015
:10C724000000000000000000000000000000000005
:10C7340000000000000000000000000000000000F5
:10C744000000000000000000000000000883255ED7
:10C754001D9F1CFC1CDB1CFC1D1C1C790021000003
:10C7640000000000000000000000000000000000C5
:10C7740000000000000000000000000000000000B5
:10C7840000000000000000000000000000000000A5
:10C794000000000000000000000000000000000095
:10C7A4000000000000000000000000000000000085
:10C7B4000000000000000000000000000000000075
:10C7C40008A425BF25FF257F25BF1DDF251C0906DD
:10C7D4000000000000000000000000000000000055
:10C7E4000000000000000000000000000000000045
:10C7F4000000000000000000000000000000000035
:10C804000000000000000000000000000000000024
:10C814000000000000000000000000000000000014
:10C82400000000000000000000000000000019B338
:10C83400333F7D9E965F8E1F8E3F8E3F8E1F8E3FB1
:10C8440085FF8E3F8E3F8E1F8E3F8E1F8E5F85FF2E
:10C854008E1F8E3F8E1F8E1F8E3F439F10EC000055
:10C8640000000000000000000000000000000000C4
:10C8740000000000000000000000000000000000B4
:10C8840000000000000000000000000000000000A4
:10C894000000000000000000000000000000000094
:10C8A4000000000000000000000000000000000084
:10C8B4000000000000000000000000000000004133
:10C8C4001189096800200000000000000000000039
:10C8D4000000000000000000000000000000000054
:10C8E4000000000000000000000000000000000044
:10C8F4000000000000000000000000000000000034
:10C904000000000000000000000000000000000023
:10C914000000000000000000000000000000000013
:10C9240000000000000000000000000008C424DB38
:10C9340024DB24DB24FC24DB251C247800210000D8
:10C9440000000000000000000000000000000000E3
:10C9540000000000000000000000000000000000D3
:10C9640000000000000000000000000000000000C3
:10C9740000000000000000000000000000000000B3
:10C9840000000000000000000000000000000000A3
:10C994000000000000000000000000000000000093
:10C9A400000009AA13321BD51B9412AF00A4000087
:10C9B4000000000000000000000000000000000073
:10C9C4000000000000000000000000000000000063
:10C9D4000000000000000000000000000000000053
:10C9E4000000000000000000000000000000000043
:10C9F4000000000000000000000000000000000033
:10CA04000000000000000000000000000000000022
:10CA140021D63B5F85DE965F8E1F8E3F8E1F8E3F35
:10CA2400965F8E3F8E3F8E3F8E3F8E3F8E3F8E5F52
:10CA34008E3F8E3F8E3F8E3F8E3F43BF08EC0000FB
:10CA440000000000000000000000000000000000E2
:10CA540000000000000000000000000000000000D2
:10CA640000000000000000000000000000000000C2
:10CA740000000000000000000000000000000000B2
:10CA840000000000000000000000000000000000A2
:10CA94000000000000000000000000000000000092
:10CAA4000000000000000000000000000000000082
:10CAB4000000000000000000000000000000000072
:10CAC4000000000000000000000000000000000062
:10CAD4000000000000000000000000000000000052
:10CAE4000000000000000000000000000000000042
:10CAF4000000000000000000000000000000000032
:10CB040000000000000000000000000000000042DF
:10CB14000042004200420042004200410000000086
:10CB24000000000000000000000000000000000001
:10CB340000000000000000000000000000000000F1
:10CB440000000000000000000000000000000000E1
:10CB540000000000000000000000000000000000D1
:10CB640000000000000000000000000000000000C1
:10CB740000000000000000000000000000000000B1
:10CB840000000000000000000000000000000000A1
:10CB94000000000000000000000000000000000091
:10CBA4000000000000000000000000000000000081
:10CBB4000000000000000000000000000000000071
:10CBC4000000000000000000000000000000000061
:10CBD4000000000000000000000000000000000051
:10CBE4000000000000000000000000000000000041
:10CBF400000021F8439F7DBE8E3F8E5F8E3F8E3FA7
:10CC040085DF85FF85FF85DF85FF85FF85DF85DF80
:10CC140085DF85FF85DF85FF85DE439F10EC0000FF
:10CC24000000000000000000000000000000000000
:10CC340000000000000000000000000000000000F0
:10CC440000000000000000000000000000000000E0
:10CC540000000000000000000000000000000000D0
:10CC640000000000000000000000000000000000C0
:10CC740000000000000000000000000000000000B0
:10CC840000000000000000000000000000000000A0
:10CC94000000000000000000000000000000000090
:10CCA4000000000000000000000000000000000080
:10CCB4000000000000000000000000000000000070
:10CCC4000000000000000000000000000000000060
:10CCD4000000000000000000000000000000000050
:10CCE4000000000000000000000000000000000040
:10CCF4000000000000000000000000000000000030
:10CD0400000000000000000000000000000000001F
:10CD1400000000000000000000000000000000000F
:10CD240000000000000000000000000000000000FF
:10CD340000000000000000000000000000000000EF
:10CD440000000000000000000000000000000000DF
:10CD540000000000000000000000000000000000CF
:10CD640000000000000000000000000000000000BF
:10CD740000000000000000000000000000000000AF
:10CD8400000000000000000000000000000000009F
:10CD9400000000000000000000000000000000008F
:10CDA400000000000000000000000000000000007F
:10CDB400000000000000000000000000000000006F
:10CDC400000000000000000000000000000000005F
:10CDD400000000012239331F4B9C53DB4BBC4BBB7F
:10CDE400331F3B3F3B3F3B3F3B3F3B3F333F3B3F9F
:10CDF4003B3F3B3F333F3B3F333F2A9C00430000D4
:10CE0400000000000000000000000000000000001E
:10CE1400000000000000000000000000000000000E
:10CE240000000000000000000000000000000000FE
:10CE340000000000000000000000000000000000EE
:10CE440000000000000000000000000000000000DE
:10CE540000000000000000000000000000000000CE
:10CE640000000000000000000000000000000000BE
:10CE740000000000000000000000000000000000AE
:10CE8400000000000000000000000000000000009E
:10CE9400000000000000000000000000000000008E
:10CEA400000000000000000000000000000000007E
:10CEB400000000000000000000000000000000006E
:10CEC400000000000000000000000000000000005E
:10CED400000000000000000000000000000000004E
:10CEE400000000000000000000000000000000003E
:10CEF400000000000000000000000000000000002E
:10CF0400000000000000000000000000000000001D
:10CF1400000000000000000000000000000000000D
:10CF240000000000000000000000000000000000FD
:10CF340000000000000000000000000000000000ED
:10CF440000000000000000000000000000000000DD
:10CF540000000000000000000000000000000000CD
:10CF640000000000000000000000000000000000BD
:10CF740000000000000000000000000000000000AD
:10CF8400000000000000000000000000000000009D
:10CF9400000000000000000000000000000000008D
:10CFA400000000000000000000000000000000007D
:10CFB40000000000000108EA0045002300440024AA
:10CFC40010EB08CA08CA08CA08CA08CA08CA08CAA4
:10CFD40008CA08CA08CA08CA08EA004300000000D0
:10CFE400000000000000000000000000000000003D
:10CFF400000000000000000000000000000000002D
:10D00400000000000000000000000000000000001C
:10D01400000000000000000000000000000000000C
:10D0240000000000000000000000000000000000FC
:10D0340000000000000000000000000000000000EC
:10D0440000000000000000000000000000000000DC
:10D0540000000000000000000000000000000000CC
:10D0640000000000000000000000000000000000BC
:10D0740000000000000000000000000000000000AC
:10D08400000000000000000000000000000000009C
:10D09400000000000000000000000000000000008C
:10D0A400000000000000000000000000000000007C
:10D0B400000000000000000000000000000000006C
:10D0C400000000000000000000000000000000005C
:10D0D400000000000000000000000000000000004C
:10D0E400000000000000000000000000000000003C
:10D0F400000000000000000000000000000000002C
:10D10400000000000000000000000000000000001B
:10D11400000000000000000000000000000000000B
:10D1240000000000000000000000000000000000FB
:10D1340000000000000000000000000000000000EB
:10D1440000000000000000000000000000000000DB
:10D1540000000000000000000000000000000000CB
:10D1640000000000000000000000000000000000BB
:10D1740000000000000000000000000000000000AB
:10D18400000000000000000000000000000000009B
:10D19400000000000000000000000000000000008B
:10D1A400000000000000000000000000000000007B
:10D1B400000000000000000000000000000000006B
:10D1C400000000000000000000000000000000005B
:10D1D400000000000000000000000000000000004B
:10D1E400000000000000000000000000000000003B
:10D1F400000000000000000000000000000000002B
:10D20400000000000000000000000000000000001A
:10D21400000000000000000000000000000000000A
:10D2240000000000000000000000000000000000FA
:10D2340000000000000000000000000000000000EA
:10D2440000000000000000000000000000000000DA
:10D2540000000000000000000000000000000000CA
:10D2640000000000000000000000000000000000BA
:10D2740000000000000000000000000000000000AA
:10D28400000000000000000000000000000000009A
:10D29400000000000000000000000000000000008A
:10D2A400000000000000000000000000000000007A
:10D2B400000000000000000000000000000000006A
:10D2C400000000000000000000000000000000005A
:10D2D400000000000000000000000000000000004A
:10D2E400000000000000000000000000000000003A
:10D2F400000000000000000000000000000000002A
:10D304000000000000000000000000000000000019
:10D314000000000000000000000000000000000009
:10D3240000000000000000000000000000000000F9
:10D3340000000000000000000000000000000000E9
:10D3440000000000000000000000000000000000D9
:10D3540000000000000000000000000000000000C9
:10D3640000000000000000000000000000000000B9
:10D3740000000000000000000000000000000000A9
:10D384000000000000000000000000000000000099
:10D394000000000000000000000000000000000089
:10D3A4000000000000000000000000000000000079
:10D3B4000000000000000000000000000000000069
:10D3C4000000000000000000000000000000000059
:10D3D4000000000000000000000000000000000049
:10D3E4000000000000000000000000000000000039
:10D3F4000000000000000000000000000000000029
:10D404000000000000000000000000000000000018
:10D414000000000000000000000000000000000008
:10D4240000000000000000000000000000000000F8
:10D4340000000000000000000000000000000000E8
:10D4440000000000000000000000000000000000D8
:10D4540000000000000000000000000000000000C8
:10D4640000000000000000000000000000000000B8
:10D4740000000000000000000000000000000000A8
:10D484000000000000000000000000000000000098
:10D494000000000000000000000000000000000088
:10D4A4000000000000000000000000000000000078
:10D4B4000000000000000000000000000000000068
:10D4C4000000000000000000000000000000000058
:10D4D4000000000000000000000000000000000048
:10D4E4000000000000000000000000000000000038
:10D4F4000000000000000000000000000000000028
:10D504000000000000000000000000000000000017
:10D514000000000000000000000000000000000007
:10D5240000000000000000000000000000000000F7
:10D5340000000000000000000000000000000000E7
:10D5440000000000000000000000000000000000D7
:10D5540000000000000000000000000000000000C7
:10D5640000000000000000000000000000000000B7
:10D5740000000000000000000000000000000000A7
:10D584000000000000000000000000000000000097
:10D594000000000000000000000000000000000087
:10D5A4000000000000000000000000000000000077
:10D5B4000000000000000000000000000000000067
:10D5C4000000000000000000000000000000000057
:10D5D4000000000000000000000000000000000047
:10D5E4000000000000000000000000000000000037
:10D5F4000000000000000000000000000000000027
:10D604000000000000000000000000000000000016
:10D614000000000000000000000000000000000006
:10D6240000000000000000000000000000000000F6
:10D6340000000000000000000000000000000000E6
:10D6440000000000000000000000000000000000D6
:10D6540000000000000000000000000000000000C6
:10D6640000000000000000000000000000000000B6
:10D6740000000000000000000000000000000000A6
:10D684000000000000000000000000000000000096
:10D694000000000000000000000000000000000086
:10D6A4000000000000000000000000000000000076
:10D6B4000000000000000000000000000000000066
:10D6C4000000000000000000000000000000000056
:10D6D4000000000000000000000000000000000046
:10D6E4000000000000000000000000000000000036
:10D6F4000000000000000000000000000000000026
:10D704000000000000000000000000000000000015
:10D714000000000000000000000000000000000005
:10D7240000000000000000000000000000000000F5
:10D7340000000000000000000000000000000000E5
:10D7440000000000000000000000000000000000D5
:10D7540000000000000000000000000000000000C5
:10D7640000000000000000000000000000000000B5
:10D7740000000000000000000000000000000000A5
:10D784000000000000000000000000000000000095
:10D794000000000000000000000000000000000085
:10D7A4000000000000000000000000000000000075
:10D7B4000000000000000000000000000000000065
:10D7C4000000000000000000000000000000000055
:10D7D4000000000000000000000000000000000045
:10D7E4000000000000000000000000000000000035
:10D7F4000000000000000000000000000000000025
:10D804000000000000000000000000000000000014
:10D814000000000000000000000000000000000004
:10D8240000000000000000000000000000000000F4
:10D8340000000000000000000000000000000000E4
:10D8440000000000000000000000000000000000D4
:10D8540000000000000000000000000000000000C4
:10D8640000000000000000000000000000000000B4
:10D8740000000000000000000000000000000000A4
:10D884000000000000000000000000000000000094
:10D894000000000000000000000000000000000084
:10D8A4000000000000000000000000000000000074
:10D8B4000000000000000000000000000000000064
:10D8C4000000000000000000000000000000000054
:10D8D4000000000000000000000000000000000044
:10D8E4000000000000000000000000000000000034
:10D8F4000000000000000000000000000000000024
:10D904000000000000000000000000000000000013
:10D914000000000000000000000000000000000003
:10D9240000000000000000000000000000000000F3
:10D9340000000000000000000000000000000000E3
:10D9440000000000000000000000000000000000D3
:10D9540000000000000000000000000000000000C3
:10D9640000000000000000000000000000000000B3
:10D9740000000000000000000000000000000000A3
:10D984000000000000000000000000000000000093
:10D994000000000000000000000000000000000083
:10D9A4000000000000000000000000000000000073
:10D9B4000000000000000000000000000000000063
:10D9C4000000000000000000000000000000000053
:10D9D4000000000000000000000000000000000043
:10D9E4000000000000000000000000000000000033
:10D9F4000000000000000000000000000000000023
:10DA04000000000000000000000000000000000012
:10DA14000000000000000000000000000000000002
:10DA240000000000000000000000000000000000F2
:10DA340000000000000000000000000000000000E2
:10DA440000000000000000000000000000000000D2
:10DA540000000000000000000000000000000000C2
:10DA640000000000000000000000000000000000B2
:10DA740000000000000000000000000000000000A2
:10DA84000000000000000000000000000000000092
:10DA94000000000000000000000000000000000082
:10DAA4000000000000000000000000000000000072
:10DAB4000000000000000000000000000000000062
:10DAC4000000000000000000000000000000000052
:10DAD4000000000000000000000000000000000042
:10DAE4000000000000000000000000000000000032
:10DAF4000000000000000000000000000000000022
:10DB04000000000000000000000000000000000011
:10DB14000000000000000000000000000000000001
:10DB240000000000000000000000000000000000F1
:10DB340000000000000000000000000000000000E1
:10DB440000000000000000000000000000000000D1
:10DB540000000000000000000000000000000000C1
:10DB640000000000000000000000000000000000B1
:10DB740000000000000000000000000000000000A1
:10DB84000000000000000000000000000000000091
:10DB94000000000000000000000000000000000081
:10DBA4000000000000000000000000000000000071
:10DBB4000000000000000000000000000000000061
:10DBC4000000000000000000000000000000000051
:10DBD4000000000000000000000000000000000041
:10DBE4000000000000000000000000000000000031
:10DBF4000000000000000000000000000000000021
:10DC04000000000000000000000000000000000010
:10DC14000000000000000000000000000000000000
:10DC240000000000000000000000000000000000F0
:10DC340000000000000000000000000000000000E0
:10DC440000000000000000000000000000000000D0
:10DC540000000000000000000000000000000000C0
:10DC640000000000000000000000000000000000B0
:10DC740000000000000000000000000000000000A0
:10DC84000000000000000000000000000000000090
:10DC94000000000000000000000000000000000080
:10DCA4000000000000000000000000000000000070
:10DCB4000000000000000000000000000000000060
:10DCC4000000000000000000000000000000000050
:10DCD4000000000000000000000000000000000040
:10DCE4000000000000000000000000000000000030
:10DCF4000000000000000000000000000000000020
:10DD0400000000000000000000000000000000000F
:10DD140000000000000000000000000000000000FF
:10DD240000000000000000000000000000000000EF
:10DD340000000000000000000000000000000000DF
:10DD440000000000000000000000000000000000CF
:10DD540000000000000000000000000000000000BF
:10DD640000000000000000000000000000000000AF
:10DD7400000000000000000000000000000000009F
:10DD8400000000000000000000000000000000008F
:10DD9400000000000000000000000000000000007F
:10DDA400000000000000000000000000000000006F
:10DDB400000000000000000000000000000000005F
:10DDC400000000000000000000000000000000004F
:10DDD400000000000000000000000000000000003F
:10DDE400000000000000000000000000000000002F
:10DDF400000000000000000000000000000000001F
:10DE0400000000000000000000000000000000000E
:10DE140000000000000000000000000000000000FE
:10DE240000000000000000000000000000000000EE
:10DE340000000000000000000000000000000000DE
:10DE440000000000000000000000000000000000CE
:10DE540000000000000000000000000000000000BE
:10DE640000000000000000000000000000000000AE
:10DE7400000000000000000000000000000000009E
:10DE8400000000000000000000000000000000008E
:10DE9400000000000000000000000000000000007E
:10DEA400000000000000000000000000000000006E
:10DEB400000000000000000000000000000000005E
:10DEC400000000000000000000000000000000004E
:10DED400000000000000000000000000000000003E
:10DEE400000000000000000000000000000000002E
:10DEF400000000000000000000000000000000001E
:10DF0400000000000000000000000000000000000D
:10DF140000000000000000000000000000000000FD
:10DF240000000000000000000000000000000000ED
:10DF340000000000000000000000000000000000DD
:10DF440000000000000000000000000000000000CD
:10DF540000000000000000000000000000000000BD
:10DF640000000000000000000000000000000000AD
:10DF7400000000000000000000000000000000009D
:10DF8400000000000000000000000000000000008D
:10DF9400000000000000000000000000000000007D
:10DFA400000000000000000000000000000000006D
:10DFB400000000000000000000000000000000005D
:10DFC400000000000000000000000000000000004D
:10DFD400000000000000000000000000000000003D
:10DFE400000000000000000000000000000000002D
:10DFF400000000000000000000000000000000001D
:10E00400000000000000000000000000000000000C
:10E0140000000000000000000000000000000000FC
:10E0240000000000000000000000000000000000EC
:10E0340000000000000000000000000000000000DC
:10E0440000000000000000000000000000000000CC
:10E0540000000000000000000000000000000000BC
:10E0640000000000000000000000000000000000AC
:10E07400000000000000000000000000000000009C
:10E08400000000000000000000000000000000008C
:10E09400000000000000000000000000000000007C
:10E0A400000000000000000000000000000000006C
:10E0B400000000000000000000000000000000005C
:10E0C400000000000000000000000000000000004C
:10E0D400000000000000000000000000000000003C
:10E0E400000000000000000000000000000000002C
:10E0F400000000000000000000000000000000001C
:10E10400000000000000000000000000000000000B
:10E1140000000000000000000000000000000000FB
:10E1240000000000000000000000000000000000EB
:10E1340000000000000000000000000000000000DB
:10E1440000000000000000000000000000000000CB
:10E1540000000000000000000000000000000000BB
:10E1640000000000000000000000000000000000AB
:10E17400000000000000000000000000000000009B
:10E18400000000000000000000000000000000008B
:10E19400000000000000000000000000000000007B
:10E1A400000000000000000000000000000000006B
:10E1B400000000000000000000000000000000005B
:10E1C400000000000000000000000000000000004B
:10E1D400000000000000000000000000000000003B
:10E1E400000000000000000000000000000000002B
:10E1F400000000000000000000000000000000001B
:10E20400000000000000000000000000000000000A
:10E2140000000000000000000000000000000000FA
:10E2240000000000000000000000000000000000EA
:10E2340000000000000000000000000000000000DA
:10E2440000000000000000000000000000000000CA
:10E2540000000000000000000000000000000000BA
:10E2640000000000000000000000000000000000AA
:10E27400000000000000000000000000000000009A
:10E28400000000000000000000000000000000008A
:10E29400000000000000000000000000000000007A
:10E2A400000000000000000000000000000000006A
:10E2B400000000000000000000000000000000005A
:10E2C400000000000000000000000000000000004A
:10E2D400000000000000000000000000000000003A
:10E2E400000000000000000000000000000000002A
:10E2F400000000000000000000000000000000001A
:10E304000000000000000000000000000000000009
:10E3140000000000000000000000000000000000F9
:10E3240000000000000000000000000000000000E9
:10E3340000000000000000000000000000000000D9
:10E3440000000000000000000000000000000000C9
:10E3540000000000000000000000000000000000B9
:10E3640000000000000000000000000000000000A9
:10E374000000000000000000000000000000000099
:10E384000000000000000000000000000000000089
:10E394000000000000000000000000000000000079
:10E3A4000000000000000000000000000000000069
:10E3B4000000000000000000000000000000000059
:10E3C4000000000000000000000000000000000049
:10E3D4000000000000000000000000000000000039
:10E3E4000000000000000000000000000000000029
:10E3F4000000000000000000000000000000000019
:10E404000000000000000000000000000000000008
:10E4140000000000000000000000000000000000F8
:10E4240000000000000000000000000000000000E8
:10E4340000000000000000000000000000000000D8
:10E4440000000000000000000000000000000000C8
:10E4540000000000000000000000000000000000B8
:10E4640000000000000000000000000000000000A8
:10E474000000000000000000000000000000000098
:10E484000000000000000000000000000000000088
:10E494000000000000000000000000000000000078
:10E4A4000000000000000000000000000000000068
:10E4B4000000000000000000000000000000000058
:10E4C4000000000000000000000000000000000048
:10E4D4000000000000000000000000000000000038
:10E4E4000000000000000000000000000000000028
:10E4F4000000000000000000000000000000000018
:10E504000000000000000000000000000000000007
:10E5140000000000000000000000000000000000F7
:10E5240000000000000000000000000000000000E7
:10E5340000000000000000000000000000000000D7
:10E5440000000000000000000000000000000000C7
:10E5540000000000000000000000000000000000B7
:10E5640000000000000000000000000000000000A7
:10E574000000000000000000000000000000000097
:10E584000000000000000000000000000000000087
:10E594000000000000000000000000000000000077
:10E5A4000000000000000000000000000000000067
:10E5B4000000000000000000000000000000000057
:10E5C4000000000000000000000000000000000047
:10E5D4000000000000000000000000000000000037
:10E5E4000000000000000000000000000000000027
:10E5F4000000000000000000000000000000000017
:10E604000000000000000000000000000000000006
:10E6140000000000000000000000000000000000F6
:10E6240000000000000000000000000000000000E6
:10E6340000000000000000000000000000000000D6
:10E6440000000000000000000000000000000000C6
:10E6540000000000000000000000000000000000B6
:10E6640000000000000000000000000000000000A6
:10E674000000000000000000000000000000000096
:10E684000000000000000000000000000000000086
:10E694000000000000000000000000000000000076
:10E6A4000000000000000000000000000000000066
:10E6B4000000000000000000000000000000000056
:10E6C4000000000000000000000000000000000046
:10E6D4000000000000000000000000000000000036
:10E6E4000000000000000000000000000000000026
:10E6F4000000000000000000000000000000000016
:10E704000000000000000000000000000000000005
:10E7140000000000000000000000000000000000F5
:10E7240000000000000000000000000000000000E5
:10E7340000000000000000000000000000000000D5
:10E7440000000000000000000000000000000000C5
:10E7540000000000000000000000000000000000B5
:10E7640000000000000000000000000000000000A5
:10E774000000000000000000000000000000000095
:10E784000000000000000000000000000000000085
:10E794000000000000000000000000000000000075
:10E7A4000000000000000000000000000000000065
:10E7B4000000000000000000000000000000000055
:10E7C4000000000000000000000000000000000045
:10E7D4000000000000000000000000000000000035
:10E7E4000000000000000000000000000000000025
:10E7F4000000000000000000000000000000000015
:10E804000000000000000000000000000000000004
:10E8140000000000000000000000000000000000F4
:10E8240000000000000000000000000000000000E4
:10E8340000000000000000000000000000000000D4
:10E8440000000000000000000000000000000000C4
:10E8540000000000000000000000000000000000B4
:10E8640000000000000000000000000000000000A4
:10E874000000000000000000000000000000000094
:10E884000000000000000000000000000000000084
:10E894000000000000000000000000000000000074
:10E8A4000000000000000000000000000000000064
:10E8B4000000000000000000000000000000000054
:10E8C4000000000000000000000000000000000044
:10E8D4000000000000000000000000000000000034
:10E8E4000000000000000000000000000000000024
:10E8F4000000000000000000000000000000000014
:10E904000000000000000000000000000000000003
:10E9140000000000000000000000000000000000F3
:10E9240000000000000000000000000000000000E3
:10E9340000000000000000000000000000000000D3
:10E9440000000000000000000000000000000000C3
:10E9540000000000000000000000000000000000B3
:10E9640000000000000000000000000000000000A3
:10E974000000000000000000000000000000000093
:10E984000000000000000000000000000000000083
:10E994000000000000000000000000000000000073
:10E9A4000000000000000000000000000000000063
:10E9B4000000000000000000000000000000000053
:10E9C4000000000000000000000000000000000043
:10E9D4000000000000000000000000000000000033
:10E9E4000000000000000000000000000000000023
:10E9F4000000000000000000000000000000000013
:10EA04000000000000000000000000000000000002
:10EA140000000000000000000000000000000000F2
:10EA240000000000000000000000000000000000E2
:10EA340000000000000000000000000000000000D2
:10EA440000000000000000000000000000000000C2
:10EA540000000000000000000000000000000000B2
:10EA640000000000000000000000000000000000A2
:10EA74000000000000000000000000000000000092
:10EA84000000000000000000000000000000000082
:10EA94000000000000000000000000000000000072
:10EAA4000000000000000000000000000000000062
:10EAB4000000000000000000000000000000000052
:10EAC4000000000000000000000000000000000042
:10EAD4000000000000000000000000000000000032
:10EAE4000000000000000000000000000000000022
:10EAF4000000000000000000000000000000000012
:10EB04000000000000000000000000000000000001
:10EB140000000000000000000000000000000000F1
:10EB240000000000000000000000000000000000E1
:10EB340000000000000000000000000000000000D1
:10EB440000000000000000000000000000000000C1
:10EB540000000000000000000000000000000000B1
:10EB640000000000000000000000000000000000A1
:10EB74000000000000000000000000000000000091
:10EB84000000000000000000000000000000000081
:10EB94000000000000000000000000000000000071
:10EBA4000000000000000000000000000000000061
:10EBB4000000000000000000000000000000000051
:10EBC4000000000000000000000000000000000041
:10EBD4000000000000000000000000000000000031
:10EBE4000000000000000000000000000000000021
:10EBF4000000000000000000000000000000000011
:10EC04000000000000000000000000000000000000
:10EC140000000000000000000000000000000000F0
:10EC240000000000000000000000000000000000E0
:10EC340000000000000000000000000000000000D0
:10EC440000000000000000000000000000000000C0
:10EC540000000000000000000000000000000000B0
:10EC640000000000000000000000000000000000A0
:10EC74000000000000000000000000000000000090
:10EC84000000000000000000000000000000000080
:10EC94000000000000000000000000000000000070
:10ECA4000000000000000000000000000000000060
:10ECB4000000000000000000000000000000000050
:10ECC4000000000000000000000000000000000040
:10ECD4000000000000000000000000000000000030
:10ECE4000000000000000000000000000000000020
:10ECF4000000000000000000000000000000000010
:10ED040000000000000000000000000000000000FF
:10ED140000000000000000000000000000000000EF
:10ED240000000000000000000000000000000000DF
:10ED340000000000000000000000000000000000CF
:10ED440000000000000000000000000000000000BF
:10ED540000000000000000000000000000000000AF
:10ED6400000000000000000000000000000000009F
:10ED7400000000000000000000000000000000008F
:10ED8400000000000000000000000000000000007F
:10ED9400000000000000000000000000000000006F
:10EDA400000000000000000000000000000000005F
:10EDB400000000000000000000000000000000004F
:10EDC400000000000000000000000000000000003F
:10EDD400000000000000000000000000000000002F
:10EDE400000000000000000000000000000000001F
:10EDF400000000000000000000000000000000000F
:10EE040000000000000000000000000000000000FE
:10EE140000000000000000000000000000000000EE
:10EE240000000000000000000000000000000000DE
:10EE340000000000000000000000000000000000CE
:10EE440000000000000000000000000000000000BE
:10EE540000000000000000000000000000000000AE
:10EE6400000000000000000000000000000000009E
:10EE7400000000000000000000000000000000008E
:10EE8400000000000000000000000000000000007E
:10EE9400000000000000000000000000000000006E
:10EEA400000000000000000000000000000000005E
:10EEB400000000000000000000000000000000004E
:10EEC400000000000000000000000000000000003E
:10EED400000000000000000000000000000000002E
:10EEE400000000000000000000000000000000001E
:10EEF400000000000000000000000000000000000E
:10EF040000000000000000000000000000000000FD
:10EF140000000000000000000000000000000000ED
:10EF240000000000000000000000000000000000DD
:10EF340000000000000000000000000000000000CD
:10EF440000000000000000000000000000000000BD
:10EF540000000000000000000000000000000000AD
:10EF6400000000000000000000000000000000009D
:10EF7400000000000000000000000000000000008D
:10EF8400000000000000000000000000000000007D
:10EF9400000000000000000000000000000000006D
:10EFA400000000000000000000000000000000005D
:10EFB400000000000000000000000000000000004D
:10EFC400000000000000000000000000000000003D
:10EFD400000000000000000000000000000000002D
:10EFE400000000000000000000000000000000001D
:10EFF400000000000000000000000000000000000D
:10F0040000000000000000000000000000000000FC
:10F0140000000000000000000000000000000000EC
:10F0240000000000000000000000000000000000DC
:10F0340000000000000000000000000000000000CC
:10F0440000000000000000000000000000000000BC
:10F0540000000000000000000000000000000000AC
:10F06400000000000000000000000000000000009C
:10F07400000000000000000000000000000000008C
:10F08400000000000000000000000000000000007C
:10F09400000000000000000000000000000000006C
:10F0A400000000000000000000000000000000005C
:10F0B400000000000000000000000000000000004C
:10F0C400000000000000000000000000000000003C
:10F0D400000000000000000000000000000000002C
:10F0E400000000000000000000000000000000001C
:10F0F400000000000000000000000000000000000C
:10F1040000000000000000000000000000000000FB
:10F1140000000000000000000000000000000000EB
:10F1240000000000000000000000000000000000DB
:10F1340000000000000000000000000000000000CB
:10F1440000000000000000000000000000000000BB
:10F1540000000000000000000000000000000000AB
:10F16400000000000000000000000000000000009B
:10F17400000000000000000000000000000000008B
:10F1840000210021002100000000002000000000F8
:10F19400000000000000000000000000000000006B
:10F1A400000000000000000000000000000000005B
:10F1B400000000000000000000000000000000004B
:10F1C400000000000000000000000000000000003B
:10F1D400000000000000000000000000000000002B
:10F1E400000000000000000000000000000000001B
:10F1F400000000000000000000000000000000000B
:10F2040000000000000000000000000000000000FA
:10F2140000000000000000000000000000000000EA
:10F2240000000000000000000000000000000000DA
:10F2340000000000000000000000000000000000CA
:10F2440000000000000000000000000000000000BA
:10F2540000000000000000000000000000000000AA
:10F26400000000000000000000000000000000009A
:10F27400000000000000000000000000000000008A
:10F28400000000000000000000000000000000007A
:10F29400000000000000000000000000000000006A
:10F2A400000000000000000000000000000000005A
:10F2B400000000000000000000000000000000004A
:10F2C400000000000000000000000000000000003A
:10F2D400000000000000000000000000000000002A
:10F2E400000000000000000000000000000000001A
:10F2F400000000000000000000000000000000000A
:10F3040000000000000000000000000000000000F9
:10F3140000000000000000000000000000000000E9
:10F3240000000000000000000000000000000000D9
:10F3340000000000000000000000000000000000C9
:10F3440000000000000000000000000000000000B9
:10F3540000000000000000000000000000001A6D22
:10F36400124C1A4C122C1A8E0041000000000000AE
:10F374000000000000000000000000000000000089
:10F384000000000000000000000000000000000079
:10F394000000000000000000000000000000000069
:10F3A4000000000000000000000000000000000059
:10F3B4000000000000000000000000000000000049
:10F3C4000000000000000000000000000000000039
:10F3D4000000000000000000000000000000000029
:10F3E4000000000000000000000000000000000019
:10F3F4000000000000000000000000000000000009
:10F4040000000000000000000000000000000000F8
:10F4140000000000000000000000000000000000E8
:10F4240000000000000000000000000000000000D8
:10F4340000000000000000000000000000000000C8
:10F4440000000000000000000000000000000000B8
:10F4540000000000000000000000000000000000A8
:10F464000000000000000000000000000000000098
:10F474000000000000000000000000000000000088
:10F484000000000000000000000000000000000078
:10F494000000000000000000000000000000000068
:10F4A4000000000000000000000000000000000058
:10F4B4000000000000000000000000000000000048
:10F4C4000000000000000000000000000000000038
:10F4D4000000000000000000000000000000000028
:10F4E4000000000000000000000000000000000018
:10F4F4000000000000000000000000000000000008
:10F5040000000000000000000000000000000000F7
:10F5140000000000000000000000000000000000E7
:10F5240000000000000000000000000000000000D7
:10F5340000000000000000A31B111AAF1B7323F688
:10F544001AAF1AF01ACF1BD51BB51AAF1B3100E541
:10F5540000000000000000000000000000000000A7
:10F564000000000000000000000000000000000097
:10F574000000000000000000000000000000000087
:10F584000000000000000000000000000000000077
:10F594000000000000000000000000000000000067
:10F5A4000000000000000000000000000000000057
:10F5B4000000000000000000000000000000000047
:10F5C4000000000000000000000000000000000037
:10F5D4000000000000000000000000000000000027
:10F5E4000000000000000000000000000000000017
:10F5F4000000000000000000000000000000000007
:10F6040000000000000000000000000000000000F6
:10F6140000000000000000000000000000000000E6
:10F6240000000000000000000000000000000000D6
:10F6340000000000000000000000000000000000C6
:10F6440000000000000000000000000000000000B6
:10F6540000000000000000000000000000000000A6
:10F664000000000000000000000000000000000096
:10F674000000000000000000000000000000000086
:10F684000000000000000000000000000000000076
:10F694000000000000000000000000000000000066
:10F6A4000000000000000000000000000000000056
:10F6B4000000000000000000000000000000000046
:10F6C4000000000000000000000000000000000036
:10F6D4000000000000000000000000000000000026
:10F6E4000000000000000000000000000000000016
:10F6F4000000000000000000000000000000000006
:10F7040000000000000000000000000000000000F5
:10F7140000000000000008E524581DBF1D9F1D7E49
:10F724001DBF1DBF1DBF1D7F1D7F1DBF24BA1168D6
:10F7340000000000000000000000000000000000C5
:10F7440000000000000000000000000000000000B5
:10F7540000000000000000000000000000000000A5
:10F764000000000000000000000000000000000095
:10F774000000000000000000000000000000000085
:10F784000000000000000000000000000000000075
:10F794000000000000000000000000000000000065
:10F7A4000000002100210000000000000000000013
:10F7B4000000000000000000000000000000000045
:10F7C4000000000000000000000000000000000035
:10F7D4000000000000000000000000000000000025
:10F7E4000000000000000000000000000000000015
:10F7F4000000000000000000000000000000000005
:10F8040000000000000000000000000000000000F4
:10F8140000000000000000000000000000000000E4
:10F8240000000000000000000000000000000000D4
:10F8340000000000000000000000000000000000C4
:10F8440000000000000000000000000000000000B4
:10F8540000000000000000000000000000000000A4
:10F864000000000000000000000000000000000094
:10F874000000000000000000000000000000000084
:10F884000000000000000000000000820082000070
:10F894000000000000000000000000000000000064
:10F8A4000000000000000000000000000000000054
:10F8B4000000000000000000000000000000000044
:10F8C4000000000000000000000000000000000034
:10F8D4000000000000000000000000000000000024
:10F8E4000000000000000000000000000000000014
:10F8F4000000000000421BD51C581D3D1D1D1D3D70
:10F904001D1D1D1D1D1D1D3D1D1D1D3D1C581C388F
:10F9140009260000000000000000000000000000B4
:10F9240000000000000000000000000000000000D3
:10F9340000000000000000000000000000000000C3
:10F9440000000000000000000000000000000000B3
:10F9540000000000000000000000000000000000A3
:10F964000000000000000000000000000000000093
:10F974000000000000000000000000000000000083
:10F98400124C253D1B730000000000000000000025
:10F994000000000000000000000000000000000063
:10F9A4000000000000000000000000000000000053
:10F9B4000000000000000000000000000000000043
:10F9C4000000000000000000000000000000000033
:10F9D4000000000000000000000000000000000023
:10F9E400000000000000000000000000006323F697
:10F9F4001C171C161BF6245811CA00000000000036
:10FA040000000000000000000000000000000000F2
:10FA140000000000000000000000000000000000E2
:10FA240000000000000000000000000000000000D2
:10FA340000000000000000000000000000000000C2
:10FA440000000000000000000000000000000000B2
:10FA540000000000000000000000000000000000A2
:10FA640000000000002012CF1C9A1D3D257E09884D
:10FA74000000000000000000000000000000000082
:10FA84000000000000000000000000000000000072
:10FA94000000000000000000000000000000000062
:10FAA4000000000000000000000000000000000052
:10FAB4000000000000000000000000000000000042
:10FAC4000000000000000000000000000000000032
:10FAD400000000000062257F1DFF1D9F1D9F1D9FCC
:10FAE4001DBF1D9F1D9F1D9F1D9F1D9F1DBF261F69
:10FAF4000988000000000000000000000000000071
:10FB040000000000000000000000000000000000F1
:10FB140000000000000000000000000000000000E1
:10FB240000000000000000000000000000000000D1
:10FB340000000000000000000000000000000000C1
:10FB440000000000000000000000000000000000B1
:10FB5400000000000000000000000000000000A4FD
:10FB64001D3C1DDF1C170000000000000000000009
:10FB74000000000000000000000000000000000081
:10FB84000000000000000000000000000000000071
:10FB94000000000000000000000000000000000061
:10FBA4000000000000000000000000000000000051
:10FBB4000000000000000000000000000000000041
:10FBC40000000000000000000000000008E5257EA1
:10FBD4001D9F1D9F1D9F25FF126E00000000000049
:10FBE4000000000000000000000000000000000011
:10FBF4000000000000000000000000000000000001
:10FC040000000000000000000000000000000000F0
:10FC140000000000000000000000000000000000E0
:10FC240000000000000000000000000000000000D0
:10FC340000000000000000000000000000000000C0
:10FC4400000000001BF525FF1D3D1C3724790968C1
:10FC540000000000000000000000000000000000A0
:10FC64000000000000000000000000000000000090
:10FC74000000000000000000000000000000000080
:10FC84000000000000000000000000000000000070
:10FC94000000000000000000000000000000000060
:10FCA4000000000000000000000000000000000050
:10FCB4000000000000211AF01B321332133213111A
:10FCC4001332133213321332133213111B111B323A
:10FCD40008C4000000000000000000000000000054
:10FCE4000000000000000000000000000000000010
:10FCF4000000000000000000000000000000000000
:10FD040000000000000000000000000000000000EF
:10FD140000000000000000000000000000000000DF
:10FD240000000000000000000000000000000000CF
:10FD340000000000000000000000000000001BB4F0
:10FD44001D7F1D7E1BF60000000000000000000067
:10FD5400000000000000000000000000000000009F
:10FD6400000000000000000000000000000000008F
:10FD7400000000000000000000000000000000007F
:10FD8400000000000000000000000000000000006F
:10FD9400000000000000000000000000000000005F
:10FDA40000000000000000000000000009061D7FA4
:10FDB4001C580906092609470082000000000000BB
:10FDC400000000000000000000000000000000002F
:10FDD400000000000000000000000000000000001F
:10FDE400000000000000000000000000000000000F
:10FDF40000000000000000000000000000000000FF
:10FE040000000000000000000000000000000000EE
:10FE140000000000000000000000000000000000DE
:10FE24000000122C25FF1BF60062000000000000F9
:10FE340000000000000000000000000000000000BE
:10FE440000000000000000000000000000000000AE
:10FE5400000000000000000000000000000000009E
:10FE6400000000000000000000000000000000008E
:10FE7400000000000000000000000000000000007E
:10FE8400000000000000000000000000000000006E
:10FE9400000000000000192B196C194B194B194B69
:10FEA400194B194B194B194B194B194B194B196C0D
:10FEB40008430000000000000000000000000000F3
:10FEC400000000000000000000000000000000002E
:10FED400000000000000000000000000000000001E
:10FEE400000000000000000000000000000000000E
:10FEF40000000000000000000000000000000000FE
:10FF040000000000000000000000000000000000ED
:10FF140000000000000000000000000009A9259F67
:10FF24001B531D7E1C160000000000000000000092
:10FF340000000000000000000000000000000000BD
:10FF440000000000000000000000000000000000AD
:10FF5400000000000000000000000000000000009D
:10FF6400000000000000000000000000000000008D
:10FF7400000000000000000000000000000000007D
:10FF8400000000000000000000000000096725DFF9
:10FF94001B940000000000000000000000000000AE
:10FFA400000000000000000000000000000000004D
:10FFB400000000000000000000000000000000003D
:10FFC400000000000000000000000000000000002D
:10FFD400000000000000000000000000000000001D
:10FFE400000000000000000000000000000000000D
:0CFFF40000000000000000000000000001
:020000040801F1
:100000000000000000001C171D7F0063000000833B
:1000100000000000000000000000000000000000E0
:1000200000000000000000000000000000000000D0
:1000300000000000000000000000000000000000C0
:1000400000000000000000000000000000000000B0
:1000500000000000000000000000000000000000A0
:100060000000000000000000000000000000000090
:100070000000000000000000002122102252225245
:100080001A3222312231225222322231223222529B
:10009000223222520884000000000000000000000C
:1000A0000000000000000000000000000000000050
:1000B0000000000000000000000000000000000040
:1000C0000000000000000000000000000000000030
:1000D0000000000000000000000000000000000020
:1000E0000000000000000000000000000000000010
:1000F00000000000000000000000000000000021DF
:1001000024FC1BF609681DDF1BF600000000000040
:1001100000000000000000000000000000000000DF
:1001200000000000000000000000000000000000CF
:1001300000000000000000000000000000000000BF
:1001400000000000000000000000000000000000AF
:10015000000000000000000000000000000000009F
:10016000000000000000000000000000000000008F
:1001700009CA1D9F1CBA1BD61BF6124D00000000B9
:10018000000000000000000000000000000000006F
:10019000000000000000000000000000000000005F
:1001A000000000000000000000000000000000004F
:1001B000000000000000000000000000000000003F
:1001C000000000000000000000000000000000002F
:1001D000000000000000000000000000000000001F
:1001E0000000000000421D1C1C79126E253D1D1CE4
:1001F0001B9400410000000000000000000000000F
:1002000000000000000000000000000000000000EE
:1002100000000000000000000000000000000000DE
:1002200000000000000000000000000000000000CE
:1002300000000000000000000000000000000000BE
:1002400000000000000000000000000000000000AE
:100250000000000000000000002119EF221119CF5A
:100260001A101A10221119CF19F02211221119CFC8
:1002700019F02211088400000000000000000000B6
:10028000000000000000000000000000000000006E
:10029000000000000000000000000000000000005E
:1002A000000000000000000000000000000000004E
:1002B000000000000000000000000000000000003E
:1002C000000000000000000000000000000000002E
:1002D00000000000000000000000000000001310FB
:1002E00025BF0083096725DF1BF600000000000022
:1002F00000000000000000000000000000000000FE
:1003000000000000000000000000000000000000ED
:1003100000000000000000000000000000000000DD
:1003200000000000000000000000000000000000CD
:1003300000000000000000000000000000000000BD
:1003400000000000000000000000000000000000AD
:1003500011EB25BF1D5E259F1DBF25DF12CF0000BD
:10036000000000000000000000000000000000008D
:10037000000000000000000000000000000000007D
:10038000000000000000000000000000000000006D
:10039000000000000000000000000000000000005D
:1003A000000000000000000000000000000000004D
:1003B000000000000000000000000000000000003D
:1003C0000000000008A41D3D1D3D253D1C371CFC00
:1003D0001DFF1B31000000000000000000000000B5
:1003E000000000000000000000000000000000000D
:1003F00000000000000000000000000000000000FD
:1004000000000000000000000000000000000000EC
:1004100000000000000000000000000000000000DC
:1004200000000000000000000000000000000000CC
:100430000000000000000000002119EF223108A593
:1004400019CF22111A1008A519EF221121F00885E1
:1004500019F02231088400000000000000000000B4
:10046000000000000000000000000000000000008C
:10047000000000000000000000000000000000007C
:10048000000000000000000000000000000000006C
:10049000000000000000000000000000000000005C
:1004A000000000000000000000000000000000004C
:1004B0000000000000000000000000000906259F69
:1004C0001332000011EB1DDF1BF6000000000000DE
:1004D000000000000000000000000000000000001C
:1004E000000000000000000000000000000000000C
:1004F00000000000000000000000000000000000FC
:1005000000000000000000000000000000000000EB
:1005100000000000000000000000000000000000DB
:1005200000000000000000000000000000000000CB
:100530000021096808E500A413311D9F1CFC00621E
:1005400000000000000000000000000000000000AB
:10055000000000000000000000000000000000009B
:10056000000000000000000000000000000000008B
:10057000000000000000000000000000000000007B
:10058000000000000000000000000000000000006B
:10059000000000000000000000000000000000005B
:1005A0000000000008C5253D1D7E11A90000098935
:1005B0001D9F1CBA00210000000000000000000088
:1005C000000000000000000000000000000000002B
:1005D000000000000000000000000000000000001B
:1005E000000000000000000000000000000000000B
:1005F00000000000000000000000000000000000FB
:1006000000000000000000000000000000000000EA
:100610000000000000000000002119EF223108A5B1
:1006200019AD22311A10086419EF223119CF08844C
:1006300021F02231088400000000000000000000CA
:1006400000000000000000000000000000000000AA
:10065000000000000000000000000000000000009A
:10066000000000000000000000000000000000008A
:10067000000000000000000000000000000000007A
:10068000000000000000000000000000000000006A
:100690000000000000000000000000001B731DDFD0
:1006A0001CFB24FB251C1D3E1D5E249900420000FE
:1006B000000000000000000000000000000000003A
:1006C000000000000000000000000000000000002A
:1006D000000000000000000000000000000000001A
:1006E000000000000000000000000000000000000A
:1006F00000000000000000000000000000000000FA
:1007000000000000000000000000000000000000E9
:10071000000000000000000000421D1C255E08C50E
:1007200000000000000000000000000000000000C9
:1007300000000000000000000000000000000000B9
:1007400000000000000000000000000000000000A9
:100750000000000000000000000000000000000099
:100760000000000000000000000000000000000089
:100770000000000000000000000000000000000079
:100780000000000008831D1D1CFC00210000006308
:100790001D3D1CFC00620000000000000000000085
:1007A0000000000000000000000000000000000049
:1007B0000000000000000000000000000000000039
:1007C0000000000000000000000000000000000029
:1007D0000000000000000000000000000000000019
:1007E0000000000000000000000000000000000009
:1007F0000000000000000000002119EF223208A6CE
:10080000198C22322210088419EF223219CE088561
:1008100022112231088400000000000000000000C6
:1008200000000000000000000000000000000000C8
:1008300000000000000000000000000000000000B8
:1008400000000000000000000000000000000000A8
:100850000000000000000000000000000000000098
:100860000000000000000000000000000000000088
:100870000000000000000000000000001ACF1CBAB9
:100880001C791C791CDB1D5E1D3D1C3700410000DE
:100890000000000000000000000000000000000058
:1008A0000000000000000000000000000000000048
:1008B0000000000000000000000000000000000038
:1008C0000000000000000000000000000000000028
:1008D0000000000000000000000000000000000018
:1008E0000000000000000000000000000000000008
:1008F000004100000000000008E51D5E1D1D08838A
:1009000000000000000000000000000000000000E7
:1009100000000000000000000000000000000000D7
:1009200000000000000000000000000000000000C7
:1009300000000000000000000000000000000000B7
:1009400000000000000000000000000000000000A7
:100950000000000000000000000000000000000097
:100960000000000000001C791D9F09890000094754
:100970001D7F1C9A00210000000000000000000004
:100980000000000000000000000000000000000067
:100990000000000000000000000000000000000057
:1009A0000000000000000000000000000000000047
:1009B0000000000000000000000000000000000037
:1009C0000000000000000000000000000000000027
:1009D0000000000000000000002119EF223208C6CC
:1009E000196B223221F0088419CF223219AD088503
:1009F0002211221108840000000000000000000005
:100A000000000000000000000000000000000000E6
:100A100000000000000000000000000000000000D6
:100A200000000000000000000000000000000000C6
:100A300000000000000000000000000000000000B6
:100A400000000000000000000000000000000000A6
:100A50000000000000000000000000000000000096
:100A60000000000009A91DDF1BF6000000000000C7
:100A70000000000000000000000000000000000076
:100A80000000000000000000000000000000000066
:100A90000000000000000000000000000000000056
:100AA0000000000000000000000000000000000046
:100AB0000000000000000000000000000000000036
:100AC0000000000000000000000000000000000026
:100AD0001B311C16126E126E1C791DDF1BF50000F7
:100AE0000000000000000000000000000000000006
:100AF00000000000000000000000000000000000F6
:100B000000000000000000000000000000000000E5
:100B100000000000000000000000000000000000D5
:100B200000000000000000000000000000000000C5
:100B300000000000000000000000000000000000B5
:100B4000000000000000124D25FF1CDB12F01C9974
:100B50001DFF1B110000000000000000000000004D
:100B60000000000000000000000000000000000085
:100B70000000000000000000000000000000000075
:100B80000000000000000000000000000000000065
:100B90000000000000000000000000000000000055
:100BA0000000000000000000000000000000000045
:100BB0000000000000000000002119CF223208E7E9
:100BC000114A223221F0088421CF2232198C08C622
:100BD0002231221108840000000000000000000003
:100BE0000000000000000000000000000000000005
:100BF00000000000000000000000000000000000F5
:100C000000000000000000000000000000000000E4
:100C100000000000000000000000000000000000D4
:100C200000000000000000000000000000000000C4
:100C300000000000000000000000000000000000B4
:100C40000000000011A925DF1BF6000000000000D5
:100C50000000000000000000000000000000000094
:100C60000000000000000000000000000000000084
:100C70000000000000000000000000000000000074
:100C80000000000000000000000000000000000064
:100C90000000000000000000000000000000000054
:100CA0000000000000000000000000000000000044
:100CB0001B11261F25FF25FF1DBF1C5808A400007F
:100CC0000000000000000000000000000000000024
:100CD0000000000000000000000000000000000014
:100CE0000000000000000000000000000000000004
:100CF00000000000000000000000000000000000F4
:100D000000000000000000000000000000000000E3
:100D100000000000000000000000000000000000D3
:100D200000000000000000001B31259F25FF259FCB
:100D30001BD5004100000000000000000000000082
:100D400000000000000000000000000000000000A3
:100D50000000000000000000000000000000000093
:100D60000000000000000000000000000000000083
:100D70000000000000000000000000000000000073
:100D80000000000000000000000000000000000063
:100D90000000000000000000002119EF225211089D
:100DA000112922322210088419CF2232114B08C691
:100DB0002232221108840000000000000000000020
:100DC0000000000000000000000000000000000023
:100DD0000000000000000000000000000000000013
:100DE0000000000000000000000000000000000003
:100DF00000000000000000000000000000000000F3
:100E000000000000000000000000000000000000E2
:100E100000000000000000000000000000000000D2
:100E2000000000000042090608A4000000000000C5
:100E300000000000000000000000000000000000B2
:100E400000000000000000000000000000000000A2
:100E50000000000000000000000000000000000092
:100E60000000000000000000000000000000000082
:100E70000000000000000000000000000000000072
:100E80000000000000000000000000000000000062
:100E900000210968122C122C0988000000000000B3
:100EA0000000000000000000000000000000000042
:100EB0000000000000000000000000000000000032
:100EC0000000000000000000000000000000000022
:100ED0000000000000000000000000000000000012
:100EE0000000000000000000000000000000000002
:100EF00000000000000000000000000000000000F2
:100F00000000000000000000000008E50989092633
:100F100000000000000000000000000000000000D1
:100F200000000000000000000000000000000000C1
:100F300000000000000000000000000000000000B1
:100F400000000000000000000000000000000000A1
:100F50000000000000000000000000000000000091
:100F60000000000000000000000000000000000081
:100F70000000000000000000002119EF22321129BA
:100F80001108223221F0088419CF2232112A10E8E8
:100F9000223222110884000000000000000000003E
:100FA0000000000000000000000000000000000041
:100FB0000000000000000000000000000000000031
:100FC0000000000000000000000000000000000021
:100FD0000000000000000000000000000000000011
:100FE0000000000000000000000000000000000001
:100FF00000000000000000000000000000000000F1
:1010000000000000000000000000000000000000E0
:1010100000000000000000000000000000000000D0
:1010200000000000000000000000000000000000C0
:1010300000000000000000000000000000000000B0
:1010400000000000000000000000000000000000A0
:101050000000000000000000000000000000000090
:101060000000000000000000000000000000000080
:101070000000000000000000000000000000000070
:101080000000000000000000000000000000000060
:101090000000000000000000000000000000000050
:1010A0000000000000000000000000000000000040
:1010B0000000000000000000000000000000000030
:1010C0000000000000000000000000000000000020
:1010D0000000000000000000000000000000000010
:1010E0000000000000000000000000000000000000
:1010F00000000000000000000000000000000000F0
:1011000000000000000000000000000000000000DF
:1011100000000000000000000000000000000000CF
:1011200000000000000000000000000000000000BF
:1011300000000000000000000000000000000000AF
:10114000000000000000000000000000000000009F
:101150000000000000000000002119EF2232112AD7
:1011600010E7223221F0088519CF225211291109E6
:10117000223222110884000000000000000000005C
:10118000000000000000000000000000000000005F
:10119000000000000000000000000000000000004F
:1011A000000000000000000000000000000000003F
:1011B000000000000000000000000000000000002F
:1011C000000000000000000000000000000000001F
:1011D000000000000000000000000000000000000F
:1011E00000000000000000000000000000000000FF
:1011F00000000000000000000000000000000000EF
:1012000000000000000000000000000000000000DE
:1012100000000000000000000000000000000000CE
:1012200000000000000000000000000000000000BE
:1012300000000000000000000000000000000000AE
:10124000000000000000000000000000000000009E
:10125000000000000000000000000000000000008E
:10126000000000000000000000000000000000007E
:10127000000000000000000000000000000000006E
:10128000000000000000000000000000000000005E
:10129000000000000000000000000000000000004E
:1012A000000000000000000000000000000000003E
:1012B000000000000000000000000000000000002E
:1012C000000000000000000000000000000000001E
:1012D000000000000000000000000000000000000E
:1012E00000000000000000000000000000000000FE
:1012F00000000000000000000000000000000000EE
:1013000000000000000000000000000000000000DD
:1013100000000000000000000000000000000000CD
:1013200000000000000000000000000000000000BD
:101330000000000000000000002119EF2232114BD4
:1013400008A6223221F0086419CE225308E71109B9
:10135000223222110863000000000000000000009B
:10136000000000000000000000000000000000007D
:10137000000000000000000000000000000000006D
:10138000000000000000000000000000000000005D
:10139000000000000000000000000000000000004D
:1013A000000000000000000000000000000000003D
:1013B000000000000000000000000000000000002D
:1013C000000000000000000000000000000000001D
:1013D000000000000000000000000000000000000D
:1013E00000000000000000000000000000000000FD
:1013F00000000000000000000000000000000000ED
:1014000000000000000000000000000000000000DC
:1014100000000000000000000000000000000000CC
:1014200000000000000000000000000000000000BC
:1014300000000000000000000000000000000000AC
:10144000000000000000000000000000000000009C
:10145000000000000000000000000000000000008C
:10146000000000000000000000000000000000007C
:10147000000000000000000000000000000000006C
:10148000000000000000000000000000000000005C
:10149000000000000000000000000000000000004C
:1014A000000000000000000000000000000000003C
:1014B000000000000000000000000000000000002C
:1014C000000000000000000000000000000000001C
:1014D000000000000000000000000000000000000C
:1014E00000000000000000000000000000000000FC
:1014F00000000000000000000000000000000000EC
:1015000000000000000000000000000000000000DB
:101510000000000000000000002119EF223119CE68
:10152000196B22111A10114A21F02231196C19ADD0
:1015300022312210004200000000000000000000E4
:10154000000000000000000000000000000000009B
:10155000000000000000000000000000000000008B
:10156000000000000000000000000000000000007B
:10157000000000000000000000000000000000006B
:10158000000000000000000000000000000000005B
:10159000000000000000000000000000000000004B
:1015A000000000000000000000000000000000003B
:1015B000000000000000000000000000000000002B
:1015C000000000000000000000000000000000001B
:1015D000000000000000000000000000000000000B
:1015E00000000000000000000000000000000000FB
:1015F00000000000000000000000000000000000EB
:1016000000000000000000000000000000000000DA
:1016100000000000000000000000000000000000CA
:1016200000000000000000000000000000000000BA
:1016300000000000000000000000000000000000AA
:10164000000000000000000000000000000000009A
:10165000000000000000000000000000000000008A
:10166000000000000000000000000000000000007A
:10167000000000000000000000000000000000006A
:10168000000000000000000000000000000000005A
:10169000000000000000000000000000000000004A
:1016A000000000000000000000000000000000003A
:1016B000000000000000000000000000000000002A
:1016C000000000000000000000000000000000001A
:1016D000000000000000000000000000000000000A
:1016E00000000000000000000000000000000000FA
:1016F0000000000000000000000021CE2211221195
:1017000022111A101A11221122111A10221122115B
:101710001A1021F00022000000000000000000006C
:1017200000000000000000000000000000000000B9
:1017300000000000000000000000000000000000A9
:101740000000000000000000000000000000000099
:101750000000000000000000000000000000000089
:101760000000000000000000000000000000000079
:101770000000000000000000000000000000000069
:101780000000000000000000000000000000000059
:101790000000000000000000000000000000000049
:1017A0000000000000000000000000000000000039
:1017B0000000000000000000000000000000000029
:1017C0000000000000000000000000000000000019
:1017D0000000000000000000000000000000000009
:1017E00000000000000000000000000000000000F9
:1017F00000000000000000000000000000000000E9
:1018000000000000000000000000000000000000D8
:1018100000000000000000000000000000000000C8
:1018200000000000000000000000000000000000B8
:1018300000000000000000000000000000000000A8
:101840000000000000000000000000000000000098
:101850000000000000000000000000000000000088
:101860000000000000000000000000000000000078
:101870000000000000000000000000000000000068
:101880000000000000000000000000000000000058
:101890000000000000000000000000000000000048
:1018A0000000000000000000000000000000000038
:1018B0000000000000000000000000000000000028
:1018C0000000000000000000000000000000000018
:1018D0000000000000000000000019AE225222119A
:1018E0002211221122112211221122112211221160
:1018F000223221EF00000000000000000000000084
:1019000000000000000000000000000000000000D7
:1019100000000000000000000000000000000000C7
:1019200000000000000000000000000000000000B7
:1019300000000000000000000000000000000000A7
:101940000000000000000000000000000000000097
:101950000000000000000000000000000000000087
:101960000000000000000000000000000000000077
:101970000000000000000000000000000000000067
:101980000000000000000000000000000000000057
:101990000000000000000000000000000000000047
:1019A0000000000000000000000000000000000037
:1019B0000000000000000000000000000000000027
:1019C0000000000000000000000000000000000017
:1019D0000000000000000000000000000000000007
:1019E00000000000000000000000000000000000F7
:1019F00000000000000000000000000000000000E7
:101A000000000000000000000000000000000000D6
:101A100000000000000000000000000000000000C6
:101A200000000000000000000000000000000000B6
:101A300000000000000000000000000000000000A6
:101A40000000000000000000000000000000000096
:101A50000000000000000000000000000000000086
:101A60000000000000000000000000000000000076
:101A70000000000000000000000000000000000066
:101A80000000000000000000000000000000000056
:101A90000000000000000000000000000000000046
:101AA0000000000000000000000000000000000036
:101AB00000000000000000000000088419AD19AE0D
:101AC00019AE19AE19CE19AE19AE19CE19AE19AE9E
:101AD00019AD08A500000000000000000000000093
:101AE00000000000000000000000000000000000F6
:101AF00000000000000000000000000000000000E6
:101B000000000000000000000000000000000000D5
:101B100000000000000000000000000000000000C5
:101B200000000000000000000000000000000000B5
:101B300000000000000000000000000000000000A5
:101B40000000000000000000000000000000000095
:101B50000000000000000000000000000000000085
:101B60000000000000000000000000000000000075
:101B70000000000000000000000000000000000065
:101B80000000000000000000000000000000000055
:101B90000000000000000000000000000000000045
:101BA0000000000000000000000000000000000035
:101BB0000000000000000000000000000000000025
:101BC0000000000000000000000000000000000015
:101BD0000000000000000000000000000000000005
:101BE00000000000000000000000000000000000F5
:101BF00000000000000000000000000000000000E5
:101C000000000000000000000000000000000000D4
:101C100000000000000000000000000000000000C4
:101C200000000000000000000000000000000000B4
:101C300000000000000000000000000000000000A4
:101C40000000000000000000000000000000000094
:101C50000000000000000000000000000000000084
:101C60000000000000000000000000000000000074
:101C70000000000000000000000000000000000064
:101C80000000000000000000000000000000000054
:101C90000000000000000000000000000000000044
:101CA0000000000000000000000000000000000034
:101CB0000000000000000000000000000000000024
:101CC0000000000000000000000000000000000014
:101CD0000000000000000000000000000000000004
:101CE00000000000000000000000000000000000F4
:101CF00000000000000000000000000000000000E4
:101D000000000000000000000000000000000000D3
:101D100000000000000000000000000000000000C3
:101D200000000000000000000000000000000000B3
:101D300000000000000000000000000000000000A3
:101D40000000000000000000000000000000000093
:101D50000000000000000000000000000000000083
:101D60000000000000000000000000000000000073
:101D70000000000000000000000000000000000063
:101D80000000000000000000000000000000000053
:101D90000000000000000000000000000000000043
:101DA0000000000000000000000000000000000033
:101DB0000000000000000000000000000000000023
:101DC0000000000000000000000000000000000013
:101DD0000000000000000000000000000000000003
:101DE00000000000000000000000000000000000F3
:101DF00000000000000000000000000000000000E3
:101E000000000000000000000000000000000000D2
:101E100000000000000000000000000000000000C2
:101E200000000000000000000000000000000000B2
:101E300000000000000000000000000000000000A2
:101E40000000000000000000000000000000000092
:101E50000000000000000000000000000000000082
:101E60000000000000000000000000000000000072
:101E70000000000000000000000000000000000062
:101E80000000000000000000000000000000000052
:101E90000000000000000000000000000000000042
:101EA0000000000000000000000000000000000032
:101EB0000000000000000000000000000000000022
:101EC0000000000000000000000000000000000012
:101ED0000000000000000000000000000000000002
:101EE00000000000000000000000000000000000F2
:101EF00000000000000000000000000000000000E2
:101F000000000000000000000000000000000000D1
:101F100000000000000000000000000000000000C1
:101F200000000000000000000000000000000000B1
:101F300000000000000000000000000000000000A1
:101F40000000000000000000000000000000000091
:101F50000000000000000000000000000000000081
:101F60000000000000000000000000000000000071
:101F70000000000000000000000000000000000061
:101F80000000000000000000000000000000000051
:101F90000000000000000000000000000000000041
:101FA0000000000000000000000000000000000031
:101FB0000000000000000000000000000000000021
:101FC0000000000000000000000000000000000011
:101FD0000000000000000000000000000000000001
:101FE00000000000000000000000000000000000F1
:101FF00000000000000000000000000000000000E1
:1020000000000000000000000000000000000000D0
:1020100000000000000000000000000000000000C0
:1020200000000000000000000000000000000000B0
:1020300000000000000000000000000000000000A0
:102040000000000000000000000000000000000090
:102050000000000000000000000000000000000080
:102060000000000000000000000000000000000070
:102070000000000000000000000000000000000060
:102080000000000000000000000000000000000050
:102090000000000000000000000000000000000040
:1020A0000000000000000000000000000000000030
:1020B0000000000000000000000000000000000020
:1020C0000000000000000000000000000000000010
:1020D0000000000000000000000000000000000000
:1020E00000000000000000000000000000000000F0
:1020F00000000000000000000000000000000000E0
:1021000000000000000000000000000000000000CF
:1021100000000000000000000000000000000000BF
:1021200000000000000000000000000000000000AF
:10213000000000000000000000000000000000009F
:10214000000000000000000000000000000000008F
:10215000000000000000000000000000000000007F
:10216000000000000000000000000000000000006F
:10217000000000000000000000000000000000005F
:10218000000000000000000000000000000000004F
:10219000000000000000000000000000000000003F
:1021A000000000000000000000000000000000002F
:1021B000000000000000000000000000000000001F
:1021C000000000000000000000000000000000000F
:1021D00000000000000000000000000000000000FF
:1021E00000000000000000000000000000000000EF
:1021F00000000000000000000000000000000000DF
:1022000000000000000000000000000000000000CE
:1022100000000000000000000000000000000000BE
:1022200000000000000000000000000000000000AE
:10223000000000000000000000000000000000009E
:10224000000000000000000000000000000000008E
:10225000000000000000000000000000000000007E
:10226000000000000000000000000000000000006E
:10227000000000000000000000000000000000005E
:10228000000000000000000000000000000000004E
:10229000000000000000000000000000000000003E
:1022A000000000000000000000000000000000002E
:1022B000000000000000000000000000000000001E
:1022C000000000000000000000000000000000000E
:1022D00000000000000000000000000000000000FE
:1022E00000000000000000000000000000000000EE
:1022F00000000000000000000000000000000000DE
:1023000000000000000000000000000000000000CD
:1023100000000000000000000000000000000000BD
:1023200000000000000000000000000000000000AD
:10233000000000000000000000000000000000009D
:10234000000000000000000000000000000000008D
:10235000000000000000000000000000000000007D
:10236000000000000000000000000000000000006D
:10237000000000000000000000000000000000005D
:10238000000000000000000000000000000000004D
:10239000000000000000000000000000000000003D
:1023A000000000000000000000000000000000002D
:1023B000000000000000000000000000000000001D
:1023C000000000000000000000000000000000000D
:1023D00000000000000000000000000000000000FD
:1023E00000000000000000000000000000000000ED
:1023F00000000000000000000000000000000000DD
:1024000000000000000000000000000000000000CC
:1024100000000000000000000000000000000000BC
:1024200000000000000000000000000000000000AC
:10243000000000000000000000000000000000009C
:10244000000000000000000000000000000000008C
:10245000000000000000000000000000000000007C
:10246000000000000000000000000000000000006C
:10247000000000000000000000000000000000005C
:10248000000000000000000000000000000000004C
:10249000000000000000000000000000000000003C
:1024A000000000000000000000000000000000002C
:1024B000000000000000000000000000000000001C
:1024C000000000000000000000000000000000000C
:1024D00000000000000000000000000000000000FC
:1024E00000000000000000000000000000000000EC
:1024F00000000000000000000000000000000000DC
:1025000000000000000000000000000000000000CB
:1025100000000000000000000000000000000000BB
:1025200000000000000000000000000000000000AB
:10253000000000000000000000000000000000009B
:10254000000000000000000000000000000000008B
:10255000000000000000000000000000000000007B
:10256000000000000000000000000000000000006B
:10257000000000000000000000000000000000005B
:10258000000000000000000000000000000000004B
:10259000000000000000000000000000000000003B
:1025A000000000000000000000000000000000002B
:1025B000000000000000000000000000000000001B
:1025C000000000000000000000000000000000000B
:1025D00000000000000000000000000000000000FB
:1025E00000000000000000000000000000000000EB
:1025F00000000000000000000000000000000000DB
:1026000000000000000000000000000000000000CA
:1026100000000000000000000000000000000000BA
:1026200000000000000000000000000000000000AA
:10263000000000000000000000000000000000009A
:10264000000000000000000000000000000000008A
:10265000000000000000000000000000000000007A
:10266000000000000000000000000000000000006A
:10267000000000000000000000000000000000005A
:10268000000000000000000000000000000000004A
:10269000000000000000000000000000000000003A
:1026A000000000000000000000000000000000002A
:1026B000000000000000000000000000000000001A
:1026C000000000000000000000000000000000000A
:1026D00000000000000000000000000000000000FA
:1026E00000000000000000000000000000000000EA
:1026F00000000000000000000000000000000000DA
:1027000000000000000000000000000000000000C9
:1027100000000000000000000000000000000000B9
:1027200000000000000000000000000000000000A9
:102730000000000000000000000000000000000099
:102740000000000000000000000000000000000089
:102750000000000000000000000000000000000079
:102760000000000000000000000000000000000069
:102770000000000000000000000000000000000059
:102780000000000000000000000000000000000049
:102790000000000000000000000000000000000039
:1027A0000000000000000000000000000000000029
:1027B0000000000000000000000000000000000019
:1027C0000000000000000000000000000000000009
:1027D00000000000000000000000000000000000F9
:1027E00000000000000000000000000000000000E9
:1027F00000000000000000000000000000000000D9
:1028000000000000000000000000000000000000C8
:1028100000000000000000000000000000000000B8
:1028200000000000000000000000000000000000A8
:102830000000000000000000000000000000000098
:102840000000000000000000000000000000000088
:102850000000000000000000000000000000000078
:102860000000000000000000000000000000000068
:102870000000000000000000000000000000000058
:102880000000000000000000000000000000000048
:102890000000000000000000000000000000000038
:1028A0000000000000000000000000000000000028
:1028B0000000000000000000000000000000000018
:1028C0000000000000000000000000000000000008
:1028D00000000000000000000000000000000000F8
:1028E00000000000000000000000000000000000E8
:1028F00000000000000000000000000000000000D8
:1029000000000000000000000000000000000000C7
:1029100000000000000000000000000000000000B7
:1029200000000000000000000000000000000000A7
:102930000000000000000000000000000000000097
:102940000000000000000000000000000000000087
:102950000000000000000000000000000000000077
:102960000000000000000000000000000000000067
:102970000000000000000000000000000000000057
:102980000000000000000000000000000000000047
:102990000000000000000000000000000000000037
:1029A0000000000000000000000000000000000027
:1029B0000000000000000000000000000000000017
:1029C0000000000000000000000000000000000007
:1029D00000000000000000000000000000000000F7
:1029E00000000000000000000000000000000000E7
:1029F00000000000000000000000000000000000D7
:102A000000000000000000000000000000000000C6
:102A100000000000000000000000000000000000B6
:102A200000000000000000000000000000000000A6
:102A30000000000000000000000000000000000096
:102A40000000000000000000000000000000000086
:102A50000000000000000000000000000000000076
:102A60000000000000000000000000000000000066
:102A70000000000000000000000000000000000056
:102A80000000000000000000000000000000000046
:102A90000000000000000000000000000000000036
:102AA0000000000000000000000000000000000026
:102AB0000000000000000000000000000000000016
:102AC0000000000000000000000000000000000006
:102AD00000000000000000000000000000000000F6
:102AE00000000000000000000000000000000000E6
:102AF00000000000000000000000000000000000D6
:102B000000000000000000000000000000000000C5
:102B100000000000000000000000000000000000B5
:102B200000000000000000000000000000000000A5
:102B30000000000000000000000000000000000095
:102B40000000000000000000000000000000000085
:102B50000000000000000000000000000000000075
:102B60000000000000000000000000000000000065
:102B70000000000000000000000000000000000055
:102B80000000000000000000000000000000000045
:102B90000000000000000000000000000000000035
:102BA0000000000000000000000000000000000025
:102BB0000000000000000000000000000000000015
:102BC0000000000000000000000000000000000005
:102BD00000000000000000000000000000000000F5
:102BE00000000000000000000000000000000000E5
:102BF00000000000000000000000000000000000D5
:102C000000000000000000000000000000000000C4
:102C100000000000000000000000000000000000B4
:102C200000000000000000000000000000000000A4
:102C30000000000000000000000000000000000094
:102C40000000000000000000000000000000000084
:102C50000000000000000000000000000000000074
:102C60000000000000000000000000000000000064
:102C70000000000000000000000000000000000054
:102C80000000000000000000000000000000000044
:102C90000000000000000000000000000000000034
:102CA0000000000000000000000000000000000024
:102CB0000000000000000000000000000000000014
:102CC0000000000000000000000000000000000004
:102CD00000000000000000000000000000000000F4
:102CE00000000000000000000000000000000000E4
:102CF00000000000000000000000000000000000D4
:102D000000000000000000000000000000000000C3
:102D100000000000000000000000000000000000B3
:102D200000000000000000000000000000000000A3
:102D30000000000000000000000000000000000093
:102D40000000000000000000000000000000000083
:102D50000000000000000000000000000000000073
:102D60000000000000000000000000000000000063
:102D70000000000000000000000000000000000053
:102D80000000000000000000000000000000000043
:102D90000000000000000000000000000000000033
:102DA0000000000000000000000000000000000023
:102DB0000000000000000000000000000000000013
:102DC0000000000000000000000000000000000003
:102DD00000000000000000000000000000000000F3
:102DE00000000000000000000000000000000000E3
:102DF00000000000000000000000000000000000D3
:102E000000000000000000000000000000000000C2
:102E100000000000000000000000000000000000B2
:102E200000000000000000000000000000000000A2
:102E30000000000000000000000000000000000092
:102E40000000000000000000000000000000000082
:102E50000000000000000000000000000000000072
:102E60000000000000000000000000000000000062
:102E70000000000000000000000000000000000052
:102E80000000000000000000000000000000000042
:102E90000000000000000000000000000000000032
:102EA0000000000000000000000000000000000022
:102EB0000000000000000000000000000000000012
:102EC0000000000000000000000000000000000002
:102ED00000000000000000000000000000000000F2
:102EE00000000000000000000000000000000000E2
:102EF00000000000000000000000000000000000D2
:102F000000000000000000000000000000000000C1
:102F100000000000000000000000000000000000B1
:102F200000000000000000000000000000000000A1
:102F30000000000000000000000000000000000091
:102F40000000000000000000000000000000000081
:102F50000000000000000000000000000000000071
:102F60000000000000000000000000000000000061
:102F70000000000000000000000000000000000051
:102F80000000000000000000000000000000000041
:102F90000000000000000000000000000000000031
:102FA0000000000000000000000000000000000021
:102FB0000000000000000000000000000000000011
:102FC0000000000000000000000000000000000001
:102FD00000000000000000000000000000000000F1
:102FE00000000000000000000000000000000000E1
:102FF00000000000000000000000000000000000D1
:1030000000000000000000000000000000000000C0
:1030100000000000000000000000000000000000B0
:1030200000000000000000000000000000000000A0
:103030000000000000000000000000000000000090
:103040000000000000000000000000000000000080
:103050000000000000000000000000000000000070
:103060000000000000000000000000000000000060
:103070000000000000000000000000000000000050
:103080000000000000000000000000000000000040
:103090000000000000000000000000000000000030
:1030A0000000000000000000000000000000000020
:1030B0000000000000000000000000000000000010
:1030C0000000000000000000000000000000000000
:1030D00000000000000000000000000000000000F0
:1030E00000000000000000000000000000000000E0
:1030F00000000000000000000000000000000000D0
:1031000000000000000000000000000000000000BF
:1031100000000000000000000000000000000000AF
:10312000000000000000000000000000000000009F
:10313000000000000000000000000000000000008F
:10314000000000000000000000000000000000007F
:10315000000000000000000000000000000000006F
:10316000000000000000000000000000000000005F
:10317000000000000000000000000000000000004F
:10318000000000000000000000000000000000003F
:10319000000000000000000000000000000000002F
:1031A000000000000000000000000000000000001F
:1031B000000000000000000000000000000000000F
:1031C00000000000000000000000000000000000FF
:1031D00000000000000000000000000000000000EF
:1031E00000000000000000000000000000000000DF
:1031F00000000000000000000000000000000000CF
:1032000000000000000000000000000000000000BE
:1032100000000000000000000000000000000000AE
:10322000000000000000000000000000000000009E
:10323000000000000000000000000000000000008E
:10324000000000000000000000000000000000007E
:10325000000000000000000000000000000000006E
:10326000000000000000000000000000000000005E
:10327000000000000000000000000000000000004E
:10328000000000000000000000000000000000003E
:10329000000000000000000000000000000000002E
:1032A000000000000000000000000000000000001E
:1032B000000000000000000000000000000000000E
:1032C00000000000000000000000000000000000FE
:1032D00000000000000000000000000000000000EE
:1032E00000000000000000000000000000000000DE
:1032F00000000000000000000000000000000000CE
:1033000000000000000000000000000000000000BD
:1033100000000000000000000000000000000000AD
:10332000000000000000000000000000000000009D
:10333000000000000000000000000000000000008D
:10334000000000000000000000000000000000007D
:10335000000000000000000000000000000000006D
:10336000000000000000000000000000000000005D
:10337000000000000000000000000000000000004D
:10338000000000000000000000000000000000003D
:10339000000000000000000000000000000000002D
:1033A000000000000000000000000000000000001D
:1033B000000000000000000000000000000000000D
:1033C00000000000000000000000000000000000FD
:1033D00000000000000000000000000000000000ED
:1033E00000000000000000000000000000000000DD
:1033F00000000000000000000000000000000000CD
:1034000000000000000000000000000000000000BC
:1034100000000000000000000000000000000000AC
:10342000000000000000000000000000000000009C
:10343000000000000000000000000000000000008C
:10344000000000000000000000000000000000007C
:10345000000000000000000000000000000000006C
:10346000000000000000000000000000000000005C
:10347000000000000000000000000000000000004C
:10348000000000000000000000000000000000003C
:10349000000000000000000000000000000000002C
:1034A000000000000000000000000000000000001C
:1034B000000000000000000000000000000000000C
:1034C00000000000000000000000000000000000FC
:1034D00000000000000000000000000000000000EC
:1034E00000000000000000000000000000000000DC
:1034F00000000000000000000000000000000000CC
:1035000000000000000000000000000000000000BB
:1035100000000000000000000000000000000000AB
:10352000000000000000000000000000000000009B
:10353000000000000000000000000000000000008B
:10354000000000000000000000000000000000007B
:10355000000000000000000000000000000000006B
:10356000000000000000000000000000000000005B
:10357000000000000000000000000000000000004B
:10358000000000000000000000000000000000003B
:10359000000000000000000000000000000000002B
:1035A000000000000000000000000000000000001B
:1035B000000000000000000000000000000000000B
:1035C00000000000000000000000000000000000FB
:1035D00000000000000000000000000000000000EB
:1035E00000000000000000000000000000000000DB
:1035F00000000000000000000000000000000000CB
:1036000000000000000000000000000000000000BA
:1036100000000000000000000000000000000000AA
:10362000000000000000000000000000000000009A
:10363000000000000000000000000000000000008A
:10364000000000000000000000000000000000007A
:10365000000000000000000000000000000000006A
:10366000000000000000000000000000000000005A
:10367000000000000000000000000000000000004A
:10368000000000000000000000000000000000003A
:10369000000000000000000000000000000000002A
:1036A000000000000000000000000000000000001A
:1036B000000000000000000000000000000000000A
:1036C00000000000000000000000000000000000FA
:1036D00000000000000000000000000000000000EA
:1036E000088308E508C408C408E508620000000073
:1036F00000000000000000000000000000000000CA
:1037000000000000000000000000000000000000B9
:1037100000000000000000000000000000000000A9
:103720000000000000000000000000000000000099
:103730000000000000000000000000000000000089
:103740000000000000000000000000000000000079
:103750000000000000000000000000000000000069
:103760000000000000000000000000000000000059
:103770000000000000000000000000000000000049
:103780000000000000000000000000000000000039
:103790000000000000000000000000000000000029
:1037A0000000000000000000000000000000000019
:1037B0000000000000000000000000000000000009
:1037C00000000000000000000000000000000000F9
:1037D00000000000000000000000000000000000E9
:1037E00000000000000000000000000000000000D9
:1037F00000000000000000000000000000000000C9
:1038000000000000000000000000000000000000B8
:1038100000000000000000000000000000000000A8
:103820000000000000000000000000000000000098
:103830000000000000000000000000000000000088
:103840000000000000000000000000000000000078
:103850000000000000000000000000000000000068
:103860000000000000000000000000000000000058
:103870000000000000000000000000000000000048
:103880000000000000000000000000000000000038
:103890000000000000000000000000000000000028
:1038A0000000000000000000000000000000000018
:1038B00000000000000000000000000000001147B0
:1038C0003C9A3CFC3D1D3D1D3CFC34790926000022
:1038D00000000000000000000000000000000000E8
:1038E00000000000000000000000000000000000D8
:1038F00000000000000000000000000000000000C8
:1039000000000000000000000000000000000000B7
:1039100000000000000000000000000000000000A7
:103920000000000000000000000000000000000097
:103930000000000000000000000000000000000087
:103940000000000000000000000000000000000077
:103950000000000000000000000000000000000067
:103960000000000000000000000000000000000057
:103970000000000000000000000000000000000047
:103980000000000000000000000000000000000037
:103990000000000000000000000000000000000027
:1039A0000000000000000000000000000000000017
:1039B0000000000000000000000000000000000007
:1039C00000000000000000000000000000000000F7
:1039D00000000000000000000000000000000000E7
:1039E00000000000000000000000000000000000D7
:1039F00000000000000000000000000000000000C7
:103A000000000000000000000000000000000000B6
:103A100000000000000000000000000000000000A6
:103A20000000000000000000000000000000000096
:103A30000000000000000000000000000000000086
:103A40000000000000000000000000000000000076
:103A50000000000000000000000000000000000066
:103A60000000000000000000000000000000000056
:103A70000000000000000000000000000000000046
:103A80000000000000000000000000000000000036
:103A90000000000000000000000000000021345879
:103AA0003D1D3458228F22AF34793D3D341700211B
:103AB0000000000000000000000000000000000006
:103AC00000000000000000000000000000000000F6
:103AD00000000000000000000000000000000000E6
:103AE00000000000000000000000000000000000D6
:103AF00000000000000000000000000000000000C6
:103B000000000000000000000000000000000000B5
:103B100000000000000000000000000000000000A5
:103B20000000000000000000000000000000000095
:103B30000000000000000000000000000000000085
:103B40000000000000000000000000000000000075
:103B50000000000000000000000000000000000065
:103B60000000000000000000000000000000000055
:103B70000000000000000000000000000000000045
:103B80000000000000000000000000000000000035
:103B90000000000000000000000000000000000025
:103BA0000000000000000000000000000000000015
:103BB0000000000000000000000000000000000005
:103BC00000000000000000000000000000000000F5
:103BD00000000000000000000000000000000000E5
:103BE00000000000000000000000000000000000D5
:103BF00000000000000000000000000000000000C5
:103C000000000000000000000000000000000000B4
:103C100000000000000000000000000000000000A4
:103C20000000000000000000000000000000000094
:103C30000000000000000000000000000000000084
:103C40000000000000000000000000000000000074
:103C50000000000000000000000000000000000064
:103C60000000000000000000000000000000000054
:103C700000000000000000000000000011683D1D71
:103C8000347908A40000000008C534993D1C114790
:103C90000000000000000000000000000000000024
:103CA0000000000000000000000000000000000014
:103CB0000000000000000000000000000000000004
:103CC00000000000000000000000000000000000F4
:103CD00000000000000000000000000000000000E4
:103CE00000000000000000000000000000000000D4
:103CF00000000000000000000000000008C411CA1D
:103D000011AA11AA11AA11AA11EB0947000000007B
:103D100000000000000000000000000000000000A3
:103D20000000000000000000000000000000000093
:103D30000000000000000000000000000000000083
:103D40000000000000000000000000000000000073
:103D50000000000000000000000000000000000063
:103D60000000000000000000000000000000000053
:103D70000000000000000042088300000000000076
:103D80000000000000000000000000000000000033
:103D90000000000000000000000000000000000023
:103DA0000000000000000000000000000000000013
:103DB0000000000000000000000000000000000003
:103DC00000000000000000000000000000000000F3
:103DD00000000000000000000000000000000000E3
:103DE00000000000000000000063120B126D094784
:103DF00000000000000000000000000000000000C3
:103E000000000000000000000000000000000000B2
:103E100000000000000000000000000000000000A2
:103E20000000000000000000000000000000000092
:103E30000000000000000000000000000000000082
:103E40000000000000000000000000000000000072
:103E500000000000000000000000000019CA3D5EE4
:103E60002B9400000020000000002BB53D3D19A957
:103E70000000000000000000000000000000000042
:103E80000000000000000000000000000000000032
:103E90000000000000000000000000000000000022
:103EA0000000000000000000000000000000000012
:103EB0000000000000000000000000000000000002
:103EC00000000000000000000000000000000000F2
:103ED0000000000000000000000000001AF0265F53
:103EE00025DF25DF25FF25BF25DF1C58000000004A
:103EF00000000000000000000000000000000000C2
:103F000000000000000000000000000000000000B1
:103F100000000000000000000000000000000000A1
:103F20000000000000000000000000000000000091
:103F30000000000000000000000000000000000081
:103F40000000000000000000000000000000000071
:103F5000000000421B73251D255E1CBA122C0000B8
:103F60000000000000000000000000000000000051
:103F70000000000000000000000000000000000041
:103F80000000000000000000000000000000000031
:103F90000000000000000000000000000000000021
:103FA0000000000000000000000000000000000011
:103FB0000000000000000000000000000000000001
:103FC000000000000000090624FB25DF25FF25BFB7
:103FD0001B32000000000000000000000000000094
:103FE00000000000000000000000000000000000D1
:103FF00000000000000000000000000000000000C1
:1040000000000000000000000000000000000000B0
:1040100000000000000000000000000000000000A0
:104020000000000000000000000000000000000090
:1040300000000000000000000000000011CA3D5E0A
:104040002B9400000000000000002BF63D9F11891A
:104050000000000000000000000000000000000060
:104060000000000000000000000000000000000050
:104070000000000000000000000000000000000040
:104080000000000000000000000000000000000030
:104090000000000000000000000000000000000020
:1040A0000000000000000000000000000000000010
:1040B00000000000000000000000000009A91B949F
:1040C0001332135213311C581DBF1B320000000065
:1040D00000000000000000000000000000000000E0
:1040E00000000000000000000000000000000000D0
:1040F00000000000000000000000000000000000C0
:1041000000000000000000000000000000000000AF
:10411000000000000000000000000000000000009F
:10412000000000000000000000000000000000008F
:1041300000001B9325FF1C991B941D5E25BF098859
:10414000000000000000000000000000000000006F
:10415000000000000000000000000000000000005F
:10416000000000000000000000000000000000004F
:10417000000000000000000000000000000000003F
:10418000000000000000000000000000000000002F
:10419000000000000000000000000000000000001F
:1041A0000000000000001C371DDF1B94122C1CDBDC
:1041B00025DF11EB000000000000000000000000FF
:1041C00000000000000000000000000000000000EF
:1041D00000000000000000000000000000000000DF
:1041E00000000000000000000000000000000000CF
:1041F00000000000000000000000000000000000BF
:1042000000000000000000000000000000000000AE
:1042100000000000000000000000000011CA3D5E28
:104220002BB4000000000000000011AA2B32004255
:10423000000000000000000000000000000000007E
:10424000000000000000000000000000000000006E
:10425000000000000000000000000000000000005E
:10426000000000000000000000000000000000004E
:10427000000000000000000000000000000000003E
:10428000000000000000000000000000000000002E
:10429000000000000000000000000000000000001E
:1042A0000000000000001C371DBF092600000000B0
:1042B00000000000000000000000000000000000FE
:1042C00000000000000000000000000000000000EE
:1042D00000000000000000000000000000000000DE
:1042E00000000000000000000000000000000000CE
:1042F00000000000000000000000000000000000BE
:1043000000000000000000000000000000000000AD
:1043100000211CBB1D5E08C4000012B01DFF12CF9F
:10432000000000000000000000000000000000008D
:10433000000000000000000000000000000000007D
:10434000000000000000000000000000000000006D
:10435000000000000000000000000000000000005D
:10436000000000000000000000000000000000004D
:10437000000000000000000000000000000000003D
:104380000000000008A41D5E1CFC0062000011EB90
:104390001DDF1BD500000000000000000000000031
:1043A000000000000000000000000000000000000D
:1043B00000000000000000000000000000000000FD
:1043C00000000000000000000000000000000000ED
:1043D00000000000000000000000000000000000DD
:1043E00000000000000000000000000000000000CD
:1043F00000000000000000000000000011CA3D5E47
:104400002B940000000000000000000000000000ED
:10441000000000000000000000000000000000009C
:10442000000000000000000000000000000000008C
:10443000000000000000000000000000000000007C
:10444000000000000000000000000000000000006C
:10445000000000000000000000000000000000005C
:10446000000000000000000000000000000000004C
:10447000000000000000000000000000000000003C
:1044800000200000098925DF1C3700000000000023
:10449000000000000000000000000000000000001C
:1044A000000000000000000000000000000000000C
:1044B00000000000000000000000000000000000FC
:1044C00000000000000000000000000000000000EC
:1044D00000000000000000000000000000000000DC
:1044E00000000000000000000000000000000000CC
:1044F00000001C3725DF09CA000013B5261F11EB89
:1045000000000000000000000000000000000000AB
:10451000000000000000000000000000000000009B
:10452000000000000000000000000000000000008B
:10453000000000000000000000000000000000007B
:10454000000000000000000000000000000000006B
:10455000000000000000000000000000000000005B
:104560000000000008E5257E1C790000000000C462
:104570001D7F1C9A002100000000000000000000C8
:10458000000000000000000000000000000000002B
:10459000000000000000000000000000000000001B
:1045A000000000000000000000000000000000000B
:1045B00000000000000000000000000000000000FB
:1045C00000000000000000000000000000000000EB
:1045D00000000000000000000000000011CA3D3E85
:1045E0002BB50000000000000000000000000000EB
:1045F00000000000000000000000000000000000BB
:1046000000000000000000000000000000000000AA
:10461000000000000000000000000000000000009A
:10462000000000000000000000000000000000008A
:10463000000000000000000000000000000000007A
:10464000000000000000000000000000000000006A
:10465000000000000000000000000000000000005A
:10466000000000001B9425FF122C00000000000039
:10467000000000000000000000000000000000003A
:10468000000000000000000000000000000000002A
:10469000000000000000000000000000000000001A
:1046A000000000000000000000000000000000000A
:1046B00000000000000000000000000000000000FA
:1046C00000000000000000000000000000000000EA
:1046D000000009681D3D1D1C1C371D7F1B94000038
:1046E00000000000000000000000000000000000CA
:1046F00000000000000000000000000000000000BA
:1047000000000000000000000000000000000000A9
:104710000000000000000000000000000000000099
:104720000000000000000000000000000000000089
:104730000000000000000000000000000000000079
:104740000000000000831D1D1D3D096800001311BD
:104750001DBF1CBA00410000000000000000000066
:104760000000000000000000000000000000000049
:104770000000000000000000000000000000000039
:104780000000000000000000000000000000000029
:104790000000000000000000000000000000000019
:1047A0000000000000000000000000000000000009
:1047B000000000000000000000622B53345934DB7D
:1047C00034BB2BF62C172C172BF62BF62BF62C17AD
:1047D0002B53004200000000000000000000000019
:1047E00000000000000000000000000000000000C9
:1047F00000000000000000000000000000000000B9
:1048000000000000000000000000000000000000A8
:104810000000000000000000000000000000000098
:104820000000000000000000000000000000000088
:104830000000000000000000000000000000000078
:10484000000008C41D5E1CFC0062000000000000A7
:104850000000000000000000000000000000000058
:104860000000000000000000000000000000000048
:104870000000000000000000000000000000000038
:104880000000000000000000000000000000000028
:104890000000000000000000000000000000000018
:1048A0000000000000000000000000000000000008
:1048B000000000001BB51DBF1DDF1D1D09270000E6
:1048C00000000000000000000000000000000000E8
:1048D00000000000000000000000000000000000D8
:1048E00000000000000000000000000000000000C8
:1048F00000000000000000000000000000000000B8
:1049000000000000000000000000000000000000A7
:104910000000000000000000000000000000000097
:104920000000000000001B941DFF1D3D1D1C253DC7
:104930001D3D1CBA00210000000000000000000026
:104940000000000000000000000000000000000067
:104950000000000000000000000000000000000057
:104960000000000000000000000000000000000047
:104970000000000000000000000000000000000037
:104980000000000000000000000000000000000027
:1049900000000000000000001A6D3D5E34DB34DBD7
:1049A00034DB3D3D349A349A3D3D34FC34FC34DCF8
:1049B0003D5E1A2C00000000000000000000000016
:1049C00000000000000000000000000000000000E7
:1049D00000000000000000000000000000000000D7
:1049E00000000000000000000000000000000000C7
:1049F00000000000000000000000000000000000B7
:104A000000000000000000000000000000000000A6
:104A10000000000000000000000000000000000096
:104A2000000012CF25FF133200000000000000003C
:104A30000000000000000000000000000000000076
:104A40000000000000000000000000000000000066
:104A50000000000000000000000000000000000056
:104A60000000000000000000000000000000000046
:104A70000000000000000000000000000000000036
:104A80000000000000000000000000000000000026
:104A900000001B5225FF1BD512AF1D7E253D0926A8
:104AA0000000000000000000000000000000000006
:104AB00000000000000000000000000000000000F6
:104AC00000000000000000000000000000000000E6
:104AD00000000000000000000000000000000000D6
:104AE00000000000000000000000000000000000C6
:104AF00000000000000000000000000000000000B6
:104B000000000000000000621B531CBA1C3711CAD1
:104B10001D3D1C58000000000000000000000000C7
:104B20000000000000000000000000000000000085
:104B30000000000000000000000000000000000075
:104B40000000000000000000000000000000000065
:104B50000000000000000000000000000000000055
:104B60000000000000000000000000000000000045
:104B7000000000000000000022AF3D1D34BA34BB2D
:104B800034FC22CF0021002122F034FC34BA34BAA4
:104B90003D1D1A6E00000000000000000000000033
:104BA0000000000000000000000000000000000005
:104BB00000000000000000000000000000000000F5
:104BC00000000000000000000000000000000000E5
:104BD00000000000000000000000000000000000D5
:104BE00000000000000000000000000000000000C5
:104BF00000000000000000000000000000000000B5
:104C000000211CBA1D9F09470000000000000000A1
:104C10000000000000000000000000000000000094
:104C20000000000000000000000000000000000084
:104C30000000000000000000000000000000000074
:104C40000000000000000000000000000000000064
:104C50000000000000000000000000000000000054
:104C60000000000000000000000000000000000044
:104C700008C4259F1C9900210000122C25DF1BD59C
:104C80000000000000000000000000000000000024
:104C90000000000000000000000000000000000014
:104CA0000000000000000000000000000000000004
:104CB00000000000000000000000000000000000F4
:104CC00000000000000000000000000000000000E4
:104CD00000000000000000000000000000000000D4
:104CE000000000000000000000000000000009A912
:104CF0001DFF131100000000000000000000000074
:104D000000000000000000000000000000000000A3
:104D10000000000000000000000000000000000093
:104D20000000000000000000000000000000000083
:104D30000000000000000000000000000000000073
:104D40000000000000000000000000000000000063
:104D500000000000000000001A8F3D1D34BA34FC32
:104D600034380000000000000021345934DB34BA2C
:104D70003D1D1A6D00000000000000000000000052
:104D80000000000000000000000000000000000023
:104D90000000000000000000000000000000000013
:104DA0000000000000000000000000000000000003
:104DB00000000000000000000000000000000000F3
:104DC00000000000000000000000000000000000E3
:104DD00000000000000000000000000000200000B3
:104DE00009CA1DBF1C3700000000000000000000C1
:104DF00000000000000000000000000000000000B3
:104E000000000000000000000000000000000000A2
:104E10000000000000000000000000000000000092
:104E20000000000000000000000000000000000082
:104E30000000000000000000000000000000000072
:104E40000000000000000000000000000000000062
:104E500009471DBF1BF60000000008C51D9F1C5818
:104E60000000000000000000000000000000000042
:104E70000000000000000000000000000000000032
:104E80000000000000000000000000000000000022
:104E90000000000000000000000000000000000012
:104EA0000000000000000000000000000000000002
:104EB00000000000000000000000000000000000F2
:104EC00000000000000000210041002109891CFCB5
:104ED000259F0906000000000000000000000000FF
:104EE00000000000000000000000000000000000C2
:104EF00000000000000000000000000000000000B2
:104F000000000000000000000000000000000000A1
:104F10000000000000000000000000000000000091
:104F20000000000000000000000000000000000081
:104F30000000000000000000228F3D1D34BA34FC48
:104F40002BB5000000000000000033D534FC34BA5B
:104F50003D1D1A6D00000000000000000000000070
:104F60000000000000000000000000000000000041
:104F70000000000000000000000000000000000031
:104F80000000000000000000000000000000000021
:104F90000000000000000000000000000000000011
:104FA0000000000000000000000000000000000001
:104FB00000000000000000000000000000000000F1
:104FC0001C58263F122C00000020000000000000AA
:104FD00000000000000000000000000000000000D1
:104FE00000000000000000000000000000000000C1
:104FF00000000000000000000000000000000000B1
:1050000000000000000000000000000000000000A0
:105010000000000000000000000000000000000090
:105020000000000000000000000000000000000080
:1050300000831D1C1D9F1B31120B1C3825FF1311F3
:105040000000000000000000000000000000000060
:105050000000000000000000000000000000000050
:105060000000000000000000000000000000000040
:105070000000000000000000000000000000000030
:105080000000000000000000000000000000000020
:105090000000000000000000000000000000000010
:1050A000000000000000126D253D1CFB25DF25BF20
:1050B000128E000000000000000000000000000050
:1050C00000000000000000000000000000000000E0
:1050D00000000000000000000000000000000000D0
:1050E00000000000000000000000000000000000C0
:1050F00000000000000000000000000000000000B0
:10510000000000000000000000000000000000009F
:10511000000000000000000022AF3D1C34BA34DB68
:1051200034BA08C40000000008E534BB34DB34BAEC
:105130003D1D1A6D0000000000000000000000008E
:10514000000000000000000000000000000000005F
:10515000000000000000000000000000000000004F
:10516000000000000000000000000000000000003F
:10517000000000000000000000000000000000002F
:10518000000000000000000000000000000000001F
:10519000000000000000000000000000000008A364
:1051A0001BF61BD50083000000000000000000007B
:1051B00000000000000000000000000000000000EF
:1051C00000000000000000000000000000000000DF
:1051D00000000000000000000000000000000000CF
:1051E00000000000000000000000000000000000BF
:1051F00000000000000000000000000000000000AF
:10520000000000000000000000000000000000009E
:10521000000011CA24FC25DF25FF259F1BB5004196
:10522000000000000000000000000000000000007E
:10523000000000000000000000000000000000006E
:10524000000000000000000000000000000000005E
:10525000000000000000000000000000000000004E
:10526000000000000000000000000000000000003E
:10527000000000000000000000000000000000002E
:10528000000000000000120B24FB1C7913B40989F4
:10529000000000000000000000000000000000000E
:1052A00000000000000000000000000000000000FE
:1052B00000000000000000000000000000000000EE
:1052C00000000000000000000000000000000000DE
:1052D00000000000000000000000000000000000CE
:1052E00000000000000000000000000000000000BE
:1052F00000000000000000001A8F3D1D34BB34BBCD
:10530000351C2B94000000002BD53D1C34BB34BB56
:105310003D1D226E000000000000000000000000A3
:10532000000000000000000000000000000000007D
:10533000000000000000000000000000000000006D
:10534000000000000000000000000000000000005D
:10535000000000000000000000000000000000004D
:10536000000000000000000000000000000000003D
:10537000000000000000000000000000000000002D
:10538000000000000000000000000000000000001D
:10539000000000000000000000000000000000000D
:1053A00000000000000000000000000000000000FD
:1053B00000000000000000000000000000000000ED
:1053C00000000000000000000000000000000000DD
:1053D00000000000000000000000000000000000CD
:1053E00000000000000000000000000000000000BD
:1053F0000000000000420967098908E5000000007C
:10540000000000000000000000000000000000009C
:10541000000000000000000000000000000000008C
:10542000000000000000000000000000000000007C
:10543000000000000000000000000000000000006C
:10544000000000000000000000000000000000005C
:10545000000000000000000000000000000000004C
:10546000000000000000000000000000000000003C
:10547000000000000000000000000000000000002C
:10548000000000000000000000000000000000001C
:10549000000000000000000000000000000000000C
:1054A00000000000000000000000000000000000FC
:1054B00000000000000000000000000000000000EC
:1054C00000000000000000000000000000000000DC
:1054D0000000000000000000228F3D1D34BB34BBE3
:1054E00034DC345800000000347934DC34BB34BB85
:1054F0003D1D1A6D000000000000000000000000CB
:10550000000000000000000000000000000000009B
:10551000000000000000000000000000000000008B
:10552000000000000000000000000000000000007B
:10553000000000000000000000000000000000006B
:10554000000000000000000000000000000000005B
:10555000000000000000000000000000000000004B
:10556000000000000000000000000000000000003B
:10557000000000000000000000000000000000002B
:10558000000000000000000000000000000000001B
:10559000000000000000000000000000000000000B
:1055A00000000000000000000000000000000000FB
:1055B00000000000000000000000000000000000EB
:1055C00000000000000000000000000000000000DB
:1055D00000000000000000000000000000000000CB
:1055E00000000000000000000000000000000000BB
:1055F00000000000000000000000000000000000AB
:10560000000000000000000000000000000000009A
:10561000000000000000000000000000000000008A
:10562000000000000000000000000000000000007A
:10563000000000000000000000000000000000006A
:10564000000000000000000000000000000000005A
:10565000000000000000000000000000000000004A
:10566000000000000000000000000000000000003A
:10567000000000000000000000000000000000002A
:10568000000000000000000000000000000000001A
:10569000000000000000000000000000000000000A
:1056A00000000000000000000000000000000000FA
:1056B000000000000000000022AF3D3D349A34BBE2
:1056C00034BB34DB2311231134DB34BB34BB349AB9
:1056D0003D3D1A8E000000000000000000000000A8
:1056E00000000000000000000000000000000000BA
:1056F00000000000000000000000000000000000AA
:105700000000000000000000000000000000000099
:105710000000000000000000000000000000000089
:105720000000000000000000000000000000000079
:105730000000000000000000000000000000000069
:105740000000000000000000000000000000000059
:105750000000000000000000000000000000000049
:105760000000000000000000000000000000000039
:105770000000000000000000000000000000000029
:105780000000000000000000000000000000000019
:105790000000000000000000000000000000000009
:1057A00000000000000000000000000000000000F9
:1057B00000000000000000000000000000000000E9
:1057C00000000000000000000000000000000000D9
:1057D00000000000000000000000000000000000C9
:1057E00000000000000000000000000000000000B9
:1057F00000000000000000000000000000000000A9
:105800000000000000000000000000000000000098
:105810000000000000000000000000000000000088
:105820000000000000000000000000000000000078
:105830000000000000000000000000000000000068
:105840000000000000000000000000000000000058
:105850000000000000000000000000000000000048
:105860000000000000000000000000000000000038
:105870000000000000000000000000000000000028
:105880000000000000000000000000000000000018
:10589000000000000000000011473CDB3D1C3CFC08
:1058A0003D1C3D1C3D5E3D3E3D1C3D1C3D1C3D1CCC
:1058B0003CDB11260000000000000000000000009A
:1058C00000000000000000000000000000000000D8
:1058D00000000000000000000000000000000000C8
:1058E00000000000000000000000000000000000B8
:1058F00000000000000000000000000000000000A8
:105900000000000000000000000000000000000097
:105910000000000000000000000000000000000087
:105920000000000000000000000000000000000077
:105930000000000000000000000000000000000067
:105940000000000000000000000000000000000057
:105950000000000000000000000000000000000047
:105960000000000000000000000000000000000037
:105970000000000000000000000000000000000027
:105980000000000000000000000000000000000017
:105990000000000000000000000000000000000007
:1059A00000000000000000000000000000000000F7
:1059B00000000000000000000000000000000000E7
:1059C00000000000000000000000000000000000D7
:1059D00000000000000000000000000000000000C7
:1059E00000000000000000000000000000000000B7
:1059F00000000000000000000000000000000000A7
:105A00000000000000000000000000000000000096
:105A10000000000000000000000000000000000086
:105A20000000000000000000000000000000000076
:105A30000000000000000000000000000000000066
:105A40000000000000000000000000000000000056
:105A50000000000000000000000000000000000046
:105A60000000000000000000000000000000000036
:105A70000000000000000000000008E51188116827
:105A800011681188116811681168116811881188EE
:105A900008C400000000000000000000000000003A
:105AA00000000000000000000000000000000000F6
:105AB00000000000000000000000000000000000E6
:105AC00000000000000000000000000000000000D6
:105AD00000000000000000000000000000000000C6
:105AE00000000000000000000000000000000000B6
:105AF00000000000000000000000000000000000A6
:105B00000000000000000000000000000000000095
:105B10000000000000000000000000000000000085
:105B20000000000000000000000000000000000075
:105B30000000000000000000000000000000000065
:105B40000000000000000000000000000000000055
:105B50000000000000000000000000000000000045
:105B60000000000000000000000000000000000035
:105B70000000000000000000000000000000000025
:105B80000000000000000000000000000000000015
:105B90000000000000000000000000000000000005
:105BA00000000000000000000000000000000000F5
:105BB00000000000000000000000000000000000E5
:105BC00000000000000000000000000000000000D5
:105BD00000000000000000000000000000000000C5
:105BE00000000000000000000000000000000000B5
:105BF00000000000000000000000000000000000A5
:105C00000000000000000000000000000000000094
:105C10000000000000000000000000000000000084
:105C20000000000000000000000000000000000074
:105C30000000000000000000000000000000000064
:105C40000000000000000000000000000000000054
:105C50000000000000000000000000000000000044
:105C60000000000000000000000000000000000034
:105C70000000000000000000000000000000000024
:105C80000000000000000000000000000000000014
:105C90000000000000000000000000000000000004
:105CA00000000000000000000000000000000000F4
:105CB00000000000000000000000000000000000E4
:105CC00000000000000000000000000000000000D4
:105CD00000000000000000000000000000000000C4
:105CE00000000000000000000000000000000000B4
:105CF00000000000000000000000000000000000A4
:105D00000000000000000000000000000000000093
:105D10000000000000000000000000000000000083
:105D20000000000000000000000000000000000073
:105D30000000000000000000000000000000000063
:105D40000000000000000000000000000000000053
:105D50000000000000000000000000000000000043
:105D60000000000000000000000000000000000033
:105D70000000000000000000000000000000000023
:105D80000000000000000000000000000000000013
:105D90000000000000000000000000000000000003
:105DA00000000000000000000000000000000000F3
:105DB00000000000000000000000000000000000E3
:105DC00000000000000000000000000000000000D3
:105DD00000000000000000000000000000000000C3
:105DE00000000000000000000000000000000000B3
:105DF00000000000000000000000000000000000A3
:105E00000000000000000000000000000000000092
:105E10000000000000000000000000000000000082
:105E20000000000000000000000000000000000072
:105E30000000000000000000000000000000000062
:105E40000000000000000000000000000000000052
:105E50000000000000000000000000000000000042
:105E60000000000000000000000000000000000032
:105E70000000000000000000000000000000000022
:105E80000000000000000000000000000000000012
:105E90000000000000000000000000000000000002
:105EA00000000000000000000000000000000000F2
:105EB00000000000000000000000000000000000E2
:105EC00000000000000000000000000000000000D2
:105ED00000000000000000000000000000000000C2
:105EE00000000000000000000000000000000000B2
:105EF00000000000000000000000000000000000A2
:105F00000000000000000000000000000000000091
:105F10000000000000000000000000000000000081
:105F20000000000000000000000000000000000071
:105F30000000000000000000000000000000000061
:105F40000000000000000000000000000000000051
:105F50000000000000000000000000000000000041
:105F60000000000000000000000000000000000031
:105F70000000000000000000000000000000000021
:105F80000000000000000000000000000000000011
:105F90000000000000000000000000000000000001
:105FA00000000000000000000000000000000000F1
:105FB00000000000000000000000000000000000E1
:105FC00000000000000000000000000000000000D1
:105FD00000000000000000000000000000000000C1
:105FE00000000000000000000000000000000000B1
:105FF00000000000000000000000000000000000A1
:106000000000000000000000000000000000000090
:106010000000000000000000000000000000000080
:106020000000000000000000000000000000000070
:106030000000000000000000000000000000000060
:106040000000000000000000000000000000000050
:106050000000000000000000000000000000000040
:106060000000000000000000000000000000000030
:106070000000000000000000000000000000000020
:106080000000000000000000000000000000000010
:106090000000000000000000000000000000000000
:1060A00000000000000000000000000000000000F0
:1060B00000000000000000000000000000000000E0
:1060C00000000000000000000000000000000000D0
:1060D00000000000000000000000000000000000C0
:1060E00000000000000000000000000000000000B0
:1060F00000000000000000000000000000000000A0
:10610000000000000000000000000000000000008F
:10611000000000000000000000000000000000007F
:10612000000000000000000000000000000000006F
:10613000000000000000000000000000000000005F
:10614000000000000000000000000000000000004F
:10615000000000000000000000000000000000003F
:10616000000000000000000000000000000000002F
:10617000000000000000000000000000000000001F
:10618000000000000000000000000000000000000F
:1061900000000000000000000000000000000000FF
:1061A00000000000000000000000000000000000EF
:1061B00000000000000000000000000000000000DF
:1061C00000000000000000000000000000000000CF
:1061D00000000000000000000000000000000000BF
:1061E00000000000000000000000000000000000AF
:1061F000000000000000000000000000000000009F
:10620000000000000000000000000000000000008E
:10621000000000000000000000000000000000007E
:10622000000000000000000000000000000000006E
:10623000000000000000000000000000000000005E
:10624000000000000000000000000000000000004E
:10625000000000000000000000000000000000003E
:10626000000000000000000000000000000000002E
:10627000000000000000000000000000000000001E
:10628000000000000000000000000000000000000E
:1062900000000000000000000000000000000000FE
:1062A00000000000000000000000000000000000EE
:1062B00000000000000000000000000000000000DE
:1062C00000000000000000000000000000000000CE
:1062D00000000000000000000000000000000000BE
:1062E00000000000000000000000000000000000AE
:1062F000000000000000000000000000000000009E
:10630000000000000000000000000000000000008D
:10631000000000000000000000000000000000007D
:10632000000000000000000000000000000000006D
:10633000000000000000000000000000000000005D
:10634000000000000000000000000000000000004D
:10635000000000000000000000000000000000003D
:10636000000000000000000000000000000000002D
:10637000000000000000000000000000000000001D
:10638000000000000000000000000000000000000D
:1063900000000000000000000000000000000000FD
:1063A00000000000000000000000000000000000ED
:1063B00000000000000000000000000000000000DD
:1063C00000000000000000000000000000000000CD
:1063D00000000000000000000000000000000000BD
:1063E00000000000000000000000000000000000AD
:1063F000000000000000000000000000000000009D
:10640000000000000000000000000000000000008C
:10641000000000000000000000000000000000007C
:10642000000000000000000000000000000000006C
:10643000000000000000000000000000000000005C
:10644000000000000000000000000000000000004C
:10645000000000000000000000000000000000003C
:10646000000000000000000000000000000000002C
:10647000000000000000000000000000000000001C
:10648000000000000000000000000000000000000C
:1064900000000000000000000000000000000000FC
:1064A00000000000000000000000000000000000EC
:1064B00000000000000000000000000000000000DC
:1064C00000000000000000000000000000000000CC
:1064D00000000000000000000000000000000000BC
:1064E00000000000000000000000000000000000AC
:1064F000000000000000000000000000000000009C
:10650000000000000000000000000000000000008B
:10651000000000000000000000000000000000007B
:10652000000000000000000000000000000000006B
:10653000000000000000000000000000000000005B
:10654000000000000000000000000000000000004B
:10655000000000000000000000000000000000003B
:10656000000000000000000000000000000000002B
:10657000000000000000000000000000000000001B
:10658000000000000000000000000000000000000B
:1065900000000000000000000000000000000000FB
:1065A00000000000000000000000000000000000EB
:1065B00000000000000000000000000000000000DB
:1065C00000000000000000000000000000000000CB
:1065D00000000000000000000000000000000000BB
:1065E00000000000000000000000000000000000AB
:1065F000000000000000000000000000000000009B
:10660000000000000000000000000000000000008A
:10661000000000000000000000000000000000007A
:10662000000000000000000000000000000000006A
:10663000000000000000000000000000000000005A
:10664000000000000000000000000000000000004A
:10665000000000000000000000000000000000003A
:10666000000000000000000000000000000000002A
:10667000000000000000000000000000000000001A
:10668000000000000000000000000000000000000A
:1066900000000000000000000000000000000000FA
:1066A00000000000000000000000000000000000EA
:1066B00000000000000000000000000000000000DA
:1066C00000000000000000000000000000000000CA
:1066D00000000000000000000000000000000000BA
:1066E00000000000000000000000000000000000AA
:1066F000000000000000000000000000000000009A
:106700000000000000000000000000000000000089
:106710000000000000000000000000000000000079
:106720000000000000000000000000000000000069
:106730000000000000000000000000000000000059
:106740000000000000000000000000000000000049
:106750000000000000000000000000000000000039
:106760000000000000000000000000000000000029
:106770000000000000000000000000000000000019
:106780000000000000000000000000000000000009
:1067900000000000000000000000000000000000F9
:1067A00000000000000000000000000000000000E9
:1067B00000000000000000000000000000000000D9
:1067C00000000000000000000000000000000000C9
:1067D00000000000000000000000000000000000B9
:1067E00000000000000000000000000000000000A9
:1067F0000000000000000000000000000000000099
:106800000000000000000000000000000000000088
:106810000000000000000000000000000000000078
:106820000000000000000000000000000000000068
:106830000000000000000000000000000000000058
:106840000000000000000000000000000000000048
:106850000000000000000000000000000000000038
:106860000000000000000000000000000000000028
:106870000000000000000000000000000000000018
:106880000000000000000000000000000000000008
:1068900000000000000000000000000000000000F8
:1068A00000000000000000000000000000000000E8
:1068B00000000000000000000000000000000000D8
:1068C00000000000000000000000000000000000C8
:1068D00000000000000000000000000000000000B8
:1068E00000000000000000000000000000000000A8
:1068F0000000000000000000000000000000000098
:106900000000000000000000000000000000000087
:106910000000000000000000000000000000000077
:106920000000000000000000000000000000000067
:106930000000000000000000000000000000000057
:106940000000000000000000000000000000000047
:106950000000000000000000000000000000000037
:106960000000000000000000000000000000000027
:106970000000000000000000000000000000000017
:106980000000000000000000000000000000000007
:1069900000000000000000000000000000000000F7
:1069A00000000000000000000000000000000000E7
:1069B00000000000000000000000000000000000D7
:1069C00000000000000000000000000000000000C7
:1069D00000000000000000000000000000000000B7
:1069E00000000000000000000000000000000000A7
:1069F0000000000000000000000000000000000097
:106A00000000000000000000000000000000000086
:106A10000000000000000000000000000000000076
:106A20000000000000000000000000000000000066
:106A30000000000000000000000000000000000056
:106A40000000000000000000000000000000000046
:106A50000000000000000000000000000000000036
:106A60000000000000000000000000000000000026
:106A70000000000000000000000000000000000016
:106A80000000000000000000000000000000000006
:106A900000000000000000000000000000000000F6
:106AA00000000000000000000000000000000000E6
:106AB00000000000000000000000000000000000D6
:106AC00000000000000000000000000000000000C6
:106AD00000000000000000000000000000000000B6
:106AE00000000000000000000000000000000000A6
:106AF0000000000000000000000000000000000096
:106B00000000000000000000000000000000000085
:106B10000000000000000000000000000000000075
:106B20000000000000000000000000000000000065
:106B30000000000000000000000000000000000055
:106B40000000000000000000000000000000000045
:106B50000000000000000000000000000000000035
:106B60000000000000000000000000000000000025
:106B70000000000000000000000000000000000015
:106B80000000000000000000000000000000000005
:106B900000000000000000000000000000000000F5
:106BA00000000000000000000000000000000000E5
:106BB00000000000000000000000000000000000D5
:106BC00000000000000000000000000000000000C5
:106BD00000000000000000000000000000000000B5
:106BE00000000000000000000000000000000000A5
:106BF0000000000000000000000000000000000095
:106C00000000000000000000000000000000000084
:106C10000000000000000000000000000000000074
:106C20000000000000000000000000000000000064
:106C30000000000000000000000000000000000054
:106C40000000000000000000000000000000000044
:106C50000000000000000000000000000000000034
:106C60000000000000000000000000000000000024
:106C70000000000000000000000000000000000014
:106C80000000000000000000000000000000000004
:106C900000000000000000000000000000000000F4
:106CA00000000000000000000000000000000000E4
:106CB00000000000000000000000000000000000D4
:106CC00000000000000000000000000000000000C4
:106CD00000000000000000000000000000000000B4
:106CE00000000000000000000000000000000000A4
:106CF0000000000000000000000000000000000094
:106D00000000000000000000000000000000000083
:106D10000000000000000000000000000000000073
:106D20000000000000000000000000000000000063
:106D30000000000000000000000000000000000053
:106D40000000000000000000000000000000000043
:106D50000000000000000000000000000000000033
:106D60000000000000000000000000000000000023
:106D70000000000000000000000000000000000013
:106D80000000000000000000000000000000000003
:106D900000000000000000000000000000000000F3
:106DA00000000000000000000000000000000000E3
:106DB00000000000000000000000000000000000D3
:106DC00000000000000000000000000000000000C3
:106DD00000000000000000000000000000000000B3
:106DE00000000000000000000000000000000000A3
:106DF0000000000000000000000000000000000093
:106E00000000000000000000000000000000000082
:106E10000000000000000000000000000000000072
:106E20000000000000000000000000000000000062
:106E30000000000000000000000000000000000052
:106E40000000000000000000000000000000000042
:106E50000000000000000000000000000000000032
:106E60000000000000000000000000000000000022
:106E70000000000000000000000000000000000012
:106E80000000000000000000000000000000000002
:106E900000000000000000000000000000000000F2
:106EA00000000000000000000000000000000000E2
:106EB00000000000000000000000000000000000D2
:106EC00000000000000000000000000000000000C2
:106ED00000000000000000000000000000000000B2
:106EE00000000000000000000000000000000000A2
:106EF0000000000000000000000000000000000092
:106F00000000000000000000000000000000000081
:106F10000000000000000000000000000000000071
:106F20000000000000000000000000000000000061
:106F30000000000000000000000000000000000051
:106F40000000000000000000000000000000000041
:106F50000000000000000000000000000000000031
:106F60000000000000000000000000000000000021
:106F70000000000000000000000000000000000011
:106F80000000000000000000000000000000000001
:106F900000000000000000000000000000000000F1
:106FA00000000000000000000000000000000000E1
:106FB00000000000000000000000000000000000D1
:106FC00000000000000000000000000000000000C1
:106FD00000000000000000000000000000000000B1
:106FE00000000000000000000000000000000000A1
:106FF0000000000000000000000000000000000091
:107000000000000000000000000000000000000080
:107010000000000000000000000000000000000070
:107020000000000000000000000000000000000060
:107030000000000000000000000000000000000050
:107040000000000000000000000000000000000040
:107050000000000000000000000000000000000030
:107060000000000000000000000000000000000020
:107070000000000000000000000000000000000010
:107080000000000000000000000000000000000000
:1070900000000000000000000000000000000000F0
:1070A00000000000000000000000000000000000E0
:1070B00000000000000000000000000000000000D0
:1070C00000000000000000000000000000000000C0
:1070D00000000000000000000000000000000000B0
:1070E00000000000000000000000000000000000A0
:1070F0000000000000000000000000000000000090
:10710000000000000000000000000000000000007F
:10711000000000000000000000000000000000006F
:10712000000000000000000000000000000000005F
:10713000000000000000000000000000000000004F
:10714000000000000000000000000000000000003F
:10715000000000000000000000000000000000002F
:10716000000000000000000000000000000000001F
:10717000000000000000000000000000000000000F
:1071800000000000000000000000000000000000FF
:1071900000000000000000000000000000000000EF
:1071A00000000000000000000000000000000000DF
:1071B00000000000000000000000000000000000CF
:1071C00000000000000000000000000000000000BF
:1071D00000000000000000000000000000000000AF
:1071E000000000000000000000000000000000009F
:1071F000000000000000000000000000000000008F
:10720000000000000000000000000000000000007E
:10721000000000000000000000000000000000006E
:10722000000000000000000000000000000000005E
:10723000000000000000000000000000000000004E
:10724000000000000000000000000000000000003E
:10725000000000000000000000000000000000002E
:10726000000000000000000000000000000000001E
:10727000000000000000000000000000000000000E
:1072800000000000000000000000000000000000FE
:1072900000000000000000000000000000000000EE
:1072A00000000000000000000000000000000000DE
:1072B00000000000000000000000000000000000CE
:1072C00000000000000000000000000000000000BE
:1072D000000000000000000000000000002000008E
:1072E000000000000000002000000000000000007E
:1072F000000000000000000000000000000000008E
:10730000000000000000000000000000000000007D
:10731000000000000000000000000000000000006D
:10732000000000000000000000000000000000005D
:10733000000000000000000000000000000000004D
:10734000000000000000000000000000000000003D
:1073500000000000000000000000000000000041EC
:1073600000210000000000000000000000000000FC
:10737000000000000000000000000000000000000D
:1073800000000000000000000000000000000000FD
:1073900000000000000000000000000000000000ED
:1073A00000000000000000000000000000000000DD
:1073B00000000000000000000000000000000000CD
:1073C00000000000000000000000000000000000BD
:1073D00000000000000000000000000000000000AD
:1073E000000000000000000000000000000000009D
:1073F000000000000000000000000000000000008D
:10740000000000000000000000000000000000007C
:10741000000000000000000000000000000000006C
:10742000000000000000000000000000000000005C
:10743000000000000000000000000000000000004C
:10744000000000000000000000000000000000003C
:10745000000000000000000000000000000000002C
:10746000000000000000000000000000000000001C
:10747000000000000000000000000000000000000C
:1074800000000000000000000000000000000000FC
:1074900000000000000000000000000000000000EC
:1074A00000000000000000000000000000000000DC
:1074B00000000000000000000000000000000000CC
:1074C00000000000000000000000000000000000BC
:1074D00000000000000000000000000000000000AC
:1074E000000000000000000000000000000000009C
:1074F000000000000000000000000000000000008C
:10750000000000000000000000000000000000007B
:10751000000000000000000000000000000000006B
:10752000000000000000000000000000000000005B
:107530000000000000000083126C1C342518357A0E
:107540003D5934D72B9109A800000000000000002D
:10755000000000000000000000000000000000002B
:10756000000000000000000000000000000000001B
:10757000000000000000000000000000000000000B
:1075800000000000000000000000000000000000FB
:1075900000000000000000000000000000000000EB
:1075A00000000000000000000000000000000000DB
:1075B00000000000000000000000000000000000CB
:1075C00000000000000000000000000000000000BB
:1075D00000000000000000000000000000000000AB
:1075E000000000000000000000000000000000009B
:1075F000000000000000000000000000000000008B
:10760000000000000000000000000000000000007A
:10761000000000000000000000200000000000004A
:10762000000000000000000000000000000000005A
:10763000000000000000000000000000000000004A
:10764000000000000000000000000000000000003A
:10765000000000000000000000000000000000002A
:10766000000000000000000000000000000000001A
:10767000000000000000000000000000000000000A
:1076800000000000000000000000000000000000FA
:107690000000000000000000000029877C94743383
:1076A00074537C537453745374537453745374539A
:1076B00074537C7418E40000000000000000000017
:1076C00000000000000000000000000000000000BA
:1076D00000000000000000000000000000000000AA
:1076E000000000000000000000000000000000009A
:1076F000000000000000000000000000000000008A
:107700000000000000000000000000000000000079
:10771000000000210AEE157A1E3E1E3E2E3D463D1B
:107720004E5D4E5E5E9F4E5E34B7098700000000DE
:107730000000000000000000000000000000000049
:107740000000000000000000000000000000000039
:107750000000000000000000000000000000000029
:107760000000000000000000000000000000000019
:107770000000000000000000000000000000000009
:1077800000000000000000000000000000000000F9
:1077900000000000000000000000000000000000E9
:1077A00000000000000000000000000000000000D9
:1077B00000000000000000000000000000000000C9
:1077C00000000000000000000000000000000000B9
:1077D00000000000000000000000000000000000A9
:1077E0000000000000000000000000000000000099
:1077F000000000000000000000000000214529A753
:1078000018E400000000000000000000000000007C
:107810000000000000000000000000000000000068
:107820000000000000000000000000000000000058
:107830000000000000000000000000000000000048
:107840000000000000000000000000000000000038
:107850000000000000000000000000000000000028
:107860000000000000000000000000000000000018
:107870000000000000000020000052CCDFFFCF7F9E
:10788000CF7FCF9FD7BFD7BFD7BFD7BFD7BFD7BFB8
:10789000CF9FD79F29870000000000000000000054
:1078A00000000000000000000000000000000000D8
:1078B00000000000000000000000000000000000C8
:1078C00000000000000000000000000000000000B8
:1078D00000000000000000000000000000000000A8
:1078E0000000000000000000000000000000000098
:1078F00000C414B705FD05DD263D3E5E4E5D4E3DE0
:107900004E5D4E7E4E5D461C4E5E465D1ACD0000BD
:107910000000000000000000000000000000000067
:107920000000000000000000000000000000000057
:107930000000000000000000000000000000000047
:107940000000000000000000000000000000000037
:107950000000000000000000000000000000000027
:107960000000000000000000000000000000000017
:107970000000000000000000000000000000000007
:1079800000000000000000000000000000000000F7
:1079900000000000000000000000000000000000E7
:1079A00000000000000000000000000000000000D7
:1079B00000000000000000000000000000000000C7
:1079C00000000000000000000000000000000000B7
:1079D00000000000000000003A08ADF9ADD99D7725
:1079E000B63A8D1510A20000002000000000000033
:1079F0000000000000000000000000000000000087
:107A00000000000000000000000000000000000076
:107A10000000000000000000000000000000000066
:107A20000000000000000000000000000000000056
:107A30000000000000000000000000000000000046
:107A40000000000000000000000000000000000036
:107A500000000000000000000000428BCF9F530E8A
:107A60003A8D3A2A29A7214521042104298719049E
:107A70006BD1CF7F21460000000000000000000015
:107A800000000000000000000000000000000000F6
:107A900000000000000000000000000000000000E6
:107AA00000000000000000000000000000000000D6
:107AB00000000000000000000000000000000000C6
:107AC000000000000000000000000000000000C4F2
:107AD0001519059C0DDC363D3C9522AC1187092615
:107AE00011871ACE3CF74E7E4E1D3DFC367F130E9D
:107AF0000000000000000000000000000000000086
:107B00000000000000000000000000000000000075
:107B10000000000000000000000000000000000065
:107B20000000000000000000000000000000000055
:107B30000000000000000000000000000000000045
:107B40000000000000000000000000000000000035
:107B50000000000000000000000000000000000025
:107B60000000000000000000000000000000000015
:107B70000000000000000000000000000000000005
:107B800000000000000000000000000000000000F5
:107B900000000000000000000000000000000000E5
:107BA00000000000000000000000000000000000D5
:107BB0000000000000004A8BBE9C3A090000000053
:107BC00008416BD0B65B10A300000000000000006D
:107BD00000000000000000000000000000000000A5
:107BE0000000000000000000000000000000000095
:107BF0000000000000000000000000000000000085
:107C00000000000000000000000000000000000074
:107C10000000000000000000000000000000000064
:107C20000000000000000000000000000000000054
:107C3000000000000000000000004AACD79F3A6C32
:107C40006D1D6D3E64BA5417437329EB00000000AC
:107C50004AEDD7BF214600000000000000000000F0
:107C60000000000000000000000000000000000014
:107C70000000000000000000000000000000000004
:107C800000000000000000000000000000000000F4
:107C900000000000000000000000000000000000E4
:107CA000000000000000000000000000004114D7A8
:107CB000057C05BC257A19C8000000000000000002
:107CC0000000000000001A4B45DC463D2DDC2E5E16
:107CD000122A000000000000000000000000000068
:107CE0000000000000000000000000000000000094
:107CF0000000000000000000000000000000000084
:107D00000000000000000000000000000000000073
:107D10000000000000000000000000000000000063
:107D20000000000000000000000000000000000053
:107D30000000000000000000000000000000000043
:107D40000000000000000000000000000000000033
:107D50000000000000000000000000000000000023
:107D60000000000000000000000000000000000013
:107D70000000000000000000000000000000000003
:107D800000000000000000000000000000000000F3
:107D90000000000018A3B67B1904000000000000DA
:107DA00000000000638F9536000000000000000016
:107DB00000000000000000000000000000000000C3
:107DC00000000000000000000000000000000000B3
:107DD00000000000000000000000000000000000A3
:107DE0000000000000000000000000000000000093
:107DF0000000000000000000000000000000000083
:107E00000000000000000000000000000000000072
:107E1000000000000000000000004AACD79F42AD07
:107E20006D5E7DDF7DDF7DFF867F64BA0000000030
:107E3000530DD7BF216600000000000000000000C5
:107E40000000000000000000000000000000000032
:107E50000000000000000000000000000000000022
:107E60000000000000000000000000000000000012
:107E70000000000000000000000000000000000002
:107E8000000000000000000000000000135005BDCD
:107E9000059C1D3808830000002000210020000000
:107EA0000020002000000000090545BB3E3D1DFDEF
:107EB0001D9B008300000000000000000000000087
:107EC00000000000000000000000000000000000B2
:107ED00000000000000000000000000000000000A2
:107EE0000000000000000000000000000000000092
:107EF0000000000000000000000000000000000082
:107F00000000000000000000000000000000000071
:107F10000000000000000000000000000000000061
:107F20000000000000000000000000000000000051
:107F30000000000000000000000000000000000041
:107F40000000000000000000000000000000000031
:107F50000000000000000000000000000000000021
:107F60000000000000000000000000000000000011
:107F7000002000006BD074110000004000000000E1
:107F8000002000000000A5D82145000000000000EE
:107F900000000000000000000000000000000000E1
:107FA00000000000000000000000000000000000D1
:107FB00000000000000000000000000000000000C1
:107FC00000000000000000000000000000000000B1
:107FD00000000000000000000000000000000000A1
:107FE0000000000000000000000000000000000091
:107FF000000000000000000000004AACD79F42AD26
:108000006D3D75BF759F757F7DDF5C58000000007A
:10801000530DD7BF21460000000000000000000003
:108020000000000000000000000000000000000050
:108030000000000000000000000000000000000040
:108040000000000000000000000000000000000030
:108050000000000000000000000000000000000020
:10806000000000000000000000001146265E0E1E09
:108070002DFD08E4000000000000000000000000EA
:10808000000000000000000000001187463D1DDCDC
:108090000E3E135000000021000000000000000010
:1080A00000000000000000000000000000000000D0
:1080B00000000000000000000000000000000000C0
:1080C00000000000000000000000000000000000B0
:1080D00000000000000000000000000000000000A0
:1080E0000000000000000000000000000000000090
:1080F0000000000000000000000000000000000080
:10810000000000000000000000000000000000006F
:10811000000000000000000000000000000000005F
:10812000000000000000000000000000000000004F
:10813000000000000000000000000000000000003F
:10814000000000000000000000000000000000002F
:108150000000000095363A080000002000000000F2
:108160000000002000007C73530D000000000000A0
:1081700000000000000000000000000000000000FF
:1081800000000000000000000000000000000000EF
:1081900000000000000000000000000000000000DF
:1081A00000000000000000000000000000000000CF
:1081B00000000000000000000000000000000000BF
:1081C00000000000000000000000000000000000AF
:1081D000000000000000000000004A8BCF9F4B0F02
:1081E0006D7F75BF759F759F7DFF5C580000000017
:1081F000530DD7BF21460000000000000000000022
:10820000000000000000000000000000000000006E
:10821000000000000000000000000000000000005E
:10822000000000000000000000000000000000004E
:10823000000000000000000000000000000000003E
:108240000000000000000000000011C8239023502F
:1082500019E9000000621107110710E710E710E7A5
:10826000110710E710E610E7006200001B912E5F77
:108270000DDD0D5A0041000000000000000000006C
:1082800000000000000000000000000000000000EE
:1082900000000000000000000000000000000000DE
:1082A00000000000000000000000000000000000CE
:1082B00000000000000000000000000000000000BE
:1082C00000000000000000000000000000000000AE
:1082D00000000000000008A3006200000000000091
:1082E000000000000000000000000000000000008E
:1082F000000000000000000000000000000000007E
:10830000000000000000000000000000000000006D
:10831000000000000000000000000000000000005D
:10832000000000000000000000000000000000004D
:10833000000000009D57298600000000000000009A
:108340000000000000006BD0638F00000000000000
:10835000000000000000000000000000000000001D
:10836000000000000000000000000000000000000D
:1083700000000000000000000000000000000000FD
:1083800000000000000000000000000000000000ED
:1083900000000000000000000000000000000000DD
:1083A00000000000000000000000000000000000CD
:1083B000000000000000000000004AACCF7F5330F6
:1083C0006D7F75BF759F759F7DFF5C580000000035
:1083D000530DD7BF21460000000000000000000040
:1083E000000000000000000000000000000000008D
:1083F000000000000000000000000000000000007D
:10840000000000000000000000000000000000006C
:10841000000000000000000000000000000000005C
:10842000000000000000000000000000000000004C
:108430000000000019276CFF5CBF64DF5C9F6CDFED
:108440005C9F64BF5C9F6CFF1969000008E515DC48
:108450000DBD059C0ACE0A2B0A6C0000000000002E
:10846000000000000000000000000000000000000C
:1084700000000000000000000000000000000000FC
:1084800000000000000000000000000000000000EC
:1084900000000000000000000000000000000000DC
:1084A00000000000000000000000000000000000CC
:1084B000000009681C99255E251C12CF00000000F1
:1084C00000000000000000000000000000000000AC
:1084D000000000000000000000000000000000009C
:1084E000000000000000000000000000000000008C
:1084F000000000000000000000000000000000007C
:10850000000000000000000000000000000000006B
:10851000002000009536320A006210C408C408C466
:1085200008C410C400217412636E00000020000013
:10853000000000000000000000000000000000003B
:10854000000000000000000000000000000000002B
:10855000000000000000000000000000000000001B
:10856000000000000000000000000000000000000B
:1085700000000000000000000000000000000000FB
:1085800000000000000000000000000000000000EB
:10859000000000000000002000004AACCF9F4B30DC
:1085A000757F75BF759F759F7DFF5C58000000004B
:1085B000530DD7BF2146000000000000000000005E
:1085C00000000000000000000000000000000000AB
:1085D000000000000000000000000000000000009B
:1085E000000000000000000000000000000000008B
:1085F000000000000000000000000000000000007B
:108600000000000000000000000000420020000008
:10861000002100002167B69F857EAE7F857EAE7FFC
:10862000857EAE7F855EB69F322B03510C56059B2F
:1086300005BD055B055C0E1F0ACE000000000000B2
:10864000000000000000000000000000000000002A
:10865000000000000000000000000000000000001A
:10866000000000000000000000000000000000000A
:1086700000000000000000000000000000000000FA
:1086800000000000000000000000000000000000EA
:1086900000831D1C1DBF1C781D1C25FF124C0000F3
:1086A00000000000000000000000000000000000CA
:1086B00000000000000000000000000000000000BA
:1086C00000000000000000000000000000000000AA
:1086D000000000000000000000000000000000009A
:1086E000000000000000000000000000000000008A
:1086F000000008625CB85CDA54BA54DA54DA54DA2E
:1087000054DA54DA54B9653B4371000000000000AC
:108710000020000000000000000000000000000039
:108720000000000000000000000000000000000049
:108730000000000000000000000000000000000039
:108740000000000000000000000000000000000029
:108750000000000000000000000000000000000019
:108760000000000000000000000000000000000009
:10877000000000000000000000004AACD77F53302A
:108780006D9F75BF759F759F7DFF5C580000000051
:10879000530DD7BF2146000000000000000000007C
:1087A00000000000000000000000000000000000C9
:1087B00000000000000000000000000000000000B9
:1087C00000000000000000000000000000000000A9
:1087D0000000000000000000000000000000000099
:1087E000000000000000000000000BD40352000055
:1087F000000000002127855E6CDE853E6CDE853E34
:108800006CDE855E6CDE8DBF296902AD0DDE055B19
:10881000055B051B055B0C56000000000000000016
:108820000000000000000000000000000000000048
:108830000000000000000000000000000000000038
:108840000000000000000000000000000000000028
:108850000000000000000000000000000000000018
:1088600000000000000000000000000000200000E8
:10887000124D25FF1BD5000009AA1DBF1C79000061
:1088800000000000000000000000000000000000E8
:1088900000000000000000000000000000000000D8
:1088A00000000000000000000000000000000000C8
:1088B00000000000000000000000000000000000B8
:1088C00000000000000000000000000000000000A8
:1088D000000043F5551C54DA54FA54DA54DA54BA09
:1088E00054DB54DA54FA54BA553C226D00000000AF
:1088F0000000000000000000000000000000000078
:108900000000000000000000000000000000000067
:108910000000000000000000000000000000000057
:108920000000000000000000000000000000000047
:108930000000000000000000000000000000000037
:108940000000000000000000000000000000000027
:10895000000000000000000000004AACCF7F4B3058
:10896000757F75BF759F759F7DFF5C580000000087
:10897000530DD7BF2146000000000000000000009A
:1089800000000000000000000000000000000000E7
:1089900000000000000000000000000000000000D7
:1089A00000000000000000000000000000000000C7
:1089B00000000000000000000000000000000000B7
:1089C00000000000000000000A0B051C051B0B72D4
:1089D000000000002167A61F7D3E9E1F7D3E9DFF7B
:1089E0007D3E9DFF7D3EA65F29A900000A6D055CC6
:1089F000051A04FA0D7C0167000000000000000069
:108A00000000000000000000000000000000000066
:108A10000000000000000000000000000000000056
:108A20000000000000000000000000000000000046
:108A30000000000000000000000000000000000036
:108A40000000000000000000000000000000000026
:108A50001B531DFF124D000000621CFB1D5E00C475
:108A60000000000000000000000000000000000006
:108A700000000000000000000000000000000000F6
:108A800000000000000000000000000000000000E6
:108A900000000000000000000000000000000000D6
:108AA00000000000000000000000000000000000C6
:108AB00021CA5D3C54DA54DA4C9A54BA651A6D3BBB
:108AC0005CFA4C9A4CBA54DA54FA4459194618C311
:108AD00018E318C318C318E318E318E318E318C31E
:108AE00018C318E310A300000000000000000000FD
:108AF0000000000000000000000000000000000076
:108B00000000000000000000000000000000000065
:108B10000000000000000000000000000000000055
:108B20000000000000000000000000000000000045
:108B3000000000000000000000004AACCF7F53306E
:108B4000757F75BF759F759F7DDF5C5800000000C5
:108B5000530DD7BF214600000000000000000000B8
:108B60000000000000000000000000000000000005
:108B700000000000000000000000000000000000F5
:108B800000000000000000000000000000000000E5
:108B900000000000000000000000000000000000D5
:108BA00000000000000000830C9804BA0479051B43
:108BB0000BB30000212695DF751E95BE751E95BE70
:108BC000751E95BE751E9E1F29A9000000000A2B68
:108BD000055C05DE0B5000000000000000000000F6
:108BE0000000000000000000000000000000000085
:108BF0000000000000000000000000000000000075
:108C00000000000000000000000000000000000064
:108C10000000000000000000000000000000000054
:108C20000000000000000000000000000000000044
:108C30001BF625DF11CA000000211C791D9F0927A2
:108C40000000000000000000000000000000000024
:108C50000000000000000000000000000000000014
:108C60000000000000000000000000000000000004
:108C700000000000000000000000000000000000F4
:108C800000000000000000000000000000000000E4
:108C90003AF05D3C4CBA54DA961CCF1ED73ECF1E3C
:108CA000D73EC6FE7D9B4CBA54FA3C79961CE75ED3
:108CB000DF3EE73EDF3EDF3EDF3EDF5EDF5EDF5E64
:108CC000DF5EDF3DE77E7C32000000000000000038
:108CD0000000000000000000000000000000000094
:108CE0000000000000000000000000000000000084
:108CF0000000000000000000000000000000000074
:108D00000000000000000000000000000000000063
:108D1000000000000000000000004AACCF9F4B3074
:108D2000757F75BF759F759F7DFF5C5800000000C3
:108D3000530DD7BF214600000000000000000000D6
:108D40000000000000000000000000000000000023
:108D50000000000000000000000000000000000013
:108D60000000000000000000000000000000000003
:108D700000000000000000000000000000000000F3
:108D80000000000000000B3004FB049904DA04B971
:108D9000059E041521A995BF751E8DBE8DBE8D9EA5
:108DA0008DBF8D7E6CDE95DF2989000000200000DC
:108DB0000A2B14B800620000000000000000000050
:108DC00000000000000000000000000000000000A3
:108DD0000000000000000000000000000000000093
:108DE0000000000000000000000000000000000083
:108DF0000000000000000000000000000000000073
:108E00000000000000000000000000000000000062
:108E10001C1725DF09A90000000024581DBF0968A0
:108E20000000000000000000000000000000000042
:108E30000000000000000000000000000000000032
:108E40000000000000000000000000000000000022
:108E50000000000000000000000000000000000012
:108E60000000000000000000000000000000000002
:108E70003B105D1B651ACF1EC6FE7D7B6D3A6D3AB9
:108E80006D3A8DFBDF5EAE5C54FA3C59961CEF9F49
:108E9000EF9FE77FE77FEF9FE79FEF9FEF9FE77FE2
:108EA000E79FEF9FEF9FDF7F21450000000000005C
:108EB00000000000000000000000000000000000B2
:108EC00000000000000000000000000000000000A2
:108ED0000000000000000000000000000000000092
:108EE0000000000000000000000000000000000082
:108EF000000000000000000000004AACCF7F5330AB
:108F00006D7F75BF759F75BF75BF5C580000000011
:108F1000530DD7BF214600000000000000000000F4
:108F20000000000000000000000000000000000041
:108F30000000000000000000000000000000000031
:108F40000000000000000000000000000000000021
:108F50000000000000000000000000000000000011
:108F60000000000009A90D9D04FA04DA04FA051BAB
:108F70000BB4028E2A2BAE3F855EAE5FAE5FAE5F56
:108F8000AE5FA65F7D5EB6BF31C900000020000065
:108F900000000021000000000000000000000000B0
:108FA00000000000000000000000000000000000C1
:108FB00000000000000000000000000000000000B1
:108FC00000000000000000000000000000000000A1
:108FD0000000000000000000000000000000000091
:108FE0000000000000000000000000000000000081
:108FF0001BF625DF11CA000000211C791DBF09479F
:109000000000000000000000000000000000000060
:109010000000000000000000000000000000000050
:109020000000000000000000000000000000000040
:109030000000000000000000000000000000000030
:109040000000000000000000000000000000000020
:109050003B1054FBAE9CA65D5CFAB69DCF1ECF1EA6
:10906000CF1E961C5CFAC6FE85DC3439961CE77E62
:10907000EFBFA65CA65CEFBFE77EE77EE77F85BB20
:10908000D73EE77EE77ED75F31C7000000200000B3
:1090900000000000000000000000000000000000D0
:1090A00000000000000000000000000000000000C0
:1090B00000000000000000000000000000000000B0
:1090C00000000000000000000000000000000000A0
:1090D000000000000000000000004AACCF7F4B10F1
:1090E0006D7F75BF6D5D3A8E218953D500000000FC
:1090F000530DD7BF21460000000000000000000013
:10910000000000000000000000000000000000005F
:10911000000000000000000000000000000000004F
:10912000000000000000000000000000000000003F
:10913000000000000000000000000000000000002F
:109140000000000009A8020B01EA051A04FA057CD8
:1091500009C9000010E65C7F545E5C5E5C5E5C5E8C
:109160005C7E5C7E545E64BF194900000000000014
:1091700000000000000000000000000000000000EF
:1091800000000000000000000000000000000000DF
:1091900000000000000000000000000000000000CF
:1091A00000000000000000000000000000000000BF
:1091B00000000000000000000000000000000000AF
:1091C000000000000000000000000000000000009F
:1091D0001B7325FF122C000000421CDB1D7E08E5DE
:1091E000000000000000000000000000000000007F
:1091F000000000000000000000000000000000006F
:10920000000000000000000000000000000000005E
:10921000000000000000000000000000000000004E
:10922000000000000000000000000000000000003E
:109230003B105D3C54BA6D5ADF7F9E3C6D3A6D5ACF
:10924000755ABEDDC6FE54DA5CFB3C5995FCEF9FB7
:109250008DBB653B653B85BBEFBFC6FD6D5A6D3A67
:109260006D3AB69DEFBFD75F29A700000020000030
:1092700000000000000000000000000000000000EE
:1092800000000000000000000000000000000000DE
:1092900000000000000000000000000000000000CE
:1092A00000000000000000000000000000000000BE
:1092B000000000000000000000004AACCF7F4B2FF0
:1092C0006D7F75BF759F6D3D6D3C5C580000000063
:1092D000530DD7BF21460000000000000000000031
:1092E000000000000000000000000000000000007E
:1092F000000000000000000000000000000000006E
:10930000000000000000000000000000000000005D
:10931000000000000000000000000000000000004D
:10932000000000000000000000000C35057C055C1A
:109330000C770000002108C608C608C608C610C67B
:1093400010C710E710E710E70042000000E50A8EA2
:109350000ACF09EA00000000000000000000000041
:1093600000000000000000000000000000000000FD
:1093700000000000000000000000000000000000ED
:1093800000000000000000000000000000000000DD
:1093900000000000000000000000000000000000CD
:1093A00000000000000000000000000000000000BD
:1093B000126E1DFF1B73000009261D7F1CDB004180
:1093C000000000000000000000000000000000009D
:1093D000000000000000000000000000000000008D
:1093E000000000000000000000000000000000007D
:1093F000000000000000000000000000000000006D
:10940000000000000000000000000000000000005C
:109410003B105D3C4CB9757B7D7B7D9BCF1ECF1E89
:10942000BEDD6D3A85BB5D1A54DA3C5995FCEF9F61
:10943000D73E54DA54BACF3EEF9FEFBFA65C3C59FB
:1094400085BBEFBFE77ED75F31A70000002000009B
:10945000000000000000000000000000000000000C
:1094600000000000000000000000000000000000FC
:1094700000000000000000000000000000000000EC
:1094800000000000000000000000000000000000DC
:10949000000000000000000000004AACD79F4B0F06
:1094A0006D7F75BF759F759F7E1F5C580000000023
:1094B000530DD7BF2146000000000000000000004F
:1094C000000000000000000000000000000000009C
:1094D000000000000000000000000000000000008C
:1094E000000000000000000000000000000000007C
:1094F000000000000000000000000000000000006C
:109500000000000000000020000009EA05BD051B66
:1095100005BD0AEE00000000000000000000000091
:109520000000000000000000000000000BF504FB3C
:10953000055D09EA000000000000000000000000D6
:10954000000000000000000000000000000000001B
:10955000000000000000000000000000000000000B
:1095600000000000000000000000000000000000FB
:1095700000000000000000000000000000000000EB
:1095800000000000000000000000000000000000DB
:1095900008A4255E1D5E13521C581DFF1B320000DF
:1095A00000000000000000000000000000000000BB
:1095B00000000000000000000000000000000000AB
:1095C000000000000000000000000000000000009B
:1095D000000000000000000000000000000000008B
:1095E000000000000000000000000000000000007B
:1095F0003B105D3C54DA4CBA5CFAC6FE7D9B651AA2
:109600009E3CAE9D447954DA5CFB3C5995FCEFBF1F
:1096100095FB7D9B7D9B8DDBEFBFD73E6D3A95FC27
:109620006D3AC6DDEF9FD75F31A700000020000034
:10963000000000000000000000000000000000002A
:10964000000000000000000000000000000000001A
:10965000000000000000000000000000000000000A
:1096600000000000000000000000000000000000FA
:10967000000000000000002000004AACCF7F4B0F2C
:109680006D7F75BF75BF759F7DDF5C580000000062
:10969000530ED7BF2146000000000000000000006C
:1096A00000000000000000000000000000000000BA
:1096B00000000000000000000000000000000000AA
:1096C000000000000000000000000000000000009A
:1096D000000000000000000000000000000000008A
:1096E0000000000000000000000000000C5505BD57
:1096F000053B057C0A6C0000000000200001000012
:10970000000000210020000000000B3104BA04BA60
:109710000BB300000000000000000000000000008B
:109720000000000000000000000000000000000039
:109730000000000000000000000000000000000029
:109740000000000000000000000000000000000019
:109750000000000000000000000000000000000009
:1097600000000000000000000000000000000000F9
:10977000000011EB253D25DF1DBF1C160042000037
:1097800000000000000000000000000000000000D9
:1097900000000000000000000000000000000000C9
:1097A00000000000000000000000000000000000B9
:1097B00000000000000000000000000000000000A9
:1097C0000000000000000000000000000000000099
:1097D0003B105D3C54DA54DA54FA4CBA9E3CD73E06
:1097E0006D5B4CBA54FA54DA54FA3C5995FCE79E36
:1097F000A63CDF5EDF5EA65CEF9ECEFDAE5CF7DFD3
:10980000B69DBEDDE77ECF3F31A7000000200000FF
:109810000000000000000000000000000000000048
:109820000000000000000000000000000000000038
:109830000000000000000000000000000000000028
:109840000000000000000000000000000000000018
:10985000000000000000000000004AACCF9F4B0F4A
:109860006D7E75BF759F759F7DFF5C580000000081
:10987000530DD7BF2146000000000000000000008B
:1098800000000000000000000000000000000000D8
:1098900000000000000000000000000000000000C8
:1098A00000000000000000000000000000000000B8
:1098B00000000000000000000000000000000000A8
:1098C00000000000000000000000000000E40D7B2C
:1098D000059C051A057C0B31008200000000000089
:1098E00000000000000000C40B9404BA04990CB9F5
:1098F00000A30000000000000000000000000000C5
:109900000000000000000000000000000000000057
:109910000000000000000000000000000000000047
:109920000000000000000000000000000000000037
:109930000000000000000000000000000000000027
:109940000000000000000000000000000000000017
:1099500000000000008309890947000000000000A2
:1099600000000000000000000000000000000000F7
:1099700000000000000000000000000000000000E7
:1099800000000000000000000000000000000000D7
:1099900000000000000000000000000000000000C7
:1099A00000000000000000000000000000000000B7
:1099B0003B105D3C54DA54DA54DA651AE79FE77ECF
:1099C000AE7D4CDA54FA54DA54FB3C599E5EEFDF1C
:1099D000EFDFE7DFE7DFEFFFE7BFE7DFEFFFE7BF3F
:1099E000EFDFE7DFDFBFB67B108200000000000082
:1099F0000000000000000000000000000000000067
:109A00000000000000000000000000000000000056
:109A10000000000000000000000000000000000046
:109A20000000000000000000000000000000000036
:109A3000000000000000000000004AACD79F4B0F60
:109A40006D7E75BF759F759F7DFF5C58000000009F
:109A5000530DD7BF214600000000000000000000A9
:109A600000000000000000000000000000000000F6
:109A700000000000000000000000000000000000E6
:109A800000000000000000000000000000000000D6
:109A900000000000000000000000000000000000C6
:109AA0000000000000000000000000000000098825
:109AB0000D9C057C04FA055C0CD90B3009CA0147E2
:109AC000014709EA0B510CD904DA04DA0CFA094708
:109AD0000000000000000000000000000000000086
:109AE0000000000000000000000000000000000076
:109AF0000000000000000000000000000000000066
:109B00000000000000000000000000000000000055
:109B10000000000000000000000000000000000045
:109B20000000000000000000000000000000000035
:109B30000000000000000000000000000000000025
:109B40000000000000000000000000000000000015
:109B50000000000000000000000000000000000005
:109B600000000000000000000000000000000000F5
:109B700000000000000000000000000000000000E5
:109B800000000000000000000000000000000000D5
:109B90003AF05D3C54BA54DA54DA54DAA65DC71E82
:109BA00085BB4CBA54DA54DA54DA3459643474113B
:109BB0006C117411741173F1741173F173F17411E8
:109BC00073F1741173F121450000000000000000E2
:109BD0000000000000000000000000000000000085
:109BE0000000000000000000000000000000000075
:109BF0000000000000000000000000000000000065
:109C00000000000000000000000000000000000054
:109C1000000000000000000000004AACCF9F4B0F86
:109C20006D7E75BF759F759F7DFF5C5800000000BD
:109C3000530DD7BF214600000000000000000000C7
:109C40000000000000000000000000000000000014
:109C50000000000000000000000000000000000004
:109C600000000000000000000000000000000000F4
:109C700000000000000000000000000000000000E4
:109C800000000000000000000000000000000000D4
:109C900009670D1A05BD051A04FA055C053B051B8D
:109CA000051A053B051B04DA053C0C98012600004B
:109CB00000000000000000000000000000000000A4
:109CC0000000000000000000000000000000000094
:109CD0000000000000000000000000000000000084
:109CE0000000000000000000000000000000000074
:109CF0000000000000000000000000000000000064
:109D00000000000000000000000000000000000053
:109D10000000000000000000000000000000000043
:109D20000000000000000000000000000000000033
:109D30000000000000000000000000000000000023
:109D40000000000000000000000000000000000013
:109D50000000000000000000000000000000000003
:109D600000000000000000000000000000000000F3
:109D700021CA5D3C54B954DA54DA54DA54DA651A1B
:109D800054DA54DA54DA54DA449A343900210000AF
:109D900000000000000000000000000000000000C3
:109DA00000000000000000000000000000000000B3
:109DB00000000000000000000000000000000000A3
:109DC0000000000000000000000000000000000093
:109DD0000000000000000000000000000000000083
:109DE0000000000000000000000000000000000073
:109DF000000000000000000000004AACCF9F4AEFC6
:109E00006D5E75BF75BF759F7DFF5C5800000000DB
:109E1000530DD7BF214600000000000000000000E5
:109E20000000000000000000000000000000000032
:109E30000000000000000000000000000000000022
:109E40000000000000000000000000000000000012
:109E50000000000000000000000000000000000002
:109E600000000000000000000000000000000000F2
:109E7000000000820B710D5B05BD057C053B051BD9
:109E8000053B053C055C0D1A0B300062000000002C
:109E900000000000000000000000000000000000C2
:109EA00000000000000000000000000000000000B2
:109EB00000000000000000000000000000000000A2
:109EC0000000000000000000000000000000000092
:109ED0000000000000000000000000000000000082
:109EE0000000000000000000000000000000000072
:109EF0000000000000000000000000000000000062
:109F00000000000000000000000000000000000051
:109F10000000000000000000000000000000000041
:109F20000000000000000000000000000000000031
:109F30000000000000000000000000000000000021
:109F40000000000000000000000000000000000011
:109F5000000043F5553C54DA54DA54DA54DA54DA52
:109F600054DA54DA54DA449A3CBC224D0000002002
:109F700000000000000000000000000000000000E1
:109F800000000000002000000000000000000000B1
:109F900000000000000000000000000000000000C1
:109FA00000000000000000000000000000000000B1
:109FB00000000000000000000000000000000000A1
:109FC0000000000000000000000000000000000091
:109FD000000000000000000000004AACCF9F4AEFE4
:109FE0006D5E75BF759F759F7DDF5C58000000003A
:109FF000530DD7BF21460000000000000000000004
:10A000000000000000000000000000000000000050
:10A010000000000000000000000000000000000040
:10A020000000000000000000000000000000000030
:10A030000000000000000000000000000000000020
:10A040000000000000000000000000000000000010
:10A0500000000000000000C40A8D0BD30C770C98A0
:10A060000C560BB3026C00C400000000000000009E
:10A0700000000000000000000000000000000000E0
:10A0800000000000000000000000000000000000D0
:10A0900000000000000000000000000000000000C0
:10A0A00000000000000000000000000000000000B0
:10A0B00000000000000000000000000000000000A0
:10A0C0000000000000000000000000000000000090
:10A0D0000000000000000000000000000000000080
:10A0E0000000000000000000000000000000000070
:10A0F0000000000000000000000000000000000060
:10A10000000000000000000000000000000000004F
:10A11000000000000000000000000000000000003F
:10A12000000000000000000000000000000000002F
:10A130000000086333323C383C383C383C583C58CB
:10A140003C383C383C593417224D000000000000D8
:10A1500000000000000000000000000000000000FF
:10A1600000000000000000000000000000000000EF
:10A1700000000000000000000000000000000000DF
:10A1800000000000000000000000000000000000CF
:10A1900000000000000000000000000000000000BF
:10A1A00000000000000000000000000000000000AF
:10A1B000000000000000000000004AACCF9F4AEF02
:10A1C0006D5E75BF759F759F7DFF5C580000000038
:10A1D000530DD7BF21460000000000000000000022
:10A1E000000000000000000000000000000000006F
:10A1F000000000000000000000000000000000005F
:10A20000000000000000000000000000000000004E
:10A21000000000000000000000000000000000003E
:10A22000000000000000000000000000000000002E
:10A2300000000000000000000000000000000021FD
:10A24000000000000000000000000000000000000E
:10A2500000000000000000000000000000000000FE
:10A2600000000000000000000000000000000000EE
:10A2700000000000000000000000000000000000DE
:10A2800000000000000000000000000000000000CE
:10A2900000000000000000000000000000000000BE
:10A2A00000000000000000000000000000000000AE
:10A2B000000000000000000000000000000000009E
:10A2C000000000000000000000000000000000008E
:10A2D000000000000000000000000000000000007E
:10A2E000000000000000000000000000000000006E
:10A2F000000000000000000000000000000000005E
:10A30000000000000000000000000000000000004D
:10A3100000000000000008620883088308830883A7
:10A32000088308830883004200000000000000004A
:10A33000000000000000000000000000000000001D
:10A34000000000000000000000000000000000000D
:10A3500000000000000000000000000000000000FD
:10A3600000000000000000000000000000000000ED
:10A3700000000000000000000000000000000000DD
:10A3800000000000000000000000000000000000CD
:10A39000000000000000000000004A8BCF7F4B2F20
:10A3A00075DF7DFF75DF759F7DDF5C580000000065
:10A3B000530DCF9F21450000000000000000000069
:10A3C000000000000000000000000000000000008D
:10A3D000000000000000000000000000000000007D
:10A3E000000000000000000000000000000000006D
:10A3F000000000000000000000000000000000005D
:10A40000000000000000000000000000000000004C
:10A41000000000000000000000000000000000003C
:10A42000000000000000000000000000000000002C
:10A43000000000000000000000000000000000001C
:10A44000000000000000000000000000000000000C
:10A4500000000000000000000000000000000000FC
:10A4600000000000000000000000000000000000EC
:10A4700000000000000000000000000000000000DC
:10A4800000000000000000000000000000000000CC
:10A4900000000000000000000000000000000000BC
:10A4A00000000000000000000000000000000000AC
:10A4B000000000000000000000000000000000009C
:10A4C000000000000000000000000000000000008C
:10A4D000000000000000000000000000000000007C
:10A4E000000000000000000000000000000000006C
:10A4F000000000000000000000000000000000005C
:10A50000000000000000000000000000000000004B
:10A51000000000000000000000000000000000003B
:10A52000000000000000000000000000000000002B
:10A53000000000000000000000000000000000001B
:10A54000000000000000000000000000000000000B
:10A5500000000000000000000000000000000000FB
:10A5600000000000000000000000000000000000EB
:10A57000000000000000002000004ACCE7FF3A6B1A
:10A580003AF05C796CFC759F863F649A000000008D
:10A590005B2EE7FF216600000000000000000000C5
:10A5A00000000000000000000000000000000000AB
:10A5B000000000000000000000000000000000009B
:10A5C000000000000000000000000000000000008B
:10A5D000000000000000000000000000000000007B
:10A5E000000000000000000000000000000000006B
:10A5F000000000000000000000000000000000005B
:10A60000000000000000000000000000000000004A
:10A61000000000000000000000000000000000003A
:10A62000000000000000000000000000000000002A
:10A63000000000000000000000000000000000001A
:10A64000000000000000000000000000000000000A
:10A6500000000000000000000000000000000000FA
:10A6600000000000000000000000000000000000EA
:10A6700000000000000000000000000000000000DA
:10A6800000000000000000000000000000000000CA
:10A6900000000000000000000000000000000000BA
:10A6A00000000000000000000000000000000000AA
:10A6B000000000000000000000000000000000009A
:10A6C000000000000000000000000000000000008A
:10A6D000000000000000000000000000000000007A
:10A6E000000000000000000000000000000000006A
:10A6F000000000000000000000000000000000005A
:10A700000000000000000000000000000000000049
:10A710000000000000000000000000000000000039
:10A720000000000000000000000000000000000029
:10A730000000000000000000000000000000000019
:10A740000000000000000000000000000000000009
:10A75000000000000000000000001904530D10A2CA
:10A7600000000000002110C5322C324C0000000017
:10A77000210552ED088200000000000000000000EA
:10A7800000000000000000000000000000000000C9
:10A7900000000000000000000000000000000000B9
:10A7A00000000000000000000000000000000000A9
:10A7B0000000000000000000000000000000000099
:10A7C0000000000000000000000000000000000089
:10A7D0000000000000000000000000000000000079
:10A7E0000000000000000000000000000000000069
:10A7F0000000000000000000000000000000000059
:10A800000000000000000000000000000000000048
:10A810000000000000000000000000000000000038
:10A820000000000000000000000000000000000028
:10A830000000000000000000000000000000000018
:10A840000000000000000000000000000000000008
:10A8500000000000000000000000000000000000F8
:10A8600000000000000000000000000000000000E8
:10A8700000000000000000000000000000000000D8
:10A8800000000000000000000000000000000000C8
:10A8900000000000000000000000000000000000B8
:10A8A00000000000000000000000000000000000A8
:10A8B0000000000000000000000000000000000098
:10A8C0000000000000000000000000000000000088
:10A8D0000000000000000000000000000000000078
:10A8E0000000000000000000000000000000000068
:10A8F0000000000000000000000000000000000058
:10A900000000000000000000000000000000000047
:10A910000000000000000000000000000000000037
:10A920000000000000000000000000000000000027
:10A930000000000000000000000000000000000017
:10A9400000200000000000000000000000000000E7
:10A9500000000000000000000000000000000000F7
:10A9600000000000000000000000000000000000E7
:10A9700000000000000000000000000000000000D7
:10A9800000000000000000000000000000000000C7
:10A9900000000000000000000000000000000000B7
:10A9A00000000000000000000000000000000000A7
:10A9B0000000000000000000000000000000000097
:10A9C0000000000000000000000000000000000087
:10A9D0000000000000000000000000000000000077
:10A9E0000000000000000000000000000000000067
:10A9F0000000000000000000000000000000000057
:10AA00000000000000000000000000000000000046
:10AA10000000000000000000000000000000000036
:10AA20000000000000000000000000000000000026
:10AA30000000000000000000000000000000000016
:10AA40000000000000000000000000000000000006
:10AA500000000000000000000000000000000000F6
:10AA600000000000000000000000000000000000E6
:10AA700000000000000000000000000000000000D6
:10AA800000000000000000000000000000000000C6
:10AA900000000000000000000000000000000000B6
:10AAA00000000000000000000000000000000000A6
:10AAB0000000000000000000000000000000000096
:10AAC0000000000000000000000000000000000086
:10AAD0000000000000000000000000000000000076
:10AAE0000000000000000000000000000000000066
:10AAF0000000000000000000000000000000000056
:10AB00000000000000000000000000000000000045
:10AB10000000000000000000000000000020000015
:10AB20000000000000000000000000000000000025
:10AB300000000020000000000000000000000000F5
:10AB40000000000000000000000000000000000005
:10AB500000000000000000000000000000000000F5
:10AB600000000000000000000000000000000000E5
:10AB700000000000000000000000000000000000D5
:10AB800000000000000000000000000000000000C5
:10AB900000000000000000000000000000000000B5
:10ABA00000000000000000000000000000000000A5
:10ABB0000000000000000000000000000000000095
:10ABC0000000000000000000000000000000000085
:10ABD0000000000000000000000000000000000075
:10ABE0000000000000000000000000000000000065
:10ABF0000000000000000000000000000000000055
:10AC00000000000000000000000000000000000044
:10AC10000000000000000000000000000000000034
:10AC20000000000000000000000000000000000024
:10AC30000000000000000000000000000000000014
:10AC40000000000000000000000000000000000004
:10AC500000000000000000000000000000000000F4
:10AC600000000000000000000000000000000000E4
:10AC700000000000000000000000000000000000D4
:10AC800000000000000000000000000000000000C4
:10AC900000000000000000000000000000000000B4
:10ACA00000000000000000000000000000000000A4
:10ACB0000000000000000000000000000000000094
:10ACC0000000000000000000000000000000000084
:10ACD0000000000000000000000000000000000074
:10ACE0000000000000000000000000000000000064
:10ACF0000000000000000000000000000000000054
:10AD00000000000000000000000000000000000043
:10AD10000000000000000000000000000000000033
:10AD20000000000000000000000000000000000023
:10AD30000000000000000000000000000000000013
:10AD40000000000000000000000000000000000003
:10AD500000000000000000000000000000000000F3
:10AD600000000000000000000000000000000000E3
:10AD700000000000000000000000000000000000D3
:10AD800000000000000000000000000000000000C3
:10AD900000000000000000000000000000000000B3
:10ADA00000000000000000000000000000000000A3
:10ADB0000000000000000000000000000000000093
:10ADC0000000000000000000000000000000000083
:10ADD0000000000000000000000000000000000073
:10ADE0000000000000000000000000000000000063
:10ADF0000000000000000000000000000000000053
:10AE00000000000000000000000000000000000042
:10AE10000000000000000000000000000000000032
:10AE20000000000000000000000000000000000022
:10AE30000000000000000000000000000000000012
:10AE40000000000000000000000000000000000002
:10AE500000000000000000000000000000000000F2
:10AE600000000000000000000000000000000000E2
:10AE700000000000000000000000000000000000D2
:10AE800000000000000000000000000000000000C2
:10AE900000000000000000000000000000000000B2
:10AEA00000000000000000000000000000000000A2
:10AEB0000000000000000000000000000000000092
:10AEC0000000000000000000000000000000000082
:10AED0000000000000000000000000000000000072
:10AEE0000000000000000000000000000000000062
:10AEF0000000000000000000000000000000000052
:10AF00000000000000000000000000000000000041
:10AF10000000000000000000000000000000000031
:10AF20000000000000000000000000000000000021
:10AF30000000000000000000000000000000000011
:10AF40000000000000000000000000000000000001
:10AF500000000000000000000000000000000000F1
:10AF600000000000000000000000000000000000E1
:10AF700000000000000000000000000000000000D1
:10AF800000000000000000000000000000000000C1
:10AF900000000000000000000000000000000000B1
:10AFA00000000000000000000000000000000000A1
:10AFB0000000000000000000000000000000000091
:10AFC0000000000000000000000000000000000081
:10AFD0000000000000000000000000000000000071
:10AFE0000000000000000000000000000000000061
:10AFF0000000000000000000000000000000000051
:10B000000000000000000000000000000000000040
:10B010000000000000000000000000000000000030
:10B020000000000000000000000000000000000020
:10B030000000000000000000000000000000000010
:10B040000000000000000000000000000000000000
:10B0500000000000000000000000000000000000F0
:10B0600000000000000000000000000000000000E0
:10B0700000000000000000000000000000000000D0
:10B0800000000000000000000000000000000000C0
:10B0900000000000000000000000000000000000B0
:10B0A00000000000000000000000000000000000A0
:10B0B0000000000000000000000000000000000090
:10B0C0000000000000000000000000000000000080
:10B0D0000000000000000000000000000000000070
:10B0E0000000000000000000000000000000000060
:10B0F0000000000000000000000000000000000050
:10B10000000000000000000000000000000000003F
:10B11000000000000000000000000000000000002F
:10B12000000000000000000000000000000000001F
:10B13000000000000000000000000000000000000F
:10B1400000000000000000000000000000000000FF
:10B1500000000000000000000000000000000000EF
:10B1600000000000000000000000000000000000DF
:10B1700000000000000000000000000000000000CF
:10B1800000000000000000000000000000000000BF
:10B1900000000000000000000000000000000000AF
:10B1A000000000000000000000000000000000009F
:10B1B000000000000000000000000000000000008F
:10B1C000000000000000000000000000000000007F
:10B1D000000000000000000000000000000000006F
:10B1E000000000000000000000000000000000005F
:10B1F000000000000000000000000000000000004F
:10B20000000000000000000000000000000000003E
:10B21000000000000000000000000000000000002E
:10B22000000000000000000000000000000000001E
:10B23000000000000000000000000000000000000E
:10B2400000000000000000000000000000000000FE
:10B2500000000000000000000000000000000000EE
:10B2600000000000000000000000000000000000DE
:10B2700000000000000000000000000000000000CE
:10B2800000000000000000000000000000000000BE
:10B2900000000000000000000000000000000000AE
:10B2A000000000000000000000000000000000009E
:10B2B000000000000000000000000000000000008E
:10B2C000000000000000000000000000000000007E
:10B2D000000000000000000000000000000000006E
:10B2E000000000008D778D777CF67CF57CF674B5D8
:10B2F00053906C536C536C746C536C536C536C5311
:10B300006453643364336433643364336433643365
:10B3100064336433643364336413641264126412F8
:10B320006413641364136413641364126412641268
:10B330005BF25BF25BF25BF25BF25BF25BF25BF2A5
:10B340005BF25BF25BF25BD25BD25BD25BD15BD137
:10B350005BD15BD15BD15BD15BD15BD153B15BD1B5
:10B360005BD253B153D25BF264135C136413641267
:10B37000430E4B508D7785577CF57D167CF67CD53A
:10B3800053903AEE4B6F5BF25C1264125BF25BF22D
:10B390005BF25BF25BD25BD25BD25BD25BD15BD107
:10B3A0005BD15BD15BD15BD153B153B153B153B1DD
:10B3B00053B153B153B153B153B153B153B153B16D
:10B3C00053B1539153B15391539053905390539021
:10B3D0005390539053905390539053905390539055
:10B3E000539053904B704B704B704B704B704B7035
:10B3F0004B70435053B16C746C545C1264126433E0
:10B40000430E4B708D9885577CF67D167CF67CD567
:10B4100053B1222B4B706C7474B574B574B474B59D
:10B4200074B574B574957495749574947494749497
:10B430006C946C946C946C946C746C746C746C748C
:10B440006C746C746C746C746C746C746C746C541C
:10B450006C546C546C546C546C536C536C536C53F0
:10B460006433643364336433643364336433643324
:10B470006433643364336433641264136413641395
:10B4800064135BF253B164546433643364125BF24B
:10B4900042EE4B708D988D777CF67CF67CF67CD5F1
:10B4A0005BD12A6C539074B474D574B574B574B50B
:10B4B00074B574B574B574B574B5749574957494A5
:10B4C000749474946C946C9474947494749474944C
:10B4D0006C746C746C746C746C746C746C746C746C
:10B4E0006C746C546C546C546C536C536C536C5340
:10B4F0006C536C536C536C536433643364336433F4
:10B500006433643364336433643364336433643383
:10B5100064335BF253D26C74641364336412641347
:10B52000430E4B7095988D777D167CF685167CD5ED
:10B5300053B1328C53B174B574D574D57CD57CD5E8
:10B5400074B574D574B574B574B574B574B574B593
:10B5500074B574B574B574946C946C946C946C9468
:10B56000749574946C946C946C946C746C746C742A
:10B570006C746C746C746C746C746C746C746C74CB
:10B580006C5464546C5464546454645464536453ED
:10B590006453645364336453643364336433643393
:10B5A00064335C1253D274B564136413643364332C
:10B5B0003AEE4B708D788D57853685167CF67CD5A6
:10B5C00053B12A6C53B174B574D57CD57CF574D560
:10B5D00074D57CF674B574B574B574B574B574B5BA
:10B5E00074B574B574B574B574B574B574B574B513
:10B5F000749574956C956C956C956C946C946C9436
:10B600006C946C746C746C746C746C746C746C741A
:10B610006C546C546C546C5464546454645364534C
:10B6200064536453645364536453645364336433A2
:10B630006453641353D26C9564336433641364139A
:10B640003AEE53708D788D77853685167CF67CD6EC
:10B650005BD12A6C5BD17CD57CF67CF67CF574D50D
:10B6600074D574D57CD574B574D574D574B574B5EA
:10B6700074B574B574B574B574B574B574B574B582
:10B68000749574956C956C956C956C946C946C94A5
:10B690006C946C746C946C746C746C746C746C746A
:10B6A0006C746C746C746C746C746C546C536C53FC
:10B6B0006C536C5364536C536453645364536453BA
:10B6C0006453643353D26C946C7464335BF26C5384
:10B6D000432F4B7095988D987CF6851685177CF6D0
:10B6E00053B12A6C5BD17CD57CD57CF57CF57CD5BF
:10B6F0007CF67CD57CD57CD574D574D574D574D5C1
:10B7000074D574B574B574B574B574B574B574B5D1
:10B7100074B574B574957495749574956C956C94B2
:10B720006C946C946C946C746C746C746C746C74B9
:10B730006C746C746C746C746C746C746C536C534B
:10B740006C536C5364536C53645364536453645329
:10B75000645364135C126C946453643364336433D1
:10B760003AEE539095988D778516851685167CD67A
:10B770005BD12A6C5BD17CD57CF67CF67CF57CF6C3
:10B780007D1674D57CD67CD57CD574D574B57CD526
:10B7900074B574B574B574B574B574B574B574B561
:10B7A00074956C9574956C956C946C946C946C9485
:10B7B0006C946C946C946C746C746C746C746C7429
:10B7C0006C746C746C746C546C746C746C546C74B9
:10B7D00064536C746C5364536C746C746C53645326
:10B7E0006C5364335BF26C95645364336413643359
:10B7F000430E537095988D788516851685177CF6BF
:10B800005BD1328C5BD17CF57CF67CF67CF67CF5EA
:10B810007CF674B56433749474B574B574B574B54A
:10B82000749474B56CB46CB46C946C946C946C94A7
:10B830006C946C746C746C746C746C746C746C74E8
:10B840006C746C746C746C746C546C546454645488
:10B85000645364536454645364536453643364534F
:10B86000643374B56C7464536C746C536453645374
:10B870006C7464335BF26C95645364336433643387
:10B88000430E537095988D788516851685177CF62E
:10B890005BD2328C5BD17CF67CF67CF67CF67CF657
:10B8A0007CF674B553B174B57CD574B574D574D5C4
:10B8B00074B574D574D574D574B574B574B574B5E0
:10B8C00074B57495749574956C956C956C946C9432
:10B8D0006C946C946C946C946C746C746C746C74E8
:10B8E0006C746C746C746C546C546C746C746C54B8
:10B8F0006C537D166C946C536C746C5364536C5322
:10B900006C7464535BF274B56453643364336433AE
:10B91000430E537095988D788516851685377CF67D
:10B920005BD2328C5BD17CF67CF67D167CF67CF6A5
:10B930007D1674B5539174B57CF67CF67CD574D5C0
:10B940007CD574D574D574D574D574D574B574D5C7
:10B9500074B574B574B574B574B574B574B574B59F
:10B960007495749574956C956C956C946C946C94BA
:10B970006C946C946C746C746C746C946C946C7447
:10B980006C747D166C946C746C746C746C746C74E4
:10B990006C7464335BF274B564536433643364333E
:10B9A000430E537095988D788516851685377CF6ED
:10B9B0005BD2328C5BF17CF67CF67CF67CF67CF616
:10B9C0007D1674B553B174B57CD67CF674D574D538
:10B9D0007CF674D574D574D574D574B574B574B556
:10B9E00074B574B574B574B574B574B574B574952F
:10B9F00074956C956C956C956C956C956C756C7577
:10BA00006C746C746C746C746C746C746C746C7436
:10BA10006C547CF674946C746C746C746C746C748C
:10BA20006C7464335C1274B564536433643364338C
:10BA3000430E537095988D788516851685377CF65C
:10BA40005BF2328C5BF17CF67D167CF67CF67CF644
:10BA50007D1674B55BD174B57CD67CF67CD574D577
:10BA60007CF674D574D574D574D574D574D574D565
:10BA700074D574B574B574B574B574B574B574B55E
:10BA800074B57495749574956C956C956C956C956E
:10BA90006C956C756C756C956C746C746C746C7462
:10BAA0006C747D1674B56C746C746C746C746C749A
:10BAB0006C7464535C1274B56453643364336433DC
:10BAC000430E5370959895788516851685377CF6C4
:10BAD0005BF2328C5BD184F685167D167CF67D1682
:10BAE0007D1674B553B174B57CF67CD67CD67CD605
:10BAF0007CF674D574D574D574D574D574D574D5D5
:10BB000074D574B574B574B574B574B574B574B5CD
:10BB100074B57495749574956C956C956C956C75FD
:10BB20006C756C7574956C746C746C756C746C74E9
:10BB30006C747CF674B56C746C746C746C746C742A
:10BB40006C746C535C1274B56453643364336C531B
:10BB5000430E5370959895788516851685377CF633
:10BB60005BF2328C5BD184F6851685167D168516C0
:10BB70007D1674B553B17CD57CF67CD57CF67CF60D
:10BB800074D57CD57CD57CD574D574D574D574D555
:10BB900074D574D574D574B574B574B574B574B5FD
:10BBA00074B574B574B5749574956C956C956C9505
:10BBB0006C956C9574956C746C7574956C746C74F0
:10BBC0006C74851674956C746C746C746C746C7491
:10BBD0006C7464535C1274B56454643364336C5392
:10BBE000430E5370959895788516853785377CF682
:10BBF0005BF2328C5BF285168516851685168516E6
:10BC0000851674B553B17CD57CF67CF67CF67CD673
:10BC10007CF67CD57CD57CD574D574D574D574D59B
:10BC200074D574D574B574B574B574B574B574B58C
:10BC300074B574B574B574956C95749574956C956C
:10BC40006C946C946C946C946C946C946C946C7414
:10BC50006C74851774B56C746C946C746C746C74BF
:10BC60006C9464545C1274B56454645364336453C8
:10BC7000430E5390959895988516853785377CF6B1
:10BC80005BF2328C5BF28516851685168516851655
:10BC9000851674B553B17CD57CF67CF67CF67CD6E3
:10BCA0007CF67CD57CD57CD57CD574D574D574D503
:10BCB00074D574D574D574B574B574B574B574B5DC
:10BCC00074B574B574B574B57495749574956C95B4
:10BCD0006C956C956C946C946C946C946C946C7482
:10BCE0006C74851774B56C746C946C746C746C742F
:10BCF0006C9464545C1374B5645464536433645337
:10BD0000430E5390959895988516853785377CF620
:10BD10005BF2328C5BF285168516851685168516C4
:10BD2000851674B553B17CD57CF67CF67CF67CD652
:10BD30007CF67CD57CF67CD57CD574D574D574D551
:10BD400074D574D574D574D574B574B574B574B52B
:10BD500074B574B574B574B5749574B574B57495DB
:10BD60006C956C956C946C946C946C946C946C94D1
:10BD70006C94853774B56C746C946C746C746C745E
:10BD80006C946C545C1374B56C5464536453645475
:10BD9000430E5390959895988537853785377CF66F
:10BDA0005BF2328C5BF28516851685168516851634
:10BDB000851674B553B17CD57CF67CF67CF67CF6A2
:10BDC0007CF67CD67CF67CF67CD57CD574D574D597
:10BDD00074D574D574D574D574D574B574B574B57B
:10BDE00074B574B574B574B574B574B574B574952B
:10BDF0006C956C956C946C946C946C946C946C9441
:10BE00006C94853774B56C746C946C946C746C74AD
:10BE10006C946C545C1374B56C54645364536454E4
:10BE2000430E53909598959885378537853784F6D6
:10BE30005BF2328D5BF285168516851685168516A2
:10BE4000851774B553B17CD57CF67CF67CF67CF610
:10BE50007CF67CF67CF67CF67CD57CD574D574D5E6
:10BE600074D574D574D574D574D574B574B574B5EA
:10BE700074B574B574B574B57495749574956C9502
:10BE80006C956C956C946C946C946C946C946C94B0
:10BE90006C94853774B56C746C946C946C946C74FD
:10BEA0006C956C745C1374B56C5464536433645354
:10BEB000430E539095989598853785378D3784F63E
:10BEC0005BF232AD5BF285168536851685168516D2
:10BED000851774B55BD17CD585167CF67CF67CF62F
:10BEE0007CF67CF67CF67CF67CF67CD574D574D535
:10BEF00074D574D574D574D574D574B574B574B55A
:10BF000074B574B574B574B5749574B574956C9551
:10BF10006C956C956C956C946C946C946C946C941E
:10BF20006C94853774B56C746C946C946C946C944C
:10BF30006C956C745C1374B56C54645364336453C3
:10BF4000430E539095989598853785378D3785168C
:10BF50005BF232AD63F28516853685368516851619
:10BF6000851774B55BD17CD585167CF67CF67CF69E
:10BF70007CF67CF67CF67CF67CF67CD57CD574D59C
:10BF800074D574D574D574D574D574D574B574B5A9
:10BF900074B574B574B574B574B574B574B5749579
:10BFA0006C956C956C956C956C946C946C946C948D
:10BFB0006C94853774B56C746C946C946C946C94BC
:10BFC0006C956C74643374B56C74645364536454CA
:10BFD000430E539095989598853785378D378516FC
:10BFE00063F232AD63F28516853685368516853661
:10BFF000853774B55BD17CD585167CF67CF67CF6EE
:10C000007CF67CF67CF67CF67CF67CF67CD574D5EA
:10C0100074D574D574D574D574D574D574B574B518
:10C0200074B574B574B574B574B574B574B57495E8
:10C030006C956C956C956C956C946C946C946C94FC
:10C040006C94853774B56C746C946C946C946C942B
:10C050006C956C74643374D56C74645464536C5410
:10C06000430F539095989598853785378D3785166A
:10C070005BF232AD64128537853685368536851696
:10C0800085377CD55BD17CD585167CF67CF67CF635
:10C090007CF67CF67CF67CF67CF67CF67CF67CD531
:10C0A00074D574D574D574D574D574B574B574B5A8
:10C0B00074B574B574B574B574B574B574B574B538
:10C0C0007495749574956C9574956C956C946C944A
:10C0D0006C94853774B56C946C946C946C946C749B
:10C0E0006C946C745C1374D56C74645464536454B1
:10C0F000430E5390959895988D3785378D378516D3
:10C100005BF232AD641285378536853685368536E5
:10C1100085377CD55BD17CD585167CF685167CF67B
:10C120007CF67CF67CF67CF67CF67CF67CF67CF67F
:10C130007CD574D574D574D574D574D574B574B5EF
:10C1400074B574B574B574B574B574B574B574B5A7
:10C150007495749574956C9574956C956C946C95B8
:10C160006C94853774B56C946C946C946C946C94EA
:10C170006C946C74643374D56C74645464536454F8
:10C18000430E539095B895988D3785378D57851602
:10C190005BF232AD64128536853685368536853656
:10C1A00085377CD55BD17CD585167CF685167CF6EB
:10C1B0007CF67CF67CF67CF67CF67CF67CF67CF6EF
:10C1C0007CD574D574D574D574D574D574D574B53F
:10C1D00074B574B574B574B574B574B574B574B517
:10C1E0007495749574956C9574956C956C956C9527
:10C1F0006C94853774B56C946C946C946C946C945A
:10C200006C956C74643374D56C7464546453645466
:10C21000430E539095B895988D378D378D57851669
:10C2200063F232AD641285368536853685378536BC
:10C2300085377CD55BD17CD685167CF685167CF659
:10C240007CF67CF67CF67CF67CF67CF67CF67CF65E
:10C250007CD574D574D574D574D574D574D574D58E
:10C2600074B574B574B574B574B574B574B574B586
:10C270007495749574956C9574956C956C956C9596
:10C280006C94853774B56C946C946C946C956C94C8
:10C290006C956C74643374D56C74645464536454D6
:10C2A000430F539095B895988D578D378D578516B8
:10C2B00063F232AD6412853685368536853785362C
:10C2C00085377CD55BD17CD685167CF685167CF6C9
:10C2D0007CF67CF67CF67CF67CF67CF67CF67CF6CE
:10C2E0007CF674D574D574D574D574D574D574D5DD
:10C2F00074B574B574B574B574B574B574B574B5F6
:10C3000074B5749574956C9574956C956C956C95E5
:10C310006C94853774B56C946C946C946C956C9437
:10C320006C956C74643374D56C74645464536C543D
:10C33000430F539095B895988D578D378D57851627
:10C3400063F232AD64128536853685378537853799
:10C3500085377CD55BD17CD685167CF685167CF638
:10C360007CF67CF67CF67CF67CF67CF67CF67CF63D
:10C370007CD574D574D574D574D574D574D574D56D
:10C3800074B574B574B574B574B574B574B574B565
:10C3900074B5749574956C9574956C956C956C9555
:10C3A0006C94853774B56C946C946C946C956C94A7
:10C3B0006C956C74643374D56C74645464536C54AD
:10C3C000430F539095B895988D378D378D578516B7
:10C3D00063F232AD64128537853685378537853708
:10C3E00085377CD55BD17CD68516851685167CF67F
:10C3F0007CF67CF67CF67CF67CF67CF67CF67CF6AD
:10C400007CD574D574D574D574D574D574D574D5DC
:10C4100074B574B574B574B574B574B574B574B5D4
:10C4200074B5749574956C9574956C956C956C95C4
:10C430006C94853774B56C946C946C946C956C9416
:10C440006C956C74643374D56C74645464536C541C
:10C45000430F539095B895988D378D378D57851626
:10C4600063F232AD64128537853685378537853777
:10C4700085377CD55BD17CD68516851685167CF6EE
:10C480007CF67CF67CF67CF67CF67CF67CF67CF61C
:10C490007CD574D574D574D574D574D574D574D54C
:10C4A00074B574B574B574B574B574B574B574B544
:10C4B00074B5749574956C9574956C956C956C9534
:10C4C0006C94853774B56C946C956C946C956C9485
:10C4D0006C956C74643374D56C74645464536C548C
:10C4E000430F539095B895988D578D578D57851656
:10C4F00063F232AD641285378537853785378537E6
:10C5000085377CD55BD17CF68516851685167D161C
:10C510007CF67CF67CF67CF67CF67CF67CF67CF68B
:10C520007CD57CD574D574D574D574D574D574D5B3
:10C5300074D574B574B574B574B574B574B574B593
:10C54000749574956C956C956C956C9574957494C4
:10C550007494853774B56C74749474946C956C94FD
:10C560006C956C74643374D56C546C536C536C530D
:10C57000430E539095B895988D578D578D578516C6
:10C5800063F232AD64128537853785378537853755
:10C5900085377CD55BD17CF6851685168516851684
:10C5A0007CF67CF67CF67CF67CF67CF67CF67CF6FB
:10C5B0007CF67CD574D574D574D574D574D574D502
:10C5C00074D574B574B574B574B574B574B574B503
:10C5D000749574956C956C956C956C957495749434
:10C5E0007494853774B56C74749474946C956C946D
:10C5F0006C956C74643374D56C546C546C536C537C
:10C60000430E539095B895988D578D578D57851635
:10C6100063F232AD6412853785378D3785378537BC
:10C620008D377CD55BD17CF68516851685168516EB
:10C630007CF67CF67CF67CF67CF67CF67CF67CF66A
:10C640007CF67CD57CD574D574D574D574D574D569
:10C6500074D574B574B574B574B574B574B574B572
:10C6600074B5749574956C956C956C95749574947B
:10C670007494853774B56C74749474946C956C94DC
:10C680006C956C74643374D66C746C546C536C54C9
:10C69000430E539095B895988D578D578D578516A5
:10C6A00063F232AD64128D3785378D378537853724
:10C6B0008D377CD55BD17CF685168516851685165B
:10C6C0007CF67CF67CF67CF67CF67CF67CF67CF6DA
:10C6D0007CF67CD57CD574D574D574D574D574D5D9
:10C6E00074D574B574B574B574B574B574B574B5E2
:10C6F00074B574B5749574956C956C9574957494C3
:10C700007494853774B56C74749474946C956C944B
:10C710006C956C74643374D66C746C546C536C5339
:10C72000430E539095B895988D578D578D57851614
:10C7300064123AAD64128D3785378D37853785376A
:10C740008D577CD55BD17CF68516851685168516AA
:10C750007CF67CF67CF67CF67CF67CF67CF67CF649
:10C760007CF67CD57CD574D574D574D574D574D548
:10C7700074D574B574B574B574B574B574B574B551
:10C7800074B574B5749574956C956C957495749432
:10C790007494853774B56C74749474946C956C94BB
:10C7A0006C956C74643374D66C746C546C536C53A9
:10C7B000430E539095B895988D578D578D57851684
:10C7C00064123AAD64338D578D378D378537853791
:10C7D0008D577CD55BD17CF685168516851685161A
:10C7E0007CF67CF67CF67CF67CF67CF67CF67CF6B9
:10C7F0007CF67CD57CD574D574D574D574D574D5B8
:10C8000074D574B574B574B574B574B574B574B5C0
:10C8100074B574B5749574956C956C9574957494A1
:10C820007494853774B56C74749474946C956C942A
:10C830006C956C74643374D66C746C546C536C5318
:10C84000430E539095B895988D578D578D578516F3
:10C8500064123AAD64338D578D378D378537853700
:10C860008D377CD55BD17CF68516851685168516A9
:10C870007CF67CF67CF67CF67CF67CF67CF67CF628
:10C880007CF67CD57CD574D574D574D574D574D527
:10C8900074D574B574B574B574B574B574B574B530
:10C8A00074B574B574B574956C956C9574957494F1
:10C8B0007494853774B56C74749474946C956C949A
:10C8C0006C956C74643374D66C746C546C536C5388
:10C8D000430E539095B895988D578D578D57851663
:10C8E00064123ACD64338D578D378D378537853750
:10C8F0008D377CD55BD17CF6851685168516851619
:10C900007CF67CF67CF67CF67CF67CF67CF67CF697
:10C910007CF67CD57CD574D574D574D574D574D596
:10C9200074B574B574B574B574B574B574B574B5BF
:10C9300074B574B5749574956C956C957495749480
:10C940007495853774B56C74749474946C956C9408
:10C950006C956C74643374D66C746C546C536C54F6
:10C96000430F539095B895988D578D578D578516D1
:10C9700063F23ACD64338D578D57853785378537C8
:10C9800085377CD55BD17CF6851685168516851690
:10C9900085167CF67CF67CF67CF67CF67CF67CF6DE
:10C9A0007CF67CD57CF57CD57CD574D574D574D5D6
:10C9B00074D574D574B574B574B574B574B574B5EF
:10C9C00074B574B57495749574B56C9574957495C7
:10C9D0007494853774B56C7474946C746C956C94A1
:10C9E0006C956C74643374D56C746C546C536C5467
:10C9F000432F539095B895988D578D578D57851621
:10CA000063F23ACD64338D578D5785378537853737
:10CA100085377CD55BD17CF68516851685168516FF
:10CA200085167CF67CF67CF67CF67CF67CF67CF64D
:10CA30007CF67CD57CF57CD57CD574D574D574D545
:10CA400074D574D574B574B574B574B574B574B55E
:10CA500074B574B57495749574B56C957495749536
:10CA60007494853774B56C7474946C746C956C9410
:10CA70006C956C74643374D56C746C546C536C54D6
:10CA8000432F539095B895988D578D578D57851690
:10CA900063F23ACD64338D578D578D37853785379F
:10CAA0008D377CD55BD17CF6851685168516851667
:10CAB00085167CF67CF67CF67CF67CF67CF67CF6BD
:10CAC0007CF67CD57CD57CD574D574D574D574D5DD
:10CAD00074D574D574B574B574B574B574B574B5CE
:10CAE00074B574B57495749574B56C9574957495A6
:10CAF0006C74853774B56C7474946C746C956C94A8
:10CB00006C956C74643374D56C746C546C536C5445
:10CB1000430F539095B895988D578D578D5785161F
:10CB200063F23ACD64338D578D578D37853785370E
:10CB30008D377CD55BD17CF68516851685168516D6
:10CB400085167CF67CF67CF67CF67CF67CF67CF62C
:10CB50007CF67CD57CD57CD574D574D574D574D54C
:10CB600074D574D574B574B574B574B574B574B53D
:10CB700074B574B57495749574B56C957495749515
:10CB80006C74853774B56C7474946C746C956C9417
:10CB90006C956C74643374D56C746C546C536C54B5
:10CBA000430F539095B895988D578D578D5785168F
:10CBB00063F23ACD64338D578D578D37853785377E
:10CBC0008D377CD55BD17CF6851685168516851646
:10CBD0007CF67CF67CF67CF67CF67CF67CF67CF6C5
:10CBE0007CF67CD57CD57CD574D574D574D574D5BC
:10CBF00074D574D574B574B574B574B574B574B5AD
:10CC000074B574B56C95749574B56C95749574958C
:10CC10006C74853774B56C74749474946C956C945E
:10CC20006C956C74643374D56C746C546C536C5424
:10CC3000430F539095B895988D578D578D578516FE
:10CC400063F23ACD64338D578D578D3785378537ED
:10CC50008D377CD55BD17CF68516851685168516B5
:10CC60007CF67CF67CF67CF67CF67CF67CF67CF634
:10CC70007CF67CD57CD57CD574D574D574D574D52B
:10CC800074D574D574B574B574B574B574B574B51C
:10CC900074B574B56C95749574B56C9574957495FC
:10CCA0006C74853774B56C74749474946C956C94CE
:10CCB0006C956C74643374D56C746C546C536C5494
:10CCC000430F539095B895988D578D578D5785166E
:10CCD00063F23ACD64338D578D578D3785378D3755
:10CCE0008D377CD55BD17CF6851685168516851625
:10CCF0007CF67CF67CF67CF67CF67CF67CF67CF6A4
:10CD00007CF67CD57CD57CD574D574D574D574D59A
:10CD100074D574D574B574B574B574B574B574B58B
:10CD200074B574B56C95749574B56C95749574956B
:10CD30006C74853774B56C7474946C746C956C9465
:10CD40006C946C74643374D56C746C546C536C5404
:10CD5000430F539095B895988D578D578D578516DD
:10CD600063F23ACD64338D578D578D3785378D37C4
:10CD70008D377CD55BD17CF6851685168516851694
:10CD80007CF67CF67CF67CF67CF67CF67CF67CF613
:10CD90007CF67CD57CD574D574D574D574D574D512
:10CDA00074D574D574B574B574B574B574B574B5FB
:10CDB00074B574B56C956C9574B56C956C957495EB
:10CDC0006C74853774B56C746C746C746C946C94FE
:10CDD0006C946C74643374D56C746C546C536C5474
:10CDE000430F539095B895988D578D578D5785164D
:10CDF00063F23ACD6C338D578D378D578537853734
:10CE00008D577CD55BD17CF68516851685168516E3
:10CE100085167CF67CF67CF67CF67CF67CF67CF659
:10CE20007CF67CF67CD57CD574D574D574D574D558
:10CE300074D574B574B574B574B574B574B574B58A
:10CE400074B574B56CB56C956C956C956C9474B543
:10CE50006C54851774956C746C746C7474956C74E4
:10CE600074B56454643374D56C7464336C536C530C
:10CE7000430E539095B895988D578D378D578516DD
:10CE800063F23ACD6C338D578D378D5785378537A3
:10CE90008D577CD55BD17CF6851685168516851653
:10CEA00085167CF67CF67CF67CF67CF67CF67CF6C9
:10CEB0007CF67CF67CD57CD574D574D574D574D5C8
:10CEC00074D574B574B574B574B574B574B574B5FA
:10CED00074B574B574B56CB56C9574B56C746C53ED
:10CEE000747485367CB56C736C5374746C746C7428
:10CEF0006C956454641374B56C746C536C546C53BB
:10CF0000430E539095B895988D378D378D5785166C
:10CF100063F23ACD64338D578D378D57853785371A
:10CF20008D577CD55BD17CF68516851685168516C2
:10CF300085167CF67CF67CF67CF67CF67CF67CF638
:10CF40007CF67CF67CD574D574D574D574D574D53F
:10CF500074D574B574B574B574B574B574B574B569
:10CF600074B574956C956C956C946C7474947C9495
:10CF700074738D367CB474737473749474746C535A
:10CF80006C746C745C1374B56C7464536C546C5333
:10CF9000430E4B9095B895988D378D378D578516E4
:10CFA00063F23ACD64338D578D378D57853785378A
:10CFB0008D577CD55BD17CF6851685168516851632
:10CFC00085167CF67CF67CF67CF67CF67CF67CF6A8
:10CFD0007CF67CF67CD574D574D574D574D574D5AF
:10CFE00074D574B574B574B574B574B574B574B5D9
:10CFF00074B574956C946C947494749474535B8F3E
:10D000004AEC532E4AEC42AC4AEC4B0E63D16C1204
:10D010006C3364125BF274D56C7464536C536C5350
:10D02000430E4B9095B895988D378D378D57851653
:10D0300063F23ACD64338D578D378D5785378537F9
:10D040008D577CD55BD17CF68516851685168516A1
:10D0500085167CF67CF67CF67CF67CF67CF67CF617
:10D060007CF67CF67CD57CD574D574D574D574D516
:10D0700074D574B574B574B574B574B574B574B548
:10D080007495749474B5749474737C934B0D1946B1
:10D09000192510E410C408A300820083198742CC2C
:10D0A000534F5BB1539174D56C7464536C536C548F
:10D0B000430E4B9095B895988D378D378D578516C3
:10D0C00063F23ACD64338D578D378D578537853769
:10D0D0008D577CD55BD17CF6851685168516851611
:10D0E00085167CF67CF67CF67CF67CF67CF67CF687
:10D0F0007CF67CF67CD57CD574D574D574D574D586
:10D1000074D574B574B574B574B574B574B574B5B7
:10D110007495749474947473747374323A6A194580
:10D12000298721661904190408A3008208E42A0942
:10D130003A8B42EE432F74B56C74645364336C5471
:10D14000430E4B7095B895988D378D378D57851652
:10D1500063F23ACD64338D3785378D578537853700
:10D160008D577CD55BD17CF6851685168516851680
:10D1700085167CF67CF67CF67CF67CF67CF67CF6F6
:10D180007CF67CF67CD57CD574D574D574D574D5F5
:10D1900074D574B574B574B574B574B574B574B527
:10D1A00074B57494749474947CB46BF13A2929A77F
:10D1B00029862945296518E310A3006208E429E9B6
:10D1C0003A6B3ACD430E6C956C54645364536C5374
:10D1D000430E4B7095B895988D378D378D578516C2
:10D1E0005BF23ACD64338D3785378D378537853798
:10D1F0008D377CD55BD17CF6851685168516851610
:10D2000085167CF67CF67CF67CF67CF67CF67CF665
:10D210007CF67CF67CD574D574D574D574D574D56C
:10D2200074D574B574B574B574B574B574B574B596
:10D2300074B5749474947453747374113A4A29A62F
:10D2400031A6294539C718E31904088210E421875B
:10D250003A8B3ACC430E6C956453645364336453F5
:10D26000430E539095B89598853785378D57851619
:10D270005BF23ACD643385378D3785378D37853707
:10D280008D577CD55BD17CF685168516851685165F
:10D290007CF67CF67CF67CF67CF67CF67CF67CF6FE
:10D2A0007CF67CD57CD574D574D574D574D574D5FD
:10D2B00074B574B574B574B574B574B574B574B526
:10D2C0007495749574947494747374323A292166C5
:10D2D00031A62944212418E32104006208C421A8AE
:10D2E000326B3ACD3AEE6C956C54645364336C53A4
:10D2F000432E4B9095B89598853785378D57851671
:10D300005BF23ACD643385378D3785378D37853776
:10D310008D577CD55BD17CF68516851685168516CE
:10D320007CF67CF67CF67CF67CF67CF67CF67CF66D
:10D330007CF67CD57CD574D574D574D574D574D56C
:10D3400074B574B574B574B574B574B574B574B595
:10D35000749574956C74749474736C113229298665
:10D3600039C7294439C618A23186006208C429C8C1
:10D37000326B3AAC3AEE6C956C54645364336C5334
:10D38000432E4B9095B89598853785378D37851600
:10D390005BF23AAD643385378D378537853785370E
:10D3A0008D377CD55BD17CF685168516851685165E
:10D3B0007CF67CF67CF67CF67CF67CF67CF67CF6DD
:10D3C0007CF67CD57CD574D574D574D574D574D5DC
:10D3D00074D574B574B574B574B574B574B574B5E5
:10D3E0007495749574B5749474746C3231E92145F4
:10D3F00031862124296518C218E3006208A321C8D8
:10D40000326B3AAC430E74956454645364336C537A
:10D41000430E4B7095B89598853785378D378516AF
:10D420005BF23AAD643385378D378537853785377D
:10D430008D377CD55BD17CF68516851685168516CD
:10D440007CF67CF67CF67CF67CF67CF67CF67CF64C
:10D450007CD57CD57CD574D574D574D574D574D56C
:10D4600074D574B574B574B574B574B574B574B554
:10D47000749574956C956C7474746C3229E82145BC
:10D4800031A62944318510A22124004108C421A8D5
:10D49000324B3AAD430E6C956454645364336C5311
:10D4A000430E4B7095B89598853785378D3785161F
:10D4B0005BF232AD643385378D37853785378537F5
:10D4C0008D377CD55BD17CF685168516851685163D
:10D4D0007CF67CF67CF67CF67CF67CF67CF67CF6BC
:10D4E0007CD57CD57CD574D574D574D574D574D5DC
:10D4F00074B574B574B574B574B574B574B5749504
:10D50000749574956C957494749463F129C821662C
:10D5100031A618E3318510811904006208C421A7DF
:10D520003A8B3AAC430E6C956453645364336C533A
:10D53000430E4B7095B89598853785378D3785168E
:10D540005BF232AD643385378D3785378537853764
:10D550008D377CD55BD17CF68516851685167D16B4
:10D560007CF67CF67CF67CF67CF67CF67CF67CF62B
:10D570007CD574D57CD574D574D574D574D574D553
:10D5800074B574B574B574B574B574B574B5749573
:10D59000749574956C956C7474946C1129C821669B
:10D5A00031862104318510811904004110E421A83D
:10D5B0003A6B3A8C430E6C956453645364336C53EA
:10D5C000430E4B7095989598853785378D3785161E
:10D5D0005BF232AD643385378537853785378537DC
:10D5E0008D377CD55BD17CF68516851685167D1624
:10D5F0007CF67CF67CF67CF67CF67CF67CF67CF69B
:10D600007CD574D574D574D574D574D574D574B5EA
:10D6100074B574B574B574B574B574B574B57495E2
:10D6200074956C9574946C5474746BF129A710C341
:10D6300018E310A210A210A20020086208A329A7D4
:10D640003A6B3AAC430E6C956453645364336C5339
:10D65000430E4B7095989598853785378D3785168D
:10D660005BF232AD6433853785378537853785374B
:10D670008D377CD55BD17CF58516851685167D1694
:10D680007CF67CF67CF67CF67CF67CF67CF67CF60A
:10D690007CD574D574D574D574D574D574D574B55A
:10D6A00074B574B574B574B574B574B57495749572
:10D6B0007495749574956C7474746C1129C810E425
:10D6C00010C3108218A2086108610862088229A7A5
:10D6D0003A4A3AAC430E6C946453645364336C53CB
:10D6E000430E4B70959895988537851685377CF64F
:10D6F0005BF232AD641285378536853685368537DF
:10D7000085377CD55BD17CF68516851685167CF62B
:10D710007CF67CF67CF67CF67CF67CF67CF67CF679
:10D720007CD57CD57CD67CD574D574D574D574D590
:10D7300074D574D574B574D574B5749474947494A4
:10D740007494749474946C7474746C12218710E4DF
:10D7500010C310A2108208410861004108A321876C
:10D760003A6B3AAC430E6C746C53643364336C5351
:10D7700042EE4B70959895988537851685378516B6
:10D780005BF232AD6412853785368536853685374E
:10D79000853774D55BD17CF58516851685167CF6A4
:10D7A0007CF67CF67CF67CF67CF67CF67CF67CF6E9
:10D7B0007CD57CD57CD57CD574D574D574D574D501
:10D7C00074D574B574B574B56CB474B574B574941B
:10D7D000749474946C74747474736BF1218610C4B3
:10D7E00010A30862108210820861086110A329A7A3
:10D7F0003A6B3AAC430E6C746C53643364336C53C1
:10D8000042EE4B7095989598853785168537851625
:10D810005BF232AD641285378536853685368537BD
:10D82000853774D55BD17CF58516851685167CF613
:10D830007CF67CF67CF67CF67CF67CF67CF67CF658
:10D840007CD57CD57CD57CD574D574D574D574D570
:10D8500074D574B574D56CB46C9474B574B56C949B
:10D86000749474946C53747374936BF1216610C345
:10D8700018C31082086208610041004108A221A774
:10D880003A8B3ACD3B0E6C536433643364336C5340
:10D8900042EE4B70959895988537851685377CF6BE
:10D8A0005BF232AD6412853785368536853685372D
:10D8B000853774D55BD17CF58516851685167CF683
:10D8C0007CF67CF67CF67CF67CF67CF67CF67CF6C8
:10D8D0007CD574D574D574D574D574D574D574D5F8
:10D8E00074B574B574D56CB474B574B574B57494FA
:10D8F000749474947CB4747374326BD0298608A2C7
:10D9000018E32965296518C310A3006108A321A79E
:10D91000326B32AD3AEE64536433643364336C5328
:10D9200042EE4B70959895788537851685377CF64D
:10D930005BF232AD6412853785368536853685379C
:10D94000853774D55BD17CF58516851685167CF6F2
:10D950007CF67CF67CF67CF67CF67CF67CF67CD558
:10D960007CD574D574D574D574D574D574D574D567
:10D9700074B574B5749474947CB4747374536C52A9
:10D980006C326C326C1263F17452638F192518E398
:10D9900042084228422831A710C3004108A321A809
:10D9A000326C32AD3ACE64336413641364336C3337
:10D9B000430E4B70959895788516851685377CF6BD
:10D9C0005BD232AD6412851685368536851685366E
:10D9D000853774D55BD17CD5851685167CF67CF6AB
:10D9E0007CF67CF67CF67CF67CF67CF67CF67CD5C8
:10D9F00074D574D574D574D574D574D574D574D5DF
:10DA000074B574B574B57CB47CB463F163D063D081
:10DA100063D063B063B05B8F5B6F638F5B2C5B0B1A
:10DA2000630C632C632C632C2124086208A321A8B7
:10DA3000326B32AD3ACD64126412643364336433B2
:10DA4000430E4B70959895788516851685377CF62C
:10DA50005BD232AD641285168537853785168536DB
:10DA6000853774D553D17CD57CF67CF67CF67CF674
:10DA70007CF67CF67CF67CF67CF67CF67CD57CD558
:10DA800074D574D574D574D674D674D674B574B58B
:10DA900074B574B5749574947453534E532E532EB9
:10DAA000532D532D532E532E530D5B2D5B2D632C75
:10DAB000630B5AEB5AEB5AEB21240862088321A826
:10DAC000326B32AD3ACD6412641264336413643342
:10DAD000430E4B70959895788516851685377CF69C
:10DAE0005BD232AD6412851685378516851685366C
:10DAF000853774D553D17CD57CF67CF67CF67CF6E4
:10DB00007CF67CF67CF67CF67CF67CF67CD57CD5C7
:10DB100074D574D574D574D574D574D574B574B5FD
:10DB200074B574B5749474946C324B2E534E534E3A
:10DB30004B0D4B0D42CD42CC42AC3A49192518C38E
:10DB4000296531A639C7296518C3086108A321A72B
:10DB5000326B328C32AD5BF2641264336413643323
:10DB6000430E4B70959895788516851685177CF62B
:10DB70005BD232AD641285168516853785168536DB
:10DB8000853774D55BD17CD585167CF67CF67CF622
:10DB90007CF67CF67CF67CF67CF67CD57CD57CD558
:10DBA00074D574D574D574D574D574B574B574B58D
:10DBB00074B574B574B574B474B474B47494749363
:10DBC0006C736C526C3263D06BF05B4E110410A21C
:10DBD00018C32124212418C31082004108A321A7BF
:10DBE000324B328C32AD641264126413643364338A
:10DBF0003AEE4B70959895788516851685177CF6C4
:10DC00005BD232AD6412851685168516851685168B
:10DC1000853774B55BD17CD585167CF67CF67CF6B1
:10DC20007CF67CF67CF67CF67CF67CD57CD57CD5C7
:10DC300074D574D57CD574D474D574D574B574B5D5
:10DC400074B574B574B56CB46C946C946C746C737A
:10DC5000645364326432641263F15B4E192510C35D
:10DC600018C3108210A308620861084108A329C7DD
:10DC7000326B3AAD32AD64126413643364336C3387
:10DC800042EE4B70959895788516851685177CF62B
:10DC90005BD232AD641285168516851685168516FB
:10DCA000853774B55BD17CD585167CF67CF67CF621
:10DCB0007CF67CF67CF67CF67CD57CD57CD574D560
:10DCC00074D574D57CD574D574B574B574B574B584
:10DCD00074B574B574B56C956C946C946C746C7408
:10DCE000647364536C536C536C325B8F194608A396
:10DCF00018C310A310A3108210A2086108A321A7C3
:10DD0000326B3AAC32CD64336413641364336433DE
:10DD100042EE4B50959895788516851685177CF6BA
:10DD20005BD232AD6412851685168516851685166A
:10DD3000853774B553D174D57CF67CF67CF67CF6C9
:10DD40007CF67CF67CF67CF67CD57CD57CD574D5CF
:10DD500074D574D57CD574D574B574B574B574B5F3
:10DD600074B574B574B574946C956C946C946C942F
:10DD70006C746C74645364336C3263D1196608A399
:10DD800018E318C310A2108210A2088208A321A7CA
:10DD90003A8B3ACD3ACD64336433641264126433FF
:10DDA00042EE4B5095788D588516851685177CF672
:10DDB0005BD1328D63F2851685168516851685161C
:10DDC000851674B553D174D57CF67CF67CF67CF65A
:10DDD0007CF67CF67CF67CF67CD574D574D574D54F
:10DDE00074D574D574D574B674B574B574B574B58A
:10DDF00074B5749574B574B47494749474947474A0
:10DE000074746C746C746C536C5363D0194610E466
:10DE100018E410A310A310A310A3088208C321A71D
:10DE20003A6B3AAD3AEE645364336433641364334B
:10DE300042EE4B7095788D588516851685177CF6C1
:10DE40005BD1328D63F2851685168516851685168B
:10DE5000851674B553D174D57CF67CF67CF67CF6C9
:10DE60007CF67CF67CF67CF67CD574D574D574D5BE
:10DE700074D574D574B674B674B574B574B574B518
:10DE800074B574B474B47494749474947494747411
:10DE90006C746C746C746C74747463D1196610E473
:10DEA00018E418E410C310C310A3088210E429C8B2
:10DEB0003A8C3ACD3AEE645364536433643364333A
:10DEC00042EE4B5095788D588516851685177CF651
:10DED0005BD2328D63F285168516851685168516FA
:10DEE000851674B553B174D57CF67CD67CF67CF679
:10DEF0007CD67CD67CF67CD574D574D574D574D597
:10DF000074D574D574D574B574B574B574B574B569
:10DF100074B574B474B46C946C946C946C956C9487
:10DF20006C956C746C746C736C736C12322908C4CD
:10DF30000882088210A308A30882088319253209E1
:10DF40003ACD430F432F6C746433643364336433CA
:10DF50003AEE4B4F95788D578516851685177CF6CA
:10DF60005BD2328D5BF284F6851685167D1685169A
:10DF7000851674B553B174B57CF67CD67CF67CD628
:10DF80007CD67CD67CF67CD574D574D574D574D506
:10DF900074D574D574D574B574B574B574B574B4DA
:10DFA00074B474B46CB46C946C946C946C946C9500
:10DFB0006C746C746C946C746C33747363B03A4AA4
:10DFC00031E929C8218729A7218729A73A4A4AED9B
:10DFD0004B4F4B704B706C746433643364336433F5
:10DFE0003AEE4B4F8D788D778516851685177CD642
:10DFF0005BD1328D5BF27CF67CF6851685167CF65D
:10E00000851774B553B174B57CF67CF67CF67CF656
:10E010007CF67CF67CD57CD574D574D574D574D556
:10E0200074D574D574D574B574B574B574B574B548
:10E0300074B574B5749474946C946C946C946C947E
:10E040006C746C746C746C746C536C536C536C5354
:10E050006C126C325BD05BB05B9053905BB05BD169
:10E0600064125BF253B16C746433643364336433AD
:10E070003AEE4B4F8D788D778516851685177CD6B1
:10E080005BD1328D5BF27CF67CF6851685167CF6CC
:10E090008516749553B174B57CF67CF67CF67CF6E7
:10E0A0007CF67CF67CD57CD574D574D574D574D5C6
:10E0B00074D574D574D574B574B574B574B574B5B8
:10E0C00074B574B5749474946C946C946C946C94EE
:10E0D0006C746C746C746C746C736C746C536C5383
:10E0E00064536C7464536432643264126433643312
:10E0F0006C53643353D16C7464336433643364336A
:10E1000042EE4B4F8D788D778516851685167CD619
:10E110005BD1328C5BF27CF67CF685167CF67CF665
:10E120008516749553B174B57CF67CF67CF67CF656
:10E130007CD57CF67CD57CD574D574D574D574D556
:10E1400074D574D574D574B574B574B574B574B527
:10E1500074B574B5749474946C946C946C946C945D
:10E160006C746C746C746C746C746C746C546C53F0
:10E170006C547CD56C746C536C536C536C5364331B
:10E180006C53643353D26C956433643364336433B7
:10E1900042EE4B4F8D778D5785167D1685167CD6B2
:10E1A0005BD1328C5BF27CF67CF67D167CF67CF6DD
:10E1B0008516749553B174B57CF67CF67CF67CF6C6
:10E1C0007CD57CD57CD57CD574D574D574D574D5E7
:10E1D00074D574D574D574B574B574B574B574B597
:10E1E00074B5749474946C946C946C946C946C94F6
:10E1F0006C746C746C746C746C546C746C546C5380
:10E200006C547CD66C746C536C536C536C536C5361
:10E210006C7464335BF26C956433643364336433DD
:10E2200042EE4B4F8D778D577D167D1685167CD629
:10E230005BD1328C5BF27CF67CF67CF67CF67CF66D
:10E240007CF6749553B174B57CF67CF67CD57CF67F
:10E250007CD57CD57CD574D574D574D574D574D55E
:10E2600074D574B574B574B574B574B574B574B546
:10E2700074B574946C946C946C946C946C946C946D
:10E280006C746C746C746C746C746C746C746C53AF
:10E290006C537CF66C746C536C536C536C74645399
:10E2A0006C7464535BF26C9564336433643364332D
:10E2B00042EE4B4F8D778D577D167D167CF67CD6C2
:10E2C0005BD1328C5BD27CF67CF67CF67CF67CF6FD
:10E2D0007CF6749553B174B57CF67CD67CD57CD530
:10E2E0007CD57CD574D574D574D574D574D574B5F6
:10E2F00074B574B574B574B574B574B574B574B5D6
:10E3000074B574946C946C946C946C946C946C94DC
:10E310006C746C746C746C746C746C746C746C74FD
:10E320006C537CF66C746C536C536C746C746453E7
:10E330006C7464335BF26C956433643364336433BC
:10E3400042EE4B4F8D778D577D167CF67CF67CD652
:10E350005BD1328C5BD27CF67CF67CF67CF67CF66C
:10E360007CF6749553B174B57CF67CD67CD57CD59F
:10E3700074D57CD574D574D574D574D574B574B58D
:10E3800074B574B574B574B574B574B574B574B545
:10E3900074B574946C946C946C946C946C946C944C
:10E3A0006C746C746C746C946C746C746C746C744D
:10E3B0006C747CF66C946C746C746C746C746453D4
:10E3C0006C74643353D26C95643364336433643354
:10E3D00042EE4B4F8D778D577D167CF67CF67CD6C2
:10E3E0005BD1328C5BD27CF67CF67CF67CF67CF6DC
:10E3F0007CF6749553B174B57CD67CD574D57CD538
:10E4000074D574D574D574D574D574D574B574B504
:10E4100074B574B574B574B574B574B574B574B5B4
:10E4200074B574946C946C946C946C946C946C94BB
:10E430006C746C746C746C946C746C746C746C74BC
:10E440006C537CF66C946C5364536C536C746453CF
:10E450006C74645353D26C956433643364136433C3
:10E4600042EE4B4F8D778D577CF67CF67CF67CD553
:10E4700053B1328C5BD17CF67CF57CF67CF67CD695
:10E480007CF6749553B174B57CD57CD574D57CD5A8
:10E4900074D574D574D574D574D574B574B574B594
:10E4A00074B574B574B574B574B574B574B5749445
:10E4B00074946C946C946C946C946C946C946C9454
:10E4C0006C746C746C746C746C746C746C746C744C
:10E4D0006C747CF66C9464536C536C5364536C741E
:10E4E0006C5364335BF26C746433641364336C3365
:10E4F00042EE4B4F8D778D577CF67CF67CF67CD5C3
:10E5000053B1328C5BD17CF67CF57CF67CF67CD604
:10E510007CF6749553B174957CD57CD574D57CD537
:10E5200074D574D574D574D574D574B574B574B503
:10E5300074B574B574B574B574B574B574B57494B4
:10E540006C946C946C946C946C946C946C946C74EB
:10E550006C746C746C746C746C746C746C746C74BB
:10E560006C747CF66C9464536C536C5364536C748D
:10E570006C5364335BF26C746433641364136C33F4
:10E5800042EE4B4F8D578D577CF67CF67CF674B57A
:10E5900053B1328C5BD17CD67CD57CF67CF67CD5B5
:10E5A0007CF6749553B174957CD57CD574D574D5AF
:10E5B00074D574D574D574D574B574B574B574B593
:10E5C00074B574B574B574B574B574B57494749445
:10E5D0006C946C946C946C946C946C946C746C747B
:10E5E0006C746C746C746C746C746C746C746C742B
:10E5F0006C747CF66C9464536C536C5364536C74FD
:10E60000645364335BF26C74643364136413641393
:10E610003ACE4B4F8D5785577CF67CF67CF674B519
:10E6200053B1328C5BD17CD67CD57CF67CD67CD544
:10E630007CF6749553B174957CD57CD574D574D51E
:10E6400074D574D574D574D574B574B574B574B502
:10E6500074B574B574B574B574B574B574947494B4
:10E660006C946C946C946C946C946C946C746C74EA
:10E670006C746C746C746C746C746C746C536C74BB
:10E680006C747CF66C9464536C536C5364536C746C
:10E69000645364335BF26C74643364136413641303
:10E6A0003ACE4B2F8D5785577CF57CF57CF674B5AB
:10E6B00053B12A6C5BD17CD67CD57CF57CD67CD5DD
:10E6C0007CF6749453B174957CD57CD574D574D58F
:10E6D00074D574D574D574D574B574B574B574B572
:10E6E00074B574B574B574B574B574947494749445
:10E6F0006C946C946C946C946C946C946C746C745A
:10E700006C746C746C746C746C746C746C536C534B
:10E710006C537CF66C7464536C536C5364536C741C
:10E72000645364335BF26C74643364136413641372
:10E730003ACE4B2F8D5785577CF57CF57CF674B51A
:10E7400053B12A6C53B17CD57CD57CF57CD57CD576
:10E750007CF6749453B174957CD57CD574D574D5FE
:10E7600074D574D574D574B574B574B574B574B501
:10E7700074B574B574B574B574B5749474947494B4
:10E780006C946C946C946C946C946C946C746C74C9
:10E790006C746C746C746C746C746C746C536C53BB
:10E7A0006C537CF66C7464536C536C5364536C53AD
:10E7B000645364335BF26C746433641364136413E2
:10E7C0003ACD4B2F8D5785377CD57CD57CF674B5EB
:10E7D00053B12A6C53B17CD57CD57CD57CD57CD506
:10E7E0007CF66C7453B174947CD57CD574D574D597
:10E7F00074D574D574B574B574B574B574B574B591
:10E8000074B574B574B574B57494749474946C944C
:10E810006C946C946C946C946C946C746C746C7458
:10E820006C746C746C746C746C746C746C536C532A
:10E830006C537CD56C746C536C536C5364536C5335
:10E84000645364335BF26C74643364136412641352
:10E850003ACD4B2F8D5785377CD57CD57CF674B55A
:10E8600053912A6C53B17CD57CD57CD57CD57CD595
:10E870007CD66C74539174947CD57CD574D574D546
:10E8800074B574B574B574B574B574B574B574B540
:10E8900074B574B574B574947494749474946C94DD
:10E8A0006C946C946C946C946C746C746C746C74E8
:10E8B0006C746C746C746C746C746C746C536C539A
:10E8C0006C537CD56C746C536C536C5364536C53A5
:10E8D000645364335BF26C746433641364126413C2
:10E8E0003ACD4B2F8557853774D57CD57CD674B5FA
:10E8F00053912A6C53B174D57CD57CD574D574D51D
:10E900007CD66C94539074947CD574B574D574D5BE
:10E9100074D574D574B574B574B574B574B574B56F
:10E9200074B574947494749474946C946C946C949E
:10E930006C946C946C946C946C746C746C746C7457
:10E940006C746C746C746C746C746C746C53645311
:10E95000645374D56C7464536453645364536C543B
:10E96000645364335BF26C54643364126412641352
:10E970003ACD4B2F8557853774D574D57CD574B572
:10E9800053912A6C53B174B574D57CD574D574D5B4
:10E9900074D66C945390749474B574B574B574D57E
:10E9A00074B574B574B574B574B574B574B574B51F
:10E9B00074947494749474946C946C946C946C9437
:10E9C0006C946C946C946C946C746C746C746C74C7
:10E9D0006C746C746C746C746C746C746453645389
:10E9E000645374D56C7464536453645364536C54AB
:10E9F000645364335BF26C546433641264126413C2
:10EA00003ACD4B2F8557853674D574D57CD5749502
:10EA100053902A6C53B174B574D57CD574D574D524
:10EA200074D66C745390749474B574B574B574B52D
:10EA300074B574B574B574B574B574B574B57494AF
:10EA40007494749474946C946C946C946C946C94AE
:10EA50006C946C946C746C746C746C746C746C7476
:10EA60006C746C746C746C536C536C74645364533A
:10EA7000645374D56C746453645364536453645422
:10EA8000645364335BF26C54643364126412641331
:10EA90003ACD4B2F8557853674D574D57CD5749572
:10EAA00053902A4C53B174B574B574D574D574D5DC
:10EAB00074D56C745390749474B574B574B574B59E
:10EAC00074B574B574B574B574B574B574B574941F
:10EAD000749474946C946C946C946C946C946C9426
:10EAE0006C946C746C746C746C746C746C746C7406
:10EAF0006C746C746C746C536C536C5364536453CB
:10EB0000645374D56C746453645364536453645491
:10EB1000645364335BD26C546433641264126412C1
:10EB20003ACD4B2F8537851674D574D57CD5749422
:10EB300053902A4C53B174B574B574D574D574D54B
:10EB400074D56C7453906C9474B574B574B574B515
:10EB500074B574B574B574B574B574B574947494AF
:10EB600074946C946C946C946C946C946C946C949D
:10EB70006C746C746C746C746C746C746C746C7495
:10EB80006C746C746C546C536C536C536C536C534A
:10EB90006C537CD56C7464336C536C5364336C5419
:10EBA000643364335BD26C546433641263F2641272
:10EBB0003ACD4B2F8537851674D574D57CD5749492
:10EBC00053902A4B53B074B574B574B574B574B51D
:10EBD00074D56C7453906C9474B574B574B574B585
:10EBE00074B574B574B574B574B574B5749474941F
:10EBF0006C946C946C946C946C946C946C946C9415
:10EC00006C746C746C746C746C746C746C746C7404
:10EC10006C746C746C546C536C536C536C536C53B9
:10EC20006C537CD56C7464336C536C5364336C5488
:10EC3000643364135BD26C5364135BF263F264124B
:10EC40003ACD4B2F85377D1674B574B57CD5749449
:10EC500053902A4B53B074B574B574B574B574B58C
:10EC600074D56C7453906C9474B574B574B574B5F4
:10EC700074B574B574B574B57494749474946C94D8
:10EC80006C946C946C946C946C946C946C946C74A4
:10EC90006C746C746C746C746C746C746C746C7474
:10ECA0006C746C746C536C536C536C536C536C532A
:10ECB00064337CD56C7464336C536C5364336C5321
:10ECC000643364135BD2645364135BF263F26412C3
:10ECD0003AAD430F85377D1674B574B574B5749429
:10ECE00053902A4B539074B474B574B574B574B51D
:10ECF00074D56C7453906C7474B574B574B574B584
:10ED000074B574B574B57494749474946C946C9470
:10ED10006C946C946C946C946C946C946C746C7433
:10ED20006C746C746C746C746C746C746C746C74E3
:10ED30006C746C746C536C536C536C536C536C5399
:10ED400064337CD56C5464336C53643364336C53D8
:10ED5000643364135BD2645364135BF263F2641232
:10ED60003AAD430F85377D1674B574B574B5749498
:10ED700053902A4B5390749474B474B574B574B5AD
:10ED800074B56C7453906C9474B5749474B574B514
:10ED9000749474B574B5749474946C946C946C9409
:10EDA0006C946C946C946C946C946C946C946C7483
:10EDB0006C746C746C746C746C746C546C546C53B4
:10EDC0006C536C536C536C536C536C5364336C5373
:10EDD000643374B56C74643364336C536433643378
:10EDE000643364135BD264536412641263F263F29B
:10EDF0003AAD430E85377D1674B574B574B5749409
:10EE000053902A4B5390749474B474B574B574B51C
:10EE100074B56C744B706C747495749474B574B5EB
:10EE2000749474B574B574946C946C946C946C9480
:10EE30006C946C946C946C946C946C946C946C74F2
:10EE40006C746C746C746C746C746C546C546C5323
:10EE50006C536C536C536C536C536C53643364330A
:10EE6000643374B56C54643364336C536433643307
:10EE70006433641353D26433641264125BF263F23A
:10EE80003AAD430E85367D1674B574B574B5749479
:10EE90004B702A4B4B90749474B474B574957495FC
:10EEA00074B56C534B706C7474957494749474B59D
:10EEB0006C94749474946C946C946C946C946C9442
:10EEC0006C946C946C946C746C746C746C746C74E2
:10EED0006C746C746C746C746C546C546C546C53B3
:10EEE0006C536C536C536C536C536C53643364337A
:10EEF000643374B56C54643364336C536433643377
:10EF00006433641353D26433641264125BF263F2A9
:10EF10003AAD430E85367CF67495749574B56C7471
:10EF20004B702A4B4B907494749474B4749574958C
:10EF300074B56C534B706C7474947494749474B50D
:10EF40006C946C946C946C946C946C946C946C94C1
:10EF50006C946C946C946C746C746C746C746C7451
:10EF60006C746C746C746C546C546C546C536C5343
:10EF70006C536C536C536C53643364336433643339
:10EF8000643374B56C54643364336433643364330E
:10EF90006433641353D1643364125BF25BF25BF24B
:10EFA0003AAD430E85167CF67495749574B56C7401
:10EFB0004B702A4B4B707494749474B4749474941E
:10EFC00074B56C534B706C7474947494749474949E
:10EFD0006C946C946C946C946C946C946C946C9431
:10EFE0006C946C946C746C746C746C746C746C74E1
:10EFF0006C746C746C546C546C546C536C536C53D4
:10F000006C536C536C536C536433643364336433A8
:10F01000643374B56C53643364336433643364337E
:10F020006433641253D1643364125BF25BF25BF2BB
:10F030003AAD430E85167CF67494749474956C7492
:10F040004B70222B4B706C947494749474947494DD
:10F0500074956C534B706C74749474946C946C943D
:10F060006C946C946C946C946C946C946C746C74E0
:10F070006C746C746C746C746C746C746C746C7490
:10F080006C746C746C546C536C536C536C536C5345
:10F090006C536C536C536433643364336433643340
:10F0A000643374B56C5364336433643364336433EE
:10F0B00064335BF253D164335BF25BF25BF25BF27D
:10F0C0003AAD430E85167CF67494749474956C7402
:10F0D0004B70222B4B706C9474947494749474944D
:10F0E000749564334B706C7474946C746C946C94FD
:10F0F0006C746C946C946C946C946C746C746C7490
:10F100006C746C746C746C746C746C746C746C74FF
:10F110006C746C746C536C536C536C536C536C53B5
:10F120006C536C536C5364336433643364336433AF
:10F13000643374956C5364136413643364136413FD
:10F1400064335BF253D164335BF25BF25BF25BF2EC
:10F150003AAD430E85167CF67494749474946C7472
:10F160004B70222B4B706C746C94749474947494E4
:10F17000749564334B706C7374946C746C946C946D
:10F180006C746C946C946C946C746C746C746C741F
:10F190006C746C746C746C746C746C746C746C746F
:10F1A0006C746C746C536C536C536C536C536C5325
:10F1B0006C5364336C536433643364336433643347
:10F1C000643374956C53641264136433641364136E
:10F1D00064135BF253B164335BF25BF25BF25BF29C
:10F1E0003AAD42EE7D167CF674946C7474946C7433
:10F1F0004B4F222B4B4F6C746C7474746C747494FE
:10F2000074B564334B4F6C5374946C746C746C743D
:10F210006C746C746C746C746C746C746C746C74EE
:10F220006C746C746C746C746C546C546C536C5360
:10F230006C536C536C536C536C536C536C536433FE
:10F240006433643364336433643364336433641227
:10F250006433749464336412641264336413641307
:10F2600064135BF2539164335BF25BD25BD25BF26B
:10F27000328D42EE7CF67CF674946C7474946C74EB
:10F280004B4F222B4B4F6C747474749474946C7445
:10F290006C9464334B706C547495749474946C7463
:10F2A00074946C747494749474946C746C746C74BE
:10F2B0006C746C746C746C746C746C746C746C744E
:10F2C0006C746C746C746C546C546C536C536C53E1
:10F2D0006C536C5364336C536433643364336433FE
:10F2E0006433749464336412641264135BF26412C2
:10F2F00064135BF2539164335BF25BD25BD25BF2DB
:10F300003A8C42EE7CF67CF66C746C7474946C549B
:10F310004B4F222B4B4F6C536C746C746C746C742D
:10F320006C9564546C5374B574B574B57CD574B570
:10F330007CD574B574B574B574B574B574B574B55D
:10F3400074B574B574B574B574B5749574957494D6
:10F3500074947494749474947494749474946C7495
:10F360006C746C746C746C746C746C546C746C74BD
:10F370006C536C7464336412641264125BF2641331
:10F3800064135BF24B9164135BF25BD15BD15BD195
:10F39000328C42EE7CF67CD66C746C7474946C5334
:10F3A0004B4F222B4B4F6C536C546C746C746C74BD
:10F3B0006C946C746C7474946C746C746C746C7405
:10F3C00074946C746C746C746C746C746C546C5455
:10F3D0006C546C536C536C536C536C536C536C5334
:10F3E0006C536C536C536C536433643364336433C5
:10F3F00064336433643364336433641264136413B6
:10F400006412641264126412641264125BF2641374
:10F4100064135BD24B715C135BD25BD15BD15BD16C
:10F42000328C42EE7CF674D66C746C7474946C53AB
:10F430004B2F220A4B2F6C536C746C746C746C548D
:10F440006C746C546C746C746C746C746C746C53FD
:10F450006C746C546C746C746C746C546C546C532D
:10F460006C536C536C536C536C536C536C536C53A4
:10F470006C536C5364336433643364336433643384
:10F480006433643364336413643364126412641247
:10F490006412641264126412641264125BF26413E4
:10F4A00064125BD24B705C135BD25BD15BD15BD1DE
:10F4B000328C42ED7CF674D56C746C7474746C335D
:10F4C000432F220A432F6C536C746C546C746C542D
:10F4D0006C746C746C746C746C746C746C746C742C
:10F4E0006C746C746C746C746C746C546C546C537D
:10F4F0006C536C536C536C536C536C536C536C5314
:10F500006C536C53643364336433643364336433F3
:10F5100064336433643364136433641264126412B6
:10F52000641264126412641264125BF25BF264127D
:10F530005BF25BD24B705C135BD25BD15BD15BD176
:10F54000328C42ED7CD674B56C546C746C7464333C
:10F55000432F220A432F6C336C536C536C546C74DE
:10F560006C746C946C546C746C536C536C546C74FD
:10F570006C746C546C546C546C536C536C536C536F
:10F580006C536C536C536C536C53643364336433FB
:10F5900064336433643364336433643364136413F3
:10F5A0006413641364136412641264125BF26412D1
:10F5B0005BF264125BF25BF25BF25BF25BF25BF2BA
:10F5C0005BF25BD24B705C135BD253B15BB15BB14E
:10F5D000326C42CD74D674B56C536C746C746433F5
:10F5E000430E220A430E64336C546C536C746C7477
:10F5F00064546C746C536C746C746C536C536C54B6
:10F600006C546C546C546C546C536C536C536C53FE
:10F610006C536C536C536C536C536433643364336A
:10F620006433643364336433643364336413641362
:10F630006413641364135BF2641264126412641240
:10F640005BF264125BF25BF25BF25BF25BF25BF229
:10F650005BD25BD14B705BF25BD253B15BB15BB100
:10F66000326C3ACD000000000000000000000000F5
:10F67000000000000000000000000000000000008A
:10F68000000000000000000000000000000000007A
:10F69000000000000000000000000000000000006A
:10F6A000000000000000000000000000000000005A
:10F6B000000000000000000000000000000000004A
:10F6C000000000000000000000000000000000003A
:10F6D000000000000000000000000000000000002A
:10F6E000000000000000000000000000000000001A
:10F6F000000000000000000000000000000000000A
:10F7000000000000000000000000000000000000F9
:10F7100000000000000000000000000000000000E9
:10F7200000000000000000000000000000000000D9
:10F7300000000000000000000000000000000000C9
:10F7400000000000000000000000000000000000B9
:10F7500000000000000000000000000000000000A9
:10F760000000000000000000000000000000000099
:10F770000000000000000000000000000000000089
:10F780000000000000000000000000000000000079
:10F790000000000000000000000000000000000069
:10F7A0000000000000000000000000000000000059
:10F7B0000000000000000000000000000000000049
:10F7C0000000000000000000000000000000000039
:10F7D0000000000000000000000000000000000029
:10F7E0000000000000000000000000000000000019
:10F7F0000000000000000000000000000000000009
:10F8000000000000000000000000000000000000F8
:10F8100000000000000000000000000000000000E8
:10F8200000000000000000000000000000000000D8
:10F8300000000000000000000000000000000000C8
:10F8400000000000000000000000000000000000B8
:10F8500000000000000000000000000000000000A8
:10F860000000000000000000000000000000000098
:10F870000000000000000000000000000000000088
:10F880000000000000000000000000000000000078
:10F890000000000000000000000000000000000068
:10F8A0000000000000000000000000000000000058
:10F8B0000000000000000000000000000000000048
:10F8C0000000000000000000000000000000000038
:10F8D0000000000000000000000000000000000028
:10F8E0000000000000000000000000000000000018
:10F8F0000000000000000000000000000000000008
:10F9000000000000000000000000000000000000F7
:10F9100000000000000000000000000000000000E7
:10F9200000000000000000000000000000000000D7
:10F9300000000000000000000000000000000000C7
:10F9400000000000000000000000000000000000B7
:10F9500000000000000000000000000000000000A7
:10F960000000000000000000000000000000000097
:10F970000000000000000000000000000000000087
:10F980000000000000000000000000000000000077
:10F990000000000000000000000000000000000067
:10F9A0000000000000000000000000000000000057
:10F9B0000000000000000000000000000000000047
:10F9C0000000000000000000000000000000000037
:10F9D0000000000000000000000000000000000027
:10F9E0000000000000000000000000000000000017
:10F9F0000000000000000000000000000000000007
:10FA000000000000000000000000000000000000F6
:10FA100000000000000000000000000000000000E6
:10FA200000000000000000000000000000000000D6
:10FA300000000000000000000000000000000000C6
:10FA400000000000000000000000000000000000B6
:10FA500000000000000000000000000000000000A6
:10FA60000000000000000000000000000000000096
:10FA70000000000000000000000000000000000086
:10FA80000000000000000000000000000000000076
:10FA90000000000000000000000000000000000066
:10FAA0000000000000000000000000000000000056
:10FAB0000000000000000000000000000000000046
:10FAC0000000000000000000000000000000000036
:10FAD0000000000000000000000000000000000026
:10FAE0000000000000000000000000000000000016
:10FAF0000000000000000000000000000000000006
:10FB000000000000000000000000000000000000F5
:10FB100000000000000000000000000000000000E5
:10FB200000000000000000000000000000000000D5
:10FB300000000000000000000000000000000000C5
:10FB400000000000000000000000000000000000B5
:10FB500000000000000000000000000000000000A5
:10FB60000000000000000000000000000000000095
:10FB70000000000000000000000000000000000085
:10FB80000000000000000000000000000000000075
:10FB90000000000000000000000000000000000065
:10FBA0000000000000000000000000000000000055
:10FBB0000000000000000000000000000000000045
:10FBC0000000000000000000000000000000000035
:10FBD0000000000000000000000000000000000025
:10FBE0000000000000000000000000000000000015
:10FBF0000000000000000000000000000000000005
:10FC000000000000000000000000000000000000F4
:10FC100000000000000000000000000000000000E4
:10FC200000000000000000000000000000000000D4
:10FC300000000000000000000000000000000000C4
:10FC400000000000000000000000000000000000B4
:10FC500000000000000000000000000000000000A4
:10FC60000000000000000000000000000000000094
:10FC70000000000000000000000000000000000084
:10FC80000000000000000000000000000000000074
:10FC90000000000000000000000000000000000064
:10FCA0000000000000000000000000000000000054
:10FCB0000000000000000000000000000000000044
:10FCC0000000000000000000000000000000000034
:10FCD0000000000000000000000000000000000024
:10FCE0000000000000000000000000000000000014
:10FCF0000000000000000000000000000000000004
:10FD000000000000000000000000000000000000F3
:10FD100000000000000000000000000000000000E3
:10FD200000000000000000000000000000000000D3
:10FD300000000000000000000000000000000000C3
:10FD400000000000000000000000000000000000B3
:10FD500000000000000000000000000000000000A3
:10FD60000000000000000000000000000000000093
:10FD70000000000000000000000000000000000083
:10FD80000000000000000000000000000000000073
:10FD90000000000000000000000000000000000063
:10FDA0000000000000000000000000000000000053
:10FDB0000000000000000000000000000000000043
:10FDC0000000000000000000000000000000000033
:10FDD0000000000000000000000000000000000023
:10FDE0000000000000000000000000000000000013
:10FDF0000000000000000000000000000000000003
:10FE000000000000000000000000000000000000F2
:10FE100000000000000000000000000000000000E2
:10FE200000000000000000000000000000000000D2
:10FE300000000000000000000000000000000000C2
:10FE400000000000000000000000000000000000B2
:10FE500000000000000000000000000000000000A2
:10FE60000000000000000000000000000000000092
:10FE70000000000000000000000000000000000082
:10FE80000000000000000000000000000000000072
:10FE90000000000000000000000000000000000062
:10FEA0000000000000000000000000000000000052
:10FEB0000000000000000000000000000000000042
:10FEC0000000000000000000000000000000000032
:10FED0000000000000000000000000000000000022
:10FEE0000000000000000000000000000000000012
:10FEF0000000000000000000000000000000000002
:10FF000000000000000000000000000000000000F1
:10FF100000000000000000000000000000000000E1
:10FF200000000000000000000000000000000000D1
:10FF300000000000000000000000000000000000C1
:10FF400000000000000000000000000000000000B1
:10FF500000000000000000000000000000000000A1
:10FF60000000000000000000000000000000000091
:10FF70000000000000000000000000000000000081
:10FF80000000000000000000000000000000000071
:10FF90000000000000000000000000000000000061
:10FFA0000000000000000000000000000000000051
:10FFB0000000000000000000000000000000000041
:10FFC0000000000000000000000000000000000031
:10FFD0000000000000000000000000000000000021
:10FFE0000000000000000000000000000000000011
:10FFF0000000000000000000000000000000000001
:020000040802F0
:1000000000000000000000000000000000000000F0
:1000100000000000000000000000000000000000E0
:1000200000000000000000000000000000000000D0
:1000300000000000000000000000000000000000C0
:1000400000000000000000000000000000000000B0
:1000500000000000000000000000000000000000A0
:100060000000000000000000000000000000000090
:100070000000000000000000000000000000000080
:100080000000000000000000000000000000000070
:100090000000000000000000000000000000000060
:1000A0000000000000000000000000000000000050
:1000B0000000000000000000000000000000000040
:1000C0000000000000000000000000000000000030
:1000D0000000000000000000000000000000000020
:1000E0000000000000000000000000000000000010
:1000F0000000000000000000000000000000000000
:1001000000000000000000000000000000000000EF
:1001100000000000000000000000000000000000DF
:1001200000000000000000000000000000000000CF
:1001300000000000000000000000000000000000BF
:1001400000000000000000000000000000000000AF
:10015000000000000000000000000000000000009F
:10016000000000000000000000000000000000008F
:10017000000000000000000000000000000000007F
:10018000000000000000000000000000000000006F
:10019000000000000000000000000000000000005F
:1001A000000000000000000000000000000000004F
:1001B000000000000000000000000000000000003F
:1001C000000000000000000000000000000000002F
:1001D000000000000000000000000000000000001F
:1001E000000000000000000000000000000000000F
:1001F00000000000000000000000000000000000FF
:1002000000000000000000000000000000000000EE
:1002100000000000000000000000000000000000DE
:1002200000000000000000000000000000000000CE
:1002300000000000000000000000000000000000BE
:1002400000000000000000000000000000000000AE
:10025000000000000000000000000000000000009E
:10026000000000000000000000000000000000008E
:10027000000000000000000000000000000000007E
:10028000000000000000000000000000000000006E
:10029000000000000000000000000000000000005E
:1002A000000000000000000000000000000000004E
:1002B000000000000000000000000000000000003E
:1002C000000000000000000000000000000000002E
:1002D000000000000000000000000000000000001E
:1002E000000000000000000000000000000000000E
:1002F00000000000000000000000000000000000FE
:1003000000000000000000000000000000000000ED
:1003100000000000000000000000000000000000DD
:1003200000000000000000000000000000000000CD
:1003300000000000000000000000000000000000BD
:1003400000000000000000000000000000000000AD
:10035000000000000000000000000000000000009D
:10036000000000000000000000000000000000008D
:10037000000000000000000000000000000000007D
:10038000000000000000000000000000000000006D
:10039000000000000000000000000000000000005D
:1003A000000000000000000000000000000000004D
:1003B000000000000000000000000000000000003D
:1003C000000000000000000000000000000000002D
:1003D000000000000000000000000000000000001D
:1003E000000000000000000000000000000000000D
:1003F00000000000000000000000000000000000FD
:1004000000000000000000000000000000000000EC
:1004100000000000000000000000000000000000DC
:1004200000000000000000000000000000000000CC
:1004300000000000000000000000000000000000BC
:1004400000000000000000000000000000000000AC
:10045000000000000000000000000000000000009C
:10046000000000000000000000000000000000008C
:10047000000000000000000000000000000000007C
:10048000000000000000000000000000000000006C
:10049000000000000000000000000000000000005C
:1004A000000000000000000000000000000000004C
:1004B000000000000000000000000000000000003C
:1004C000000000000000000000000000000000002C
:1004D000000000000000000000000000000000001C
:1004E000000000000000000000000000000000000C
:1004F00000000000000000000000000000000000FC
:1005000000000000000000000000000000000000EB
:1005100000000000000000000000000000000000DB
:1005200000000000000000000000000000000000CB
:1005300000000000000000000000000000000000BB
:1005400000000000000000000000000000000000AB
:10055000000000000000000000000000000000009B
:10056000000000000000000000000000000000008B
:10057000000000000000000000000000000000007B
:10058000000000000000000000000000000000006B
:10059000000000000000000000000000000000005B
:1005A000000000000000000000000000000000004B
:1005B000000000000000000000000000000000003B
:1005C000000000000000000000000000000000002B
:1005D000000000000000000000000000000000001B
:1005E000000000000000000000000000000000000B
:1005F00000000000000000000000000000000000FB
:1006000000000000000000000000000000000000EA
:1006100000000000000000000000000000000000DA
:1006200000000000000000000000000000000000CA
:1006300000000000000000000000000000000000BA
:1006400000000000000000000000000000000000AA
:10065000000000000000000000000000000000009A
:10066000000000000000000000000000000000008A
:10067000000000000000000000000000000000007A
:10068000000000000000000000000000000000006A
:10069000000000000000000000000000000000005A
:1006A000000000000000000000000000000000004A
:1006B000000000000000000000000000000000003A
:1006C000000000000000000000000000000000002A
:1006D000000000000000000000000000000000001A
:1006E000000000000000000000000000000000000A
:1006F00000000000000000000000000000000000FA
:1007000000000000000000000000000000000000E9
:1007100000000000000000000000000000000000D9
:1007200000000000000000000000000000000000C9
:1007300000000000000000000000000000000000B9
:1007400000000000000000000000000000000000A9
:100750000000000000000000000000000000000099
:100760000000000000000000000000000000000089
:100770000000000000000000000000000000000079
:100780000000000000000000000000000000000069
:100790000000000000000000000000000000000059
:1007A0000000000000000000000000000000000049
:1007B0000000000000000000000000000000000039
:1007C0000000000000000000000000000000000029
:1007D0000000000000000000000000000000000019
:1007E0000000000000000000000000000000000009
:1007F00000000000000000000000000000000000F9
:1008000000000000000000000000000000000000E8
:1008100000000000000000000000000000000000D8
:1008200000000000000000000000000000000000C8
:1008300000000000000000000000000000000000B8
:1008400000000000000000000000000000000000A8
:100850000000000000000000000000000000000098
:100860000000000000000000000000000000000088
:100870000000000000000000000000000000000078
:100880000000000000000000000000000000000068
:100890000000000000000000000000000000000058
:1008A0000000000000000000000000000000000048
:1008B0000000000000000000000000000000000038
:1008C0000000000000000000000000000000000028
:1008D0000000000000000000114E223B221A221AE4
:1008E000223A221A221A221A221A221A221A221A08
:1008F000221A221A221A223B21D221D0223C1992FA
:1009000000000000000000000000000000000000E7
:1009100000000000000000000000000000000000D7
:1009200000000000000000000000000000000000C7
:1009300000000000000000000000000000000000B7
:1009400000000000000000000000000000000000A7
:100950000000000000000000000000000000000097
:100960000000000000000000000000000000000087
:100970000000000000000000000000000000000077
:100980000000000000000000000000000000000067
:100990000000000000000000000000000000000057
:1009A0000000000000000000000000000000000047
:1009B0000000000000000000000000000000000037
:1009C0000000000000000000000000000000000027
:1009D0000000000000000000000000000000000017
:1009E0000000000000000000000000000000000007
:1009F00000000000000000000000000000000000F7
:100A000000000000000000000000000000000000E6
:100A100000000000000000000000000000000000D6
:100A200000000000000000000000000000000000C6
:100A300000000000000000000000000000000000B6
:100A400000000000000000000000000000000000A6
:100A50000000000000000000000000000000000096
:100A60000000000000000000000000000000000086
:100A70000000000000000000000000000000000076
:100A80000000000000000000000000000000000066
:100A90000000000000000000000000000000000056
:100AA0000000000000000000000000000000000046
:100AB000000000000000192E331F5C9F6CFF64DFF4
:100AC00064DF64DF64DF64DF64DF64DF64DF64DF0E
:100AD00064DF64DF64DF64BF7D9F85DF5C9F3B3F35
:100AE00008C9000000000000000000000000000035
:100AF00000000000000000000000000000000000F6
:100B000000000000000000000000000000000000E5
:100B100000000000000000000000000000000000D5
:100B200000000000000000000000000000000000C5
:100B300000000000000000000000000000000000B5
:100B400000000000000000000000000000000000A5
:100B50000000000000000000000000000000000095
:100B60000000000000000000000000000000000085
:100B70000000000000000000000000000000000075
:100B80000000000000000000000000000000000065
:100B90000000000000000000000000000000000055
:100BA0000000000000000000000000000000000045
:100BB0000000000000000000000000000000000035
:100BC0000000000000000000000000000000000025
:100BD0000000000000000000000000000000000015
:100BE0000000000000000000000000000000000005
:100BF00000000000000000000000000000000000F5
:100C000000000000000000000000000000000000E4
:100C100000000000000000000000000000000000D4
:100C200000000000000000000000000000000000C4
:100C300000000000000000000000000000000000B4
:100C400000000000000000000000000000000000A4
:100C50000000000000000000000000000000000094
:100C60000000000000000000000000000000000084
:100C70000000000000000000000000000000000074
:100C80000000000000000000000000000000000064
:100C900000000000110C2ADF6CFE969F965F967F85
:100CA000967F967F965F965F965F967F967F967FFC
:100CB000965F965F965F967F8E3F8E3F967F43BF8F
:100CC00010EC000000000000000000000000000028
:100CD0000000000000000000000000000000000014
:100CE0000000000000000000000000000000000004
:100CF00000000000000000000000000000000000F4
:100D000000000000000000000000000000000000E3
:100D100000000000000000000000000000000000D3
:100D20000000006224780989000000000000000033
:100D300000000000000000000000000000000000B3
:100D400000000000000000000000000000000000A3
:100D50000000000000000000000000000000000093
:100D60000000000000000000000000000000000083
:100D70000000000000000000000000000000000073
:100D80000000000000000000000000000000000063
:100D90000000004108C400C400C40083000000003B
:100DA0000000000000000000000000000000000043
:100DB0000000000000000000000000000000000033
:100DC0000000000000000000000000000000000023
:100DD0000000000000000000000000000000000013
:100DE0000000000000000000000000000000000003
:100DF00000000000000000000000000000000000F3
:100E0000000000000000000000000021126E1BB571
:100E10001BD51B1109270000000000000000000086
:100E200000000000000000000000000000000000C2
:100E300000000000000000000000000000000000B2
:100E400000000000000000000000000000000000A2
:100E50000000000000000000000000000000000092
:100E60000000000000000000000000000000000082
:100E7000000010C92A9F64BF967F8E1F8E1F8E1F91
:100E80008E1F8E1F965F8E3F8E1F8E1F8E1F8E1F92
:100E90008E1F965F8E3F8E1F8E1F8E1F8E3F439F2D
:100EA00010EC000000000000000000000000000046
:100EB0000000000000000000000000000000000032
:100EC0000000000000000000000000000000000022
:100ED0000000000000000000000000000000000012
:100EE0000000000000000000000000000000000002
:100EF00000000000000000000000000000000000F2
:100F00000000120C25FF1B940000000000000000F0
:100F100000000000000000000000000000000000D1
:100F200000000000000000000000000000000000C1
:100F300000000000000000000000000000000000B1
:100F400000000000000000000000000000000000A1
:100F50000000000000000000000000000000000091
:100F60000000000000000000000000000000000081
:100F7000000009A9257E24FC24FC251C24DB120C7E
:100F80000000000000000000000000000000000061
:100F90000000000000000000000000000000000051
:100FA0000000000000000000000000000000000041
:100FB0000000000000000000000000000000000031
:100FC0000000000000000000000000000000000021
:100FD0000000000000000000000000000000000011
:100FE000000000000000000008E524FC251C1B7325
:100FF0001B5324DB1B9300000000000000000000D6
:1010000000000000000000000000000000000000E0
:1010100000000000000000000000000000000000D0
:1010200000000000000000000000000000000000C0
:1010300000000000000000000000000000000000B0
:1010400000000000000000000000000000000000A0
:1010500008A7229E5C7F967F8E1F8E3F8E1F8E3F3D
:101060008E1F8E5F5C7E755F967F8E1F8E1F8E3FFC
:101070008DFF543E85DF8E3F8E1F8E3F8E3F43BFD8
:1010800010EC000000000000000000000000000064
:101090000000000000000000000000000000000050
:1010A0000000000000000000000000000000000040
:1010B0000000000000000000000000000000000030
:1010C0000000000000000000000000000000000020
:1010D0000000000000000000000000000000000010
:1010E00000001C161352249900A400000000000008
:1010F00000000000000000000000000000000000F0
:1011000000000000000000000000000000000000DF
:1011100000000000000000000000000000000000CF
:1011200000000000000000000000000000000000BF
:1011300000000000000000000000000000000000AF
:10114000000000000000000000000000000000009F
:10115000000009CA1D1D08E508A408C5133225BFF3
:101160000906000000000000000000000000000070
:10117000000000000000000000000000000000006F
:10118000000000000000000000000000000000005F
:10119000000000000000000000000000000000004F
:1011A000000000000000000000000000000000003F
:1011B000000000000000000000000000000000002F
:1011C000000000000000000024DB1C3700000000CD
:1011D00000000000002100000000000000000000EE
:1011E00000000000000000000000000000000000FF
:1011F00000000000000000000000000000000000EF
:1012000000000000000000000000000000000000DE
:1012100000000000000000000000000000000000CE
:101220000000000000000000000000000000088531
:10123000227D543F965F8E1F8E3F8E3F8E3F8E3FA6
:101240008E1F965F541E2A9F7DBF965F8E1F963F0E
:10125000439F2AFE85FF8E3F8E1F8E3F8E3F43BFEA
:1012600008EC00000000000000000000000000008A
:10127000000000000000000000000000000000006E
:10128000000000000000000000000000000000005E
:10129000000000000000000000000000000000004E
:1012A000000000000000000000000000000000003E
:1012B000000000000000000000000000000000002E
:1012C00008C4253D00831C58126D0000000000007A
:1012D000000000000000000000000000000000000E
:1012E00000000000000000000000000000000000FE
:1012F00000000000000000000000000000000000EE
:1013000000000000000000000000000000000000DD
:1013100000000000000000000000000000000000CD
:1013200000000000000000000000000000000000BD
:10133000000009CA24FC00200000000000001CFB83
:10134000126D00000000000000000000000000001E
:10135000000000000000000000000000000000008D
:10136000000000000000000000000000000000007D
:10137000000000000000000000000000000000006D
:10138000000000000000000000000000000000005D
:10139000000000000000000000000000000000004D
:1013A000000000000000120B257E006300000020FA
:1013B000000000000000000000000000000000002D
:1013C000000000000000000000000000000000001D
:1013D000000000000000000000000000000000000D
:1013E00000000000000000000000000000000000FD
:1013F00000000000000000000000000000000000ED
:101400000000000000000000000000000043225C1B
:101410004BFF8E3F8E3F8E1F8E3F8E3F8E3F8E3F07
:101420008E3F8E3F965F4BDF2ADF85DF967F4BDF57
:101430002ABF85DF965F8E1F8E1F8E3F8E3F43BF74
:1014400010EC0000000000000000000000000000A0
:10145000000000000000000000000000000000008C
:10146000000000000000000000000000000000007C
:10147000000000000000000000000000000000006C
:10148000000000000000000000000000000000005C
:10149000000000000000000000000000000000004C
:1014A00012AF2479000012F01C5800000000000068
:1014B000000000000000000000000000000000002C
:1014C000000000000000000000000000000000001C
:1014D000000000000000000000000000000000000C
:1014E00000000000000000000000000000000000FC
:1014F00000000000000000000000000000000000EC
:1015000000000000000000000000000000000000DB
:10151000000009CA24FC0000000000000062257ED3
:101520000989000000000000000000000000000029
:1015300000000000000000000000000000000000AB
:10154000000000000000000000000000000000009B
:10155000000000000000000000000000000000008B
:10156000000000000000000000000000000000007B
:10157000000000000000000000000000000000006B
:101580000000000000001B941C3700000020000039
:10159000000000000000000000000000000000004B
:1015A000000000000000000000000000000000003B
:1015B000000000000000000000000000000000002B
:1015C000000000000000000000000000000000001B
:1015D000000000000000000000000000000000000B
:1015E000000000000000000000000021221943DF7D
:1015F0008E1F8E3F8E1F8E3F8E3F8E3F8E3F8E3FC3
:101600008E3F8E1F8E3F963F3B5F3B5F543F2ABF0E
:101610007D9F965F8E1F8E3F8E3F8E3F8E3F43BFD6
:1016200010EC0000000000000000000000000000BE
:1016300000000000000000000000000000000000AA
:10164000000000000000000000000000000000009A
:10165000000000000000000000000000000000008A
:10166000000000000000000000000000000000007A
:10167000000000000000000000000000000000006A
:101680001C990A2B00000083251C00C500000000E7
:10169000000000000000000000000000000000004A
:1016A000000000000000000000000000000000003A
:1016B000000000000000000000000000000000002A
:1016C000000000000000000000000000000000001A
:1016D000000000000000000000000000000000000A
:1016E00000000000000000000000000000000000FA
:1016F000000009C9253D126E122C126E1C1712F043
:1017000000000000000000000000000000000000D9
:1017100000000000000000000000000000000000C9
:1017200000000000000000000000000000000000B9
:1017300000000000000000000000000000000000A9
:101740000000000000000000000000000000000099
:101750000000000000000000000000000000000089
:101760000000000000001C371B7300000000000098
:101770000000000000000000000000000000000069
:101780000000000000000000000000000000000059
:101790000000000000000000000000000000000049
:1017A0000000000000000000000000000000000039
:1017B0000000000000000000000000000000000029
:1017C0000000000000000000000008A8331F85DEB4
:1017D0008E5F8E1F8E3F8E3F8E3F8E1F8E3F8E3FC1
:1017E0008E3F8E1F8E1F8E3F8E3F331F225F753FB1
:1017F000967F8E1F8E3F8E3F8E3F8E3F8E3F43BF24
:1018000010EC0000000000000000000000000000DC
:1018100000000000000000000000000000000000C8
:1018200000000000000000000000000000000000B8
:1018300000000000000000000000000000000000A8
:101840000000000000000000000000000000000098
:10185000000000000000000000000000000009057A
:10186000257E12AF09EB0A0C253D128E0000000008
:101870000000000000000000000000000000000068
:101880000000000000000000000000000000000058
:101890000000000000000000000000000000000048
:1018A0000000000000000000000000000000000038
:1018B0000000000000000000000000000000000028
:1018C0000000000000000000000000000000000018
:1018D000000009A91D7E24582458249A251C124D65
:1018E00000000000000000000000000000000000F8
:1018F00000000000000000000000000000000000E8
:1019000000000000000000000000000000000000D7
:1019100000000000000000000000000000000000C7
:1019200000000000000000000000000000000000B7
:1019300000000000000000000000000000000000A7
:101940000000000000001C381B73000000000000B5
:101950000000000000000000000000000000000087
:101960000000000000000000000000000000000077
:101970000000000000000000000000000000000067
:101980000000000000000000000000000000000057
:101990000000000000000000000000000000000047
:1019A0000000000000000000000000642ABF64BFC7
:1019B000967F8E1F8E3F8E3F8E3F8E3F8E3F8E3F97
:1019C0008E3F8E3F8E1F967F64DF2ADF32FF4BBF34
:1019D0008E3F8E3F8E1F8E3F8E3F8E3F8E3F439FAA
:1019E00010EC0000000000000000000000000000FB
:1019F00000000000000000000000000000000000E7
:101A000000000000000000000000000000000000D6
:101A100000000000000000000000000000000000C6
:101A200000000000000000000000000000000000B6
:101A3000000000000000000000000000000012D0C4
:101A4000255D247924BA249924FC1C580000000048
:101A50000000000000000000000000000000000086
:101A60000000000000000000000000000000000076
:101A70000000000000000000000000000000000066
:101A80000000000000000000000000000000000056
:101A90000000000000000000000000000000000046
:101AA0000000000000000000000000000000000036
:101AB000000009CA24FC00000000000008E5257EA3
:101AC000128E000000000000000000000000000076
:101AD0000000000000000000000000000000000006
:101AE00000000000000000000000000000000000F6
:101AF00000000000000000000000000000000000E6
:101B000000000000000000000000000000000000D5
:101B100000000000000000000000000000000000C5
:101B20000000000000001BB51C17000000000000B2
:101B300000000000000000000000000000000000A5
:101B40000000000000000000000000000000000095
:101B50000000000000000000000000000000000085
:101B60000000000000000000000000000000000075
:101B70000000000000000000000000000000000065
:101B8000000000000000000000000000110C2ADF2F
:101B90006CFE967F8E1F8E3F8E3F8E3F8E3F8E3F18
:101BA0008E3F8E1F967F6D1F227F64BF85DF2ABF09
:101BB0004BDF967F8E3F8E3F8E3F8E3F8E3F43BFE3
:101BC00010EC000000000000000000000000000019
:101BD0000000000000000000000000000000000005
:101BE00000000000000000000000000000000000F5
:101BF00000000000000000000000000000000000E5
:101C000000000000000000000000000000000000D4
:101C1000000000000000000000000000000024DBC5
:101C2000124D00000000000008E6255E09060000D5
:101C300000000000000000000000000000000000A4
:101C40000000000000000000000000000000000094
:101C50000000000000000000000000000000000084
:101C60000000000000000000000000000000000074
:101C70000000000000000000000000000000000064
:101C80000000000000000000000000000000000054
:101C9000000009CA1D1C00410000002100001B7348
:101CA0001C580000000000000000000000000000C0
:101CB0000000000000000000000000000000000024
:101CC0000000000000000000000000000000000014
:101CD0000000000000000000000000000000000004
:101CE00000000000000000000000000000000000F4
:101CF00000000000000000000000000000000000E4
:101D0000000000000000126D255E00210000002090
:101D100000000000000000000000000000000000C3
:101D200000000000000000000000000000000000B3
:101D300000000000000000000000000000000000A3
:101D40000000000000000000000000000000000093
:101D50000000000000000000000000000000000083
:101D60000000000000000000000000000000194E0C
:101D70002AFF753E965F8E1F8E3F8E3F8E3F8E3FB1
:101D80008E1F965F753F227F5C5F965F965F7D7FBB
:101D9000229F543F8E5F8E1F8E3F8E3F8E3F43BFEC
:101DA00010EC000000000000000000000000000037
:101DB0000000000000000000000000000000000023
:101DC0000000000000000000000000000000000013
:101DD0000000000000000000000000000000000003
:101DE00000000000000000000000000000000000F3
:101DF0000000000000000000000000000947253D31
:101E000000630000000000000000247912F00000D0
:101E100000200000000000000000000000000000A2
:101E200000000000000000000000000000000000B2
:101E300000000000000000000000000000000000A2
:101E40000000000000000000000000000000000092
:101E50000000000000000000000000000000000082
:101E60000000000000000000000000000000000072
:101E7000000009CA24FC00000000000000001C371C
:101E80001BF6000000000000000000000000000041
:101E90000000000000000000000000000000000042
:101EA0000000000000000000000000000000000032
:101EB0000000000000000000000000000000000022
:101EC0000000000000000000000000000000000012
:101ED0000000000000000000000000000000000002
:101EE0000000000000000062255D1B94000000005F
:101EF00000000000000000000000000000000000E2
:101F000000000000000000000000000000000000D1
:101F100000000000000000000000000000000000C1
:101F200000000000000000000000000000000000B1
:101F300000000000000000000000000000000000A1
:101F40000000000000000000000000000000000091
:101F50001971331F757E965F8E1F8E3F8E3F8E3FA9
:101F60008E1F965F439E4BFE967F8E1F8E1F967F21
:101F7000753F2ADE7DBF8E5F8E1F8E1F8E3F43BF53
:101F800010EC000000000000000000000000000055
:101F90000000000000000000000000000000000041
:101FA0000000000000000000000000000000000031
:101FB0000000000000000000000000000000000021
:101FC0000000000000000000000000000000000011
:101FD0000000000000000000000000001BB51C16FF
:101FE00000000000000000000000126E251C000030
:101FF00000000000000000000000000000000000E1
:1020000000000000000000000000000000000000D0
:1020100000000000000000000000000000000000C0
:1020200000000000000000000000000000000000B0
:1020300000000000000000000000000000000000A0
:102040000000000000000000000000000000000090
:10205000000009CA1D3D096809270947133225BF39
:1020600009AA0000000000000000000000000000BD
:102070000000000000000000000000000000000060
:102080000000000000000000000000000000000050
:102090000000000000000000000000000000000040
:1020A0000000000000000000000000000000000030
:1020B0000000000000000000000000000000000020
:1020C000000000000000000011A9259F1CBA131198
:1020D00012F01C38126D000000000000000000002B
:1020E00000000000000000000000000000000000F0
:1020F00000000000000000000000000000000000E0
:1021000000000000000000000000000000000000CF
:1021100000000000000000000000000000000000BF
:1021200000000000000000000000000000000000AF
:10213000000019B3333F7D9E965F8E1F8E3F8E3F0A
:102140008E1F8E3F85FF8E3F8E3F8E1F8E3F8E1FD0
:102150008E5F85FF8E1F8E3F8E1F8E1F8E3F439F8B
:1021600010EC000000000000000000000000000073
:10217000000000000000000000000000000000005F
:10218000000000000000000000000000000000004F
:10219000000000000000000000000000000000003F
:1021A000000000000000000000000000000000002F
:1021B000000000000000000000000000096808C4E2
:1021C00000000000000000000000004211A90041D2
:1021D00000000000000000000000000000000000FF
:1021E00000000000000000000000000000000000EF
:1021F00000000000000000000000000000000000DF
:1022000000000000000000000000000000000000CE
:1022100000000000000000000000000000000000BE
:1022200000000000000000000000000000000000AE
:1022300000000988251C24DB24DC24FB249A120BD3
:10224000000000000000000000000000000000008E
:10225000000000000000000000000000000000007E
:10226000000000000000000000000000000000006E
:10227000000000000000000000000000000000005E
:10228000000000000000000000000000000000004E
:10229000000000000000000000000000000000003E
:1022A0000000000000000000000000C413111C1713
:1022B0001C161B7309050000000000000000000050
:1022C000000000000000000000000000000000000E
:1022D00000000000000000000000000000000000FE
:1022E00000000000000000000000000000000000EE
:1022F00000000000000000000000000000000000DE
:1023000000000000000000000000000000000000CD
:102310000000000021D63B5F85DE965F8E1F8E3F5A
:102320008E1F8E3F965F8E3F8E3F8E3F8E3F8E3F3D
:102330008E3F8E5F8E3F8E3F8E3F8E3F8E3F43BFE0
:1023400008EC000000000000000000000000000099
:10235000000000000000000000000000000000007D
:10236000000000000000000000000000000000006D
:10237000000000000000000000000000000000005D
:10238000000000000000000000000000000000004D
:10239000000000000000000000000000000000003D
:1023A000000000000000000000000000000000002D
:1023B000000000000000000000000000000000001D
:1023C000000000000000000000000000000000000D
:1023D00000000000000000000000000000000000FD
:1023E00000000000000000000000000000000000ED
:1023F00000000000000000000000000000000000DD
:1024000000000000000000000000000000000000CC
:1024100000000000004200420042004100000000B5
:1024200000000000000000000000000000000000AC
:10243000000000000000000000000000000000009C
:10244000000000000000000000000000000000008C
:10245000000000000000000000000000000000007C
:10246000000000000000000000000000000000006C
:10247000000000000000000000000000000000005C
:10248000000000000000000000000000000000004C
:10249000000000000000000000000000000000003C
:1024A000000000000000000000000000000000002C
:1024B000000000000000000000000000000000001C
:1024C000000000000000000000000000000000000C
:1024D00000000000000000000000000000000000FC
:1024E00000000000000000000000000000000000EC
:1024F00000000000000021F8439F7DBE8E3F8E5FEC
:102500008E3F8E3F85DF85FF85FF85DF85FF85FF59
:1025100085DF85DF85DF85FF85DF85FF85DE439FDE
:1025200010EC0000000000000000000000000000AF
:10253000000000000000000000000000000000009B
:10254000000000000000000000000000000000008B
:10255000000000000000000000000000000000007B
:10256000000000000000000000000000000000006B
:10257000000000000000000000000000000000005B
:10258000000000000000000000000000000000004B
:10259000000000000000000000000000000000003B
:1025A000000000000000000000000000000000002B
:1025B000000000000000000000000000000000001B
:1025C000000000000000000000000000000000000B
:1025D00000000000000000000000000000000000FB
:1025E00000000000000000000000000000000000EB
:1025F00000000000000000000000000000000000DB
:1026000000000000000000000000000000000000CA
:1026100000000000000000000000000000000000BA
:1026200000000000000000000000000000000000AA
:10263000000000000000000000000000000000009A
:10264000000000000000000000000000000000008A
:10265000000000000000000000000000000000007A
:10266000000000000000000000000000000000006A
:10267000000000200000000000000000000000003A
:10268000000000000000000000000000000000004A
:10269000000000000000000000000000000000003A
:1026A000000000000000000000000000000000002A
:1026B000000000000000000000000000000000001A
:1026C000000000000000000000000000000000000A
:1026D00000000000000000012239331F4B9C53DB37
:1026E0004BBC4BBB331F3B3F3B3F3B3F3B3F3B3F29
:1026F000333F3B3F3B3F3B3F333F3B3F333F2A9CD6
:102700000043000000000000000000000000000086
:1027100000000000000000000000000000000000B9
:1027200000000000000000000000000000000000A9
:102730000000000000000000000000000000000099
:102740000000000000000000000000000000000089
:102750000000000000000000000000000000000079
:102760000000000000000000000000000000000069
:102770000000000000000000000000000000000059
:102780000000000000000000000000000000000049
:102790000000000000000000000000000000000039
:1027A0000000000000000000000000000000000029
:1027B0000000000000000000000000000000000019
:1027C0000000000000000000000000000000000009
:1027D00000000000000000000000000000000000F9
:1027E00000000000000000000000000000000000E9
:1027F00000000000000000000000000000000000D9
:1028000000000000000000000000000000000000C8
:1028100000000000000000000000000000000000B8
:1028200000000000000000000000000000000000A8
:102830000000000000000000000000000000000098
:102840000000000000000000000000000000000088
:102850000000000000000000000000000000000078
:102860000000000000000000000000000000000068
:102870000000000000000000000000000000000058
:102880000000000000000000000000000000000048
:102890000000000000000000000000000000000038
:1028A0000000000000000000000000000000000028
:1028B0000000000000000000000108EA00450023BD
:1028C0000044002410EB08CA08CA08CA08CA08CA8B
:1028D00008CA08CA08CA08CA08CA08CA08EA0043D7
:1028E00000000000000000000000000000000000E8
:1028F00000000000000000000000000000000000D8
:1029000000000000000000000000000000000000C7
:1029100000000000000000000000000000000000B7
:1029200000000000000000000000000000000000A7
:102930000000000000000000000000000000000097
:102940000000000000000000000000000000000087
:102950000000000000000000000000000000000077
:102960000000000000000000000000000000000067
:102970000000000000000000000000000000000057
:102980000000000000000000000000000000000047
:102990000000000000000000000000000000000037
:1029A0000000000000000000000000000000000027
:1029B0000000000000000000000000000000000017
:1029C0000000000000000000000000000000000007
:1029D00000000000000000000000000000000000F7
:1029E00000000000000000000000000000000000E7
:1029F00000000000000000000000000000000000D7
:102A000000000000000000000000000000000000C6
:102A100000000000000000000000000000000000B6
:102A200000000000000000000000000000000000A6
:102A30000000000000000000000000000000000096
:102A40000000000000000000000000000000000086
:102A50000000000000000000000000000000000076
:102A60000000000000000000000000000000000066
:102A70000000000000000000000000000000000056
:102A80000000000000000000000000000000000046
:102A90000000000000000000000000000000000036
:102AA0000000000000000000000000000000000026
:102AB0000000000000000000000000000000000016
:102AC0000000000000000000000000000000000006
:102AD00000000000000000000000000000000000F6
:102AE00000000000000000000000000000000000E6
:102AF00000000000000000000000000000000000D6
:102B000000000000000000000000000000000000C5
:102B100000000000000000000000000000000000B5
:102B200000000000000000000000000000000000A5
:102B30000000000000000000000000000000000095
:102B40000000000000000000000000000000000085
:102B50000000000000000000000000000000000075
:102B60000000000000000000000000000000000065
:102B70000000000000000000000000000000000055
:102B80000000000000000000000000000000000045
:102B90000000000000000000000000000000000035
:102BA0000000000000000000000000000000000025
:102BB0000000000000000000000000000000000015
:102BC0000000000000000000000000000000000005
:102BD00000000000000000000000000000000000F5
:102BE00000000000000000000000000000000000E5
:102BF00000000000000000000000000000000000D5
:102C000000000000000000000000000000000000C4
:102C100000000000000000000000000000000000B4
:102C200000000000000000000000000000000000A4
:102C30000000000000000000000000000000000094
:102C40000000000000000000000000000000000084
:102C50000000000000000000000000000000000074
:102C60000000000000000000000000000000000064
:102C70000000000000000000000000000000000054
:102C80000000000000000000000000000000000044
:102C90000000000000000000000000000000000034
:102CA0000000000000000000000000000000000024
:102CB0000000000000000000000000000000000014
:102CC0000000000000000000000000000000000004
:102CD00000000000000000000000000000000000F4
:102CE00000000000000000000000000000000000E4
:102CF00000000000000000000000000000000000D4
:102D000000000000000000000000000000000000C3
:102D100000000000000000000000000000000000B3
:102D200000000000000000000000000000000000A3
:102D30000000000000000000000000000000000093
:102D40000000000000000000000000000000000083
:102D50000000000000000000000000000000000073
:102D60000000000000000000000000000000000063
:102D70000000000000000000000000000000000053
:102D80000000000000000000000000000000000043
:102D90000000000000000000000000000000000033
:102DA0000000000000000000000000000000000023
:102DB0000000000000000000000000000000000013
:102DC0000000000000000000000000000000000003
:102DD00000000000000000000000000000000000F3
:102DE00000000000000000000000000000000000E3
:102DF00000000000000000000000000000000000D3
:102E000000000000000000000000000000000000C2
:102E100000000000000000000000000000000000B2
:102E200000000000000000000000000000000000A2
:102E30000000000000000000000000000000000092
:102E40000000000000000000000000000000000082
:102E50000000000000000000000000000000000072
:102E60000000000000000000000000000000000062
:102E70000000000000000000000000000000000052
:102E80000000000000000000000000000000000042
:102E90000000000000000000000000000000000032
:102EA0000000000000000000000000000000000022
:102EB0000000000000000000000000000000000012
:102EC0000000000000000000000000000000000002
:102ED00000000000000000000000000000000000F2
:102EE00000000000000000000000000000000000E2
:102EF00000000000000000000000000000000000D2
:102F000000000000000000000000000000000000C1
:102F100000000000000000000000000000000000B1
:102F200000000000000000000000000000000000A1
:102F30000000000000000000000000000000000091
:102F40000000000000000000000000000000000081
:102F50000000000000000000000000000000000071
:102F60000000000000000000000000000000000061
:102F70000000000000000000000000000000000051
:102F80000000000000000000000000000000000041
:102F90000000000000000000000000000000000031
:102FA0000000000000000000000000000000000021
:102FB0000000000000000000000000000000000011
:102FC0000000000000000000000000000000000001
:102FD00000000000000000000000000000000000F1
:102FE00000000000000000000000000000000000E1
:102FF00000000000000000000000000000000000D1
:1030000000000000000000000000000000000000C0
:1030100000000000000000000000000000000000B0
:1030200000000000000000000000000000000000A0
:103030000000000000000000000000000000000090
:103040000000000000000000000000000000000080
:103050000000000000000000000000000000000070
:103060000000000000000000000000000000000060
:103070000000000000000000000000000000000050
:103080000000000000000000000000000000000040
:103090000000000000000000000000000000000030
:1030A0000000000000000000000000000000000020
:1030B0000000000000000000000000000000000010
:1030C0000000000000000000000000000000000000
:1030D00000000000000000000000000000000000F0
:1030E00000000000000000000000000000000000E0
:1030F00000000000000000000000000000000000D0
:1031000000000000000000000000000000000000BF
:1031100000000000000000000000000000000000AF
:10312000000000000000000000000000000000009F
:10313000000000000000000000000000000000008F
:10314000000000000000000000000000000000007F
:10315000000000000000000000000000000000006F
:10316000000000000000000000000000000000005F
:10317000000000000000000000000000000000004F
:10318000000000000000000000000000000000003F
:10319000000000000000000000000000000000002F
:1031A000000000000000000000000000000000001F
:1031B000000000000000000000000000000000000F
:1031C00000000000000000000000000000000000FF
:1031D00000000000000000000000000000000000EF
:1031E00000000000000000000000000000000000DF
:1031F00000000000000000000000000000000000CF
:1032000000000000000000000000000000000000BE
:1032100000000000000000000000000000000000AE
:10322000000000000000000000000000000000009E
:10323000000000000000000000000000000000008E
:10324000000000000000000000000000000000007E
:10325000000000000000000000000000000000006E
:10326000000000000000000000000000000000005E
:10327000000000000000000000000000000000004E
:10328000000000000000000000000000000000003E
:10329000000000000000000000000000000000002E
:1032A000000000000000000000000000000000001E
:1032B000000000000000000000000000000000000E
:1032C00000000000000000000000000000000000FE
:1032D00000000000000000000000000000000000EE
:1032E00000000000000000000000000000000000DE
:1032F00000000000000000000000000000000000CE
:1033000000000000000000000000000000000000BD
:1033100000000000000000000000000000000000AD
:10332000000000000000000000000000000000009D
:10333000000000000000000000000000000000008D
:10334000000000000000000000000000000000007D
:10335000000000000000000000000000000000006D
:10336000000000000000000000000000000000005D
:10337000000000000000000000000000000000004D
:10338000000000000000000000000000000000003D
:10339000000000000000000000000000000000002D
:1033A000000000000000000000000000000000001D
:1033B000000000000000000000000000000000000D
:1033C00000000000000000000000000000000000FD
:1033D00000000000000000000000000000000000ED
:1033E00000000000000000000000000000000000DD
:1033F00000000000000000000000000000000000CD
:1034000000000000000000000000000000000000BC
:1034100000000000000000000000000000000000AC
:10342000000000000000000000000000000000009C
:10343000000000000000000000000000000000008C
:10344000000000000000000000000000000000007C
:10345000000000000000000000000000000000006C
:10346000000000000000000000000000000000005C
:10347000000000000000000000000000000000004C
:10348000000000000000000000000000000000003C
:10349000000000000000000000000000000000002C
:1034A000000000000000000000000000000000001C
:1034B000000000000000000000000000000000000C
:1034C00000000000000000000000000000000000FC
:1034D00000000000000000000000000000000000EC
:1034E00000000000000000000000000000000000DC
:1034F00000000000000000000000000000000000CC
:1035000000000000000000000000000000000000BB
:1035100000000000000000000000000000000000AB
:10352000000000000000000000000000000000009B
:10353000000000000000000000000000000000008B
:10354000000000000000000000000000000000007B
:10355000000000000000000000000000000000006B
:10356000000000000000000000000000000000005B
:10357000000000000000000000000000000000004B
:10358000000000000000000000000000000000003B
:10359000000000000000000000000000000000002B
:1035A000000000000000000000000000000000001B
:1035B000000000000000000000000000000000000B
:1035C00000000000000000000000000000000000FB
:1035D00000000000000000000000000000000000EB
:1035E00000000000000000000000000000000000DB
:1035F00000000000000000000000000000000000CB
:1036000000000000000000000000000000000000BA
:1036100000000000000000000000000000000000AA
:10362000000000000000000000000000000000009A
:10363000000000000000000000000000000000008A
:10364000000000000000000000000000000000007A
:10365000000000000000000000000000000000006A
:10366000000000000000000000000000000000005A
:10367000000000000000000000000000000000004A
:10368000000000000000000000000000000000003A
:10369000000000000000000000000000000000002A
:1036A000000000000000000000000000000000001A
:1036B000000000000000000000000000000000000A
:1036C00000000000000000000000000000000000FA
:1036D00000000000000000000000000000000000EA
:1036E00000000000000000000000000000000000DA
:1036F00000000000000000000000000000000000CA
:1037000000000000000000000000000000000000B9
:1037100000000000000000000000000000000000A9
:103720000000000000000000000000000000000099
:103730000000000000000000000000000000000089
:103740000000000000000000000000000000000079
:103750000000000000000000000000000000000069
:103760000000000000000000000000000000000059
:103770000000000000000000000000000000000049
:103780000000000000000000000000000000000039
:103790000000000000000000000000000000000029
:1037A0000000000000000000000000000000000019
:1037B0000000000000000000000000000000000009
:1037C00000000000000000000000000000000000F9
:1037D00000000000000000000000000000000000E9
:1037E00000000000000000000000000000000000D9
:1037F00000000000000000000000000000000000C9
:1038000000000000000000000000000000000000B8
:1038100000000000000000000000000000000000A8
:103820000000000000000000000000000000000098
:103830000000000000000000000000000000000088
:103840000000000000000000000000000000000078
:103850000000000000000000000000000000000068
:103860000000000000000000000000000000000058
:103870000000000000000000000000000000000048
:103880000000000000000000000000000000000038
:103890000000000000000000000000000000000028
:1038A0000000000000000000000000000000000018
:1038B0000000000000000000000000000000000008
:1038C00000000000000000000000000000000000F8
:1038D00000000000000000000000000000000000E8
:1038E00000000000000000000000000000000000D8
:1038F00000000000000000000000000000000000C8
:1039000000000000000000000000000000000000B7
:1039100000000000000000000000000000000000A7
:103920000000000000000000000000000000000097
:103930000000000000000000000000000000000087
:103940000000000000000000000000000000000077
:103950000000000000000000000000000000000067
:103960000000000000000000000000000000000057
:103970000000000000000000000000000000000047
:103980000000000000000000000000000000000037
:103990000000000000000000000000000000000027
:1039A0000000000000000000000000000000000017
:1039B0000000000000000000000000000000000007
:1039C00000000000000000000000000000000000F7
:1039D00000000000000000000000000000000000E7
:1039E00000000000000000000000000000000000D7
:1039F00000000000000000000000000000000000C7
:103A000000000000000000000000000000000000B6
:103A100000000000000000000000000000000000A6
:103A20000000000000000000000000000000000096
:103A30000000000000000000000000000000000086
:103A40000000000000000000000000000000000076
:103A50000000000000000000000000000000000066
:103A60000000000000000000000000000000000056
:103A70000000000000000000000000000000000046
:103A80000000000000000000000000000000000036
:103A90000000000000000000000000000000000026
:103AA0000000000000000000000000000000000016
:103AB0000000000000000000000000000000000006
:103AC00000000000000000000000000000000000F6
:103AD00000000000000000000000000000000000E6
:103AE00000000000000000000000000000000000D6
:103AF00000000000000000000000000000000000C6
:103B000000000000000000000000000000000000B5
:103B100000000000000000000000000000000000A5
:103B20000000000000000000000000000000000095
:103B30000000000000000000000000000000000085
:103B40000000000000000000000000000000000075
:103B50000000000000000000000000000000000065
:103B60000000000000000000000000000000000055
:103B70000000000000000000000000000000000045
:103B80000000000000000000000000000000000035
:103B90000000000000000000000000000000000025
:103BA0000000000000000000000000000000000015
:103BB0000000000000000000000000000000000005
:103BC00000000000000000000000000000000000F5
:103BD00000000000000000000000000000000000E5
:103BE00000000000000000000000000000000000D5
:103BF00000000000000000000000000000000000C5
:103C000000000000000000000000000000000000B4
:103C100000000000000000000000000000000000A4
:103C20000000000000000000000000000000000094
:103C30000000000000000000000000000000000084
:103C40000000000000000000000000000000000074
:103C50000000000000000000000000000000000064
:103C60000000000000000000000000000000000054
:103C70000000000000000000000000000000000044
:103C80000000000000000000000000000000000034
:103C90000000000000000000000000000000000024
:103CA0000000000000000000000000000000000014
:103CB0000000000000000000000000000000000004
:103CC00000000000000000000000000000000000F4
:103CD00000000000000000000000000000000000E4
:103CE00000000000000000000000000000000000D4
:103CF00000000000000000000000000000000000C4
:103D000000000000000000000000000000000000B3
:103D100000000000000000000000000000000000A3
:103D20000000000000000000000000000000000093
:103D30000000000000000000000000000000000083
:103D40000000000000000000000000000000000073
:103D50000000000000000000000000000000000063
:103D60000000000000000000000000000000000053
:103D70000000000000000000000000000000000043
:103D80000000000000000000000000000000000033
:103D90000000000000000000000000000000000023
:103DA0000000000000000000000000000000000013
:103DB0000000000000000000000000000000000003
:103DC00000000000000000000000000000000000F3
:103DD00000000000000000000000000000000000E3
:103DE00000000000000000000000000000000000D3
:103DF00000000000000000000000000000000000C3
:103E000000000000000000000000000000000000B2
:103E100000000000000000000000000000000000A2
:103E20000000000000000000000000000000000092
:103E30000000000000000000000000000000000082
:103E40000000000000000000000000000000000072
:103E50000000000000000000000000000000000062
:103E60000000000000000000000000000000000052
:103E70000000000000000000000000000000000042
:103E80000000000000000000000000000000000032
:103E90000000000000000000000000000000000022
:103EA0000000000000000000000000000000000012
:103EB0000000000000000000000000000000000002
:103EC00000000000000000000000000000000000F2
:103ED00000000000000000000000000000000000E2
:103EE00000000000000000000000000000000000D2
:103EF00000000000000000000000000000000000C2
:103F000000000000000000000000000000000000B1
:103F100000000000000000000000000000000000A1
:103F20000000000000000000000000000000000091
:103F30000000000000000000000000000000000081
:103F40000000000000000000000000000000000071
:103F50000000000000000000000000000000000061
:103F60000000000000000000000000000000000051
:103F70000000000000000000000000000000000041
:103F80000000000000000000000000000000000031
:103F90000000000000000000000000000000000021
:103FA0000000000000000000000000000000000011
:103FB0000000000000000000000000000000000001
:103FC00000000000000000000000000000000000F1
:103FD00000000000000000000000000000000000E1
:103FE00000000000000000000000000000000000D1
:103FF00000000000000000000000000000000000C1
:1040000000000000000000000000000000000000B0
:1040100000000000000000000000000000000000A0
:104020000000000000000000000000000000000090
:104030000000000000000000000000000000000080
:104040000000000000000000000000000000000070
:104050000000000000000000000000000000000060
:104060000000000000000000000000000000000050
:104070000000000000000000000000000000000040
:104080000000000000000000000000000000000030
:104090000000000000000000000000000000000020
:1040A0000000000000000000000000000000000010
:1040B0000000000000000000000000000000000000
:1040C00000000000000000000000000000000000F0
:1040D00000000000000000000000000000000000E0
:1040E00000000000000000000000000000000000D0
:1040F00000000000000000000000000000000000C0
:1041000000000000000000000000000000000000AF
:10411000000000000000000000000000000000009F
:10412000000000000000000000000000000000008F
:10413000000000000000000000000000000000007F
:10414000000000000000000000000000000000006F
:10415000000000000000000000000000000000005F
:10416000000000000000000000000000000000004F
:10417000000000000000000000000000000000003F
:10418000000000000000000000000000000000002F
:10419000000000000000000000000000000000001F
:1041A000000000000000000000000000000000000F
:1041B00000000000000000000000000000000000FF
:1041C00000000000000000000000000000000000EF
:1041D00000000000000000000000000000000000DF
:1041E00000000000000000000000000000000000CF
:1041F00000000000000000000000000000000000BF
:1042000000000000000000000000000000000000AE
:10421000000000000000000000000000000000009E
:10422000000000000000000000000000000000008E
:10423000000000000000000000000000000000007E
:10424000000000000000000000000000000000006E
:10425000000000000000000000000000000000005E
:10426000000000000000000000000000000000004E
:10427000000000000000000000000000000000003E
:10428000000000000000000000000000000000002E
:10429000000000000000000000000000000000001E
:1042A000000000000000000000000000000000000E
:1042B00000000000000000000000000000000000FE
:1042C00000000000000000000000000000000000EE
:1042D00000000000000000000000000000000000DE
:1042E00000000000000000000000000000000000CE
:1042F00000000000000000000000000000000000BE
:1043000000000000000000000000000000000000AD
:10431000000000000000000000000000000000009D
:10432000000000000000000000000000000000008D
:10433000000000000000000000000000000000007D
:10434000000000000000000000000000000000006D
:10435000000000000000000000000000000000005D
:10436000000000000000000000000000000000004D
:10437000000000000000000000000000000000003D
:10438000000000000000000000000000000000002D
:10439000000000000000000000000000000000001D
:1043A000000000000000000000000000000000000D
:1043B00000000000000000000000000000000000FD
:1043C00000000000000000000000000000000000ED
:1043D00000000000000000000000000000000000DD
:1043E00000000000000000000000000000000000CD
:1043F00000000000000000000000000000000000BD
:1044000000000000000000000000000000000000AC
:10441000000000000000000000000000000000009C
:10442000000000000000000000000000000000008C
:10443000000000000000000000000000000000007C
:10444000000000000000000000000000000000006C
:10445000000000000000000000000000000000005C
:10446000000000000000000000000000000000004C
:10447000000000000000000000000000000000003C
:10448000000000000000000000000000000000002C
:10449000000000000000000000000000000000001C
:1044A000000000000000000000000000000000000C
:1044B00000000000000000000000000000000000FC
:1044C00000000000000000000000000000000000EC
:1044D00000000000000000000000000000000000DC
:1044E00000000000000000000000000000000000CC
:1044F00000000000000000000000000000000000BC
:1045000000000000000000000000000000000000AB
:10451000000000000000000000000000000000009B
:10452000000000000000000000000000000000008B
:10453000000000000000000000000000000000007B
:10454000000000000000000000000000000000006B
:10455000000000000000000000000000000000005B
:10456000000000000000000000000000000000004B
:10457000000000000000000000000000000000003B
:10458000000000000000000000000000000000002B
:10459000000000000000000000000000000000001B
:1045A000000000000000000000000000000000000B
:1045B00000000000000000000000000000000000FB
:1045C00000000000000000000000000000000000EB
:1045D00000000000000000000000000000000000DB
:1045E00000000000000000000000000000000000CB
:1045F00000000000000000000000000000000000BB
:1046000000000000000000000000000000000000AA
:10461000000000000000000000000000000000009A
:10462000000000000000000000000000000000008A
:10463000000000000000000000000000000000007A
:10464000000000000000000000000000000000006A
:10465000000000000000000000000000000000005A
:10466000000000000000000000000000000000004A
:10467000000000000000000000000000000000003A
:10468000000000000000000000000000000000002A
:10469000000000000000000000000000000000001A
:1046A000000000000000000000000000000000000A
:1046B00000000000000000000000000000000000FA
:1046C00000000000000000000000000000000000EA
:1046D00000000000000000000000000000000000DA
:1046E00000000000000000000000000000000000CA
:1046F00000000000000000000000000000000000BA
:1047000000000000000000000000000000000000A9
:104710000000000000000000000000000000000099
:104720000000000000000000000000000000000089
:104730000000000000000000000000000000000079
:104740000000000000000000000000000000000069
:104750000000000000000000000000000000000059
:104760000000000000000000000000000000000049
:104770000000000000000000000000000000000039
:104780000000000000000000000000000000000029
:104790000000000000000000000000000000000019
:1047A0000000000000000000000000000000000009
:1047B00000000000000000000000000000000000F9
:1047C00000000000000000000000000000000000E9
:1047D00000000000000000000000000000000000D9
:1047E00000000000000000000000000000000000C9
:1047F00000000000000000000000000000000000B9
:1048000000000000000000000000000000000000A8
:104810000000000000000000000000000000000098
:104820000000000000000000000000000000000088
:104830000000000000000000000000000000000078
:104840000000000000000000000000000000000068
:104850000000000000000000000000000000000058
:104860000000000000000000000000000000000048
:104870000000000000000000000000000000000038
:104880000000000000000000000000000000000028
:104890000000000000000000000000000000000018
:1048A0000000000000000000000000000000000008
:1048B00000000000000000000000000000000000F8
:1048C00000000000000000000000000000000000E8
:1048D00000000000000000000000000000000000D8
:1048E00000000000000000000000000000000000C8
:1048F00000000000000000000000000000000000B8
:1049000000000000000000000000000000000000A7
:104910000000000000000000000000000000000097
:104920000000000000000000000000000000000087
:104930000000000000000000000000000000000077
:104940000000000000000000000000000000000067
:104950000000000000000000000000000000000057
:104960000000000000000000000000000000000047
:104970000000000000000000000000000000000037
:104980000000000000000000000000000000000027
:104990000000000000000000000000000000000017
:1049A0000000000000000000000000000000000007
:1049B00000000000000000000000000000000000F7
:1049C00000000000000000000000000000000000E7
:1049D00000000000000000000000000000000000D7
:1049E00000000000000000000000000000000000C7
:1049F00000000000000000000000000000000000B7
:104A000000000000000000000000000000000000A6
:104A10000000000000000000000000000000000096
:104A20000000000000000000000000000000000086
:104A30000000000000000000000000000000000076
:104A40000000000000000000000000000000000066
:104A50000000000000000000000000000000000056
:104A60000000000000000000000000000000000046
:104A70000000000000000000000000000000000036
:104A800000000000002100210021000000000020A3
:104A90000000000000000000000000000000000016
:104AA0000000000000000000000000000000000006
:104AB00000000000000000000000000000000000F6
:104AC00000000000000000000000000000000000E6
:104AD00000000000000000000000000000000000D6
:104AE00000000000000000000000000000000000C6
:104AF00000000000000000000000000000000000B6
:104B000000000000000000000000000000000000A5
:104B10000000000000000000000000000000000095
:104B20000000000000000000000000000000000085
:104B30000000000000000000000000000000000075
:104B40000000000000000000000000000000000065
:104B50000000000000000000000000000000000055
:104B60000000000000000000000000000000000045
:104B70000000000000000000000000000000000035
:104B80000000000000000000000000000000000025
:104B90000000000000000000000000000000000015
:104BA0000000000000000000000000000000000005
:104BB00000000000000000000000000000000000F5
:104BC00000000000000000000000000000000000E5
:104BD00000000000000000000000000000000000D5
:104BE00000000000000000000000000000000000C5
:104BF00000000000000000000000000000000000B5
:104C000000000000000000000000000000000000A4
:104C10000000000000000000000000000000000094
:104C20000000000000000000000000000000000084
:104C30000000000000000000000000000000000074
:104C40000000000000000000000000000000000064
:104C50000000000000000000000000000000000054
:104C600000001A6D124C1A4C122C1A8E00410000D2
:104C70000000000000000000000000000000000034
:104C80000000000000000000000000000000000024
:104C90000000000000000000000000000000000014
:104CA0000000000000000000000000000000000004
:104CB00000000000000000000000000000000000F4
:104CC00000000000000000000000000000000000E4
:104CD00000000000000000000000000000000000D4
:104CE00000000000000000000000000000000000C4
:104CF00000000000000000000000000000000000B4
:104D000000000000000000000000000000000000A3
:104D10000000000000000000000000000000000093
:104D20000000000000000000000000000000000083
:104D30000000000000000000000000000000000073
:104D40000000000000000000000000000000000063
:104D50000000000000000000000000000000000053
:104D60000000000000000000000000000000000043
:104D70000000000000000000000000000000000033
:104D80000000000000000000000000000000000023
:104D90000000000000000000000000000000000013
:104DA0000000000000000000000000000000000003
:104DB00000000000000000000000000000000000F3
:104DC00000000000000000000000000000000000E3
:104DD00000000000000000000000000000000000D3
:104DE00000000000000000000000000000000000C3
:104DF00000000000000000000000000000000000B3
:104E000000000000000000000000000000000000A2
:104E10000000000000000000000000000000000092
:104E20000000000000000000000000000000000082
:104E30000000000000000000000000A31B111AAFDA
:104E40001B7323F61AAF1AF01ACF1BD51BB51AAF76
:104E50001B3100E500000000000000000000000021
:104E60000000000000000000000000000000000042
:104E70000000000000000000000000000000000032
:104E80000000000000000000000000000000000022
:104E90000000000000000000000000000000000012
:104EA0000000000000000000000000000000000002
:104EB00000000000000000000000000000000000F2
:104EC00000000000000000000000000000000000E2
:104ED00000000000000000000000000000000000D2
:104EE00000000000000000000000000000000000C2
:104EF00000000000000000000000000000000000B2
:104F000000000000000000000000000000000000A1
:104F10000000000000000000000000000000000091
:104F20000000000000000000000000000000000081
:104F30000000000000000000000000000000000071
:104F40000000000000000000000000000000000061
:104F50000000000000000000000000000000000051
:104F60000000000000000000000000000000000041
:104F70000000000000000000000000000000000031
:104F80000000000000000000000000000000000021
:104F90000000000000000000000000000000000011
:104FA0000000000000000000000000000000000001
:104FB00000000000000000000000000000000000F1
:104FC00000000000000000000000000000000000E1
:104FD00000000000000000000000000000000000D1
:104FE00000000000000000000000000000000000C1
:104FF00000000000000000000000000000000000B1
:1050000000000000000000000000000000000000A0
:105010000000000000000000000008E524581DBF4B
:105020001D9F1D7E1DBF1DBF1DBF1D7F1D7F1DBF81
:1050300024BA116800000000000000000000000019
:105040000000000000000000000000000000000060
:105050000000000000000000000000000000000050
:105060000000000000000000000000000000000040
:105070000000000000000000000000000000000030
:105080000000000000000000000000000000000020
:105090000000000000000000000000000000000010
:1050A000002000210021000000000000000000009E
:1050B00000000000000000000000000000000000F0
:1050C00000000000000000000000000000000000E0
:1050D00000000000000000000000000000000000D0
:1050E00000000000000000000000000000000000C0
:1050F00000000000000000000000000000000000B0
:10510000000000000000000000000000000000009F
:10511000000000000000000000000000000000008F
:10512000000000000000000000000000000000007F
:10513000000000000000000000000000000000006F
:10514000000000000000000000000000000000005F
:10515000000000000000000000000000000000004F
:10516000000000000000000000000000000000003F
:10517000000000000000000000000000000000002F
:1051800000000000000000000021000000000000FE
:1051900000210000000000000000000000000000EE
:1051A00000000000000000000000000000000000FF
:1051B00000000000000000000000000000000000EF
:1051C00000000000000000000000000000000000DF
:1051D00000000000000000000000000000000000CF
:1051E00000000000000000000000000000000000BF
:1051F000000000000000000000421BD51C581D3DAF
:105200001D1D1D3D1D1D1D1D1D1D1D3D1D1D1D3D6E
:105210001C581C3809260000000000000000000097
:10522000000000000000000000000000000000007E
:10523000000000000000000000000000000000006E
:10524000000000000000000000000000000000005E
:10525000000000000000000000000000000000004E
:10526000000000000000000000000000000000003E
:105270000000000000000000000000000000124DCF
:10528000251C24DA24DB24BA1BB408E50000000046
:10529000000000000000000000000000000000000E
:1052A00000000000000000000000000000000000FE
:1052B00000000000000000000000000000000000EE
:1052C00000000000000000000000000000000000DE
:1052D00000000000000000000000000000000000CE
:1052E00000000000000000000000000000000000BE
:1052F00000211B94247924791C7824BA1B310000E6
:10530000000000000000000000000000000000009D
:10531000000000000000000000000000000000008D
:10532000000000000000000000000000000000007D
:10533000000000000000000000000000000000006D
:10534000000000000000000000000000000000005D
:10535000000000000000000000000000000000004D
:10536000000000000000092624DB24DB24FB24DBF2
:10537000253D11EB000000000000000000000000CF
:10538000000000000000000000000000000000001D
:10539000000000000000000000000000000000000D
:1053A00000000000000000000000000000000000FD
:1053B00000000000000000000000000000000000ED
:1053C00000000000000000000000000000000000DD
:1053D00000000000000000000062257F1DFF1D9FEF
:1053E0001D9F1D9F1DBF1D9F1D9F1D9F1D9F1D9FBD
:1053F0001DBF261F098800000000000000000000FB
:10540000000000000000000000000000000000009C
:10541000000000000000000000000000000000008C
:10542000000000000000000000000000000000007C
:10543000000000000000000000000000000000006C
:10544000000000000000000000000000000000005C
:10545000000000000000000000000000000012F04A
:1054600024FB096811A9120C1C37259F096800004C
:10547000000000000000000000000000000000002C
:10548000000000000000000000000000000000001C
:10549000000000000000000000000000000000000C
:1054A00000000000000000000000000000000000FC
:1054B00000000000000000000000000000000000EC
:1054C00000000000000000000000000000000000DC
:1054D0000021251C1BB5124D128E12AF09CA000007
:1054E00000000000000000000000000000000000BC
:1054F00000000000000000000000000000000000AC
:10550000000000000000000000000000000000009B
:10551000000000000000000000000000000000008B
:10552000000000000000000000000000000000007B
:10553000000000000000000000000000000000006B
:105540000000000000000968257E120B11A911CA95
:1055500011EB08A4000000000000000000000000A3
:10556000000000000000000000000000000000003B
:10557000000000000000000000000000000000002B
:10558000000000000000000000000000000000001B
:10559000000000000000000000000000000000000B
:1055A00000000000000000000000000000000000FB
:1055B000000000000000000000211AF01B3213322E
:1055C00013321311133213321332133213321311F5
:1055D0001B111B3208C40000000000000000000086
:1055E00000000000000000000000000000000000BB
:1055F00000000000000000000000000000000000AB
:10560000000000000000000000000000000000009A
:10561000000000000000000000000000000000008A
:10562000000000000000000000000000000000007A
:10563000000000000000000000000000000012F068
:105640001C5800000000000000001B73251C0021F6
:10565000000000000000000000000000000000004A
:10566000000000000000000000000000000000003A
:10567000000000000000000000000000000000002A
:10568000000000000000000000000000000000001A
:10569000000000000000000000000000000000000A
:1056A00000000000000000000000000000000000FA
:1056B000002024FB09A900000000000000000000F9
:1056C00000000000000000000000000000000000DA
:1056D00000000000000000000000000000000000CA
:1056E00000000000000000000000000000000000BA
:1056F00000000000000000000000000000000000AA
:105700000000000000000000000000000000000099
:105710000000000000000000000000000000000089
:105720000000000000000968251C000000000000C7
:105730000000000000000000000000000000000069
:105740000000000000000000000000000000000059
:105750000000000000000000000000000000000049
:105760000000000000000000000000000000000039
:105770000000000000000000000000000000000029
:105780000000000000000000000000000000000019
:1057900000000000000000000000192B196C194BDC
:1057A000194B194B194B194B194B194B194B194BD9
:1057B000194B196C084300000000000000000000B5
:1057C00000000000000000000000000000000000D9
:1057D00000000000000000000000000000000000C9
:1057E00000000000000000000000000000000000B9
:1057F00000000000000000000000000000000000A9
:105800000000000000000000000000000000000098
:10581000000000000000000000000000000012F086
:105820001C7800000000002000000062257E09EBCB
:105830000000000000000000000000000000000068
:105840000000000000000000000000000000000058
:105850000000000000000000000000000000000048
:105860000000000000000000000000000000000038
:105870000000000000000000000000000000000028
:105880000000000000000000000000000000000018
:10589000002024FC09EA00000000000000000000D5
:1058A00000000000000000000000000000000000F8
:1058B00000000000000000000000000000000000E8
:1058C00000000000000000000000000000000000D8
:1058D00000000000000000000000000000000000C8
:1058E00000000000000000000000000000000000B8
:1058F00000000000000000000000000000000000A8
:105900000000000000000968253D00830000002021
:105910000000000000000000000000000000000087
:105920000000000000000000000000000000000077
:105930000000000000000000000000000000000067
:105940000000000000000000000000000000000057
:105950000000000000000000000000000000000047
:105960000000000000000000000000000000000037
:1059700000000000000000000021221022522252EC
:105980001A32223122312252223222312232225242
:1059900022322252088400000000000000000000B3
:1059A00000000000000000000000000000000000F7
:1059B00000000000000000000000000000000000E7
:1059C00000000000000000000000000000000000D7
:1059D00000000000000000000000000000000000C7
:1059E00000000000000000000000000000000000B7
:1059F000000000000000000000000020000012F085
:105A00001C78000000000000000000001C99131129
:105A10000000000000000000000000000000000086
:105A20000000000000000000000000000000000076
:105A30000000000000000000000000000000000066
:105A40000000000000000000000000000000000056
:105A50000000000000000000000000000000000046
:105A60000000000000000000000000000000000036
:105A700000211CFB126E006208C508C50061000011
:105A80000000000000000000000000000000000016
:105A90000000000000000000000000000000000006
:105AA00000000000000000000000000000000000F6
:105AB00000000000000000000000000000000000E6
:105AC00000000000000000000000000000000000D6
:105AD00000000000000000000000000000000000C6
:105AE0000000000000000968253D002100000000C2
:105AF00000000000000000000000000000000000A6
:105B00000000000000000000000000000000000095
:105B10000000000000000000000000000000000085
:105B20000000000000000000000000000000000075
:105B30000000000000000000000000000000000065
:105B40000000000000000000000000000000000055
:105B50000000000000000000002119EF221119CF01
:105B60001A101A10221119CF19F02211221119CF6F
:105B700019F022110884000000000000000000005D
:105B80000000000000000000000000000000000015
:105B90000000000000000000000000000000000005
:105BA00000000000000000000000000000000000F5
:105BB00000000000000000000000000000000000E5
:105BC00000000000000000000000000000000000D5
:105BD000000000000000000000000000000012F0C3
:105BE0001C58000000000000000000001C381B735F
:105BF00000000000000000000000000000000000A5
:105C00000000000000000000000000000000000094
:105C10000000000000000000000000000000000084
:105C20000000000000000000000000000000000074
:105C30000000000000000000000000000000000064
:105C40000000000000000000000000000000000054
:105C500000211CBA255D251C251C257E124D000047
:105C60000000000000000000000000000000000034
:105C70000000000000000000000000000000000024
:105C80000000000000000000000000000000000014
:105C90000000000000000000000000000000000004
:105CA00000000000000000000000000000000000F4
:105CB00000000000000000000000000000000000E4
:105CC0000000000000000968257E1C581C581C5864
:105CD000245808A40000000000000000000000009C
:105CE00000000000000000000000000000000000B4
:105CF00000000000000000000000000000000000A4
:105D00000000000000000000000000000000000093
:105D10000000000000000000000000000000000083
:105D20000000000000000000000000000000000073
:105D30000000000000000000002119EF223108A53A
:105D400019CF22111A1008A519EF221121F0088588
:105D500019F022310884000000000000000000005B
:105D60000000000000000000000000000000000033
:105D70000000000000000000000000000000000023
:105D80000000000000000000000000000000000013
:105D90000000000000000000000000000000000003
:105DA00000000000000000000000000000000000F3
:105DB000000000000000000000000020000012F0C1
:105DC0001C58000000000000000000001C791311A6
:105DD00000000000000000000000000000000000C3
:105DE00000000000000000000000000000000000B3
:105DF00000000000000000000000000000000000A3
:105E00000000000000000000000000000000000092
:105E10000000000000000000000000000000000082
:105E20000000000000000000000000000000000072
:105E3000002124FB128E006308C508C50062000023
:105E40000000000000000000000000000000000052
:105E50000000000000000000000000000000000042
:105E60000000000000000000000000000000000032
:105E70000000000000000000000000000000000022
:105E80000000000000000000000000000000000012
:105E90000000000000000000000000000000000002
:105EA0000000000000000968255E12D0128E12AFBB
:105EB0001AAF0062000000000000000000000000B7
:105EC00000000000000000000000000000000000D2
:105ED00000000000000000000000000000000000C2
:105EE00000000000000000000000000000000000B2
:105EF00000000000000000000000000000000000A2
:105F00000000000000000000000000000000000091
:105F10000000000000000000002119EF223108A558
:105F200019AD22311A10086419EF223119CF0884F3
:105F300021F0223108840000000000000000000071
:105F40000000000000000000000000000000000051
:105F50000000000000000000000000000000000041
:105F60000000000000000000000000000000000031
:105F70000000000000000000000000000000000021
:105F80000000000000000000000000000000000011
:105F9000000000000000000000000000000012F0FF
:105FA0001C7800000000002000000021255D120B7D
:105FB00000000000000000000000000000000000E1
:105FC00000000000000000000000000000000000D1
:105FD00000000000000000000000000000000000C1
:105FE00000000000000000000000000000000000B1
:105FF00000000000000000000000000000000000A1
:106000000000000000000000000000000000000090
:10601000002024FC09CA000000000000000000006D
:106020000000000000000000000000000000000070
:106030000000000000000000000000000000000060
:106040000000000000000000000000000000000050
:106050000000000000000000000000000000000040
:106060000000000000000000000000000000000030
:106070000000000000000000000000000000000020
:106080000000000000000968253D0000000000003D
:106090000000000000000000000000000000000000
:1060A00000000000000000000000000000000000F0
:1060B00000000000000000000000000000000000E0
:1060C00000000000000000000000000000000000D0
:1060D00000000000000000000000000000000000C0
:1060E00000000000000000000000000000000000B0
:1060F0000000000000000000002119EF223208A675
:10610000198C22322210088419EF223219CE088508
:10611000221122310884000000000000000000006D
:10612000000000000000000000000000000000006F
:10613000000000000000000000000000000000005F
:10614000000000000000000000000000000000004F
:10615000000000000000000000000000000000003F
:10616000000000000000000000000000000000002F
:10617000000000000000000000000020000012D01D
:106180001C58000000000000000012D0255E0062D4
:1061900000000000000000000000000000000000FF
:1061A00000000000000000000000000000000000EF
:1061B00000000000000000000000000000000000DF
:1061C00000000000000000000000000000000000CF
:1061D00000000000000000000000000000000000BF
:1061E00000000000000000000000000000000000AF
:1061F000002024FC11EB0000000000000000000063
:10620000000000000000000000000000000000008E
:10621000000000000000000000000000000000007E
:10622000000000000000000000000000000000006E
:10623000000000000000000000000000000000005E
:10624000000000000000000000000000000000004E
:10625000000000000000000000000000000000003E
:106260000000000000000968253D006300000020D8
:10627000000000000000000000000000000000001E
:10628000000000000000000000000000000000000E
:1062900000000000000000000000000000000000FE
:1062A00000000000000000000000000000000000EE
:1062B00000000000000000000000000000000000DE
:1062C00000000000000000000000000000000000CE
:1062D0000000000000000000002119EF223208C673
:1062E000196B223221F0088419CF223219AD0885AA
:1062F00022112211088400000000000000000000AC
:10630000000000000000000000000000000000008D
:10631000000000000000000000000000000000007D
:10632000000000000000000000000000000000006D
:10633000000000000000000000000000000000005D
:10634000000000000000000000000000000000004D
:10635000000000000000000000000020000012D03B
:106360001C790042008309061B5325BF120B000055
:10637000000000000000000000000000000000001D
:10638000000000000000000000000000000000000D
:1063900000000000000000000000000000000000FD
:1063A00000000000000000000000000000000000ED
:1063B00000000000000000000000000000000000DD
:1063C00000000000000000000000000000000000CD
:1063D00000201CFB120B0000002100210000000027
:1063E00000000000000000000000000000000000AD
:1063F000000000000000000000000000000000009D
:10640000000000000000000000000000000000008C
:10641000000000000000000000000000000000007C
:10642000000000000000000000000000000000006C
:10643000000000000000000000000000000000005C
:106440000000000000000968253D00620000000017
:10645000000000000000000000000000000000003C
:10646000000000000000000000000000000000002C
:10647000000000000000000000000000000000001C
:10648000000000000000000000000000000000000C
:1064900000000000000000000000000000000000FC
:1064A00000000000000000000000000000000000EC
:1064B0000000000000000000002119CF223208E790
:1064C000114A223221F0088421CF2232198C08C6C9
:1064D00022312211088400000000000000000000AA
:1064E00000000000000000000000000000000000AC
:1064F000000000000000000000000000000000009C
:10650000000000000000000000000000000000008B
:10651000000000000000000000000000000000007B
:10652000000000000000000000000000000000006B
:10653000000000000000000000000000000012AF9A
:10654000259F24FC251C253D249909A90000000055
:10655000000000000000000000000000000000003B
:10656000000000000000000000000000000000002B
:10657000000000000000000000000000000000001B
:10658000000000000000000000000000000000000B
:1065900000000000000000000000000000000000FB
:1065A00000000000000000000000000000000000EB
:1065B000002124FB255E24DB24DB253D1B7300002A
:1065C00000000000000000000000000000000000CB
:1065D00000000000000000000000000000000000BB
:1065E00000000000000000000000000000000000AB
:1065F000000000000000000000000000000000009B
:10660000000000000000000000000000000000008A
:10661000000000000000000000000000000000007A
:106620000000000000000968253D00620000000035
:10663000000000000000000000000000000000005A
:10664000000000000000000000000000000000004A
:10665000000000000000000000000000000000003A
:10666000000000000000000000000000000000002A
:10667000000000000000000000000000000000001A
:10668000000000000000000000000000000000000A
:106690000000000000000000002119EF2252110844
:1066A000112922322210088419CF2232114B08C638
:1066B00022322211088400000000000000000000C7
:1066C00000000000000000000000000000000000CA
:1066D00000000000000000000000000000000000BA
:1066E00000000000000000000000000000000000AA
:1066F000000000000000000000000000000000009A
:106700000000000000000000000000000000000089
:1067100000000000000000000000000000000082F7
:1067200009060906090600830000000000000000B9
:106730000000000000000000000000000000000059
:106740000000000000000000000000000000000049
:106750000000000000000000000000000000000039
:106760000000000000000000000000000000000029
:106770000000000000000000000000000000000019
:106780000000000000000000000000000000000009
:106790000000096809A909AA09A909CA092700006E
:1067A00000000000000000000000000000000000E9
:1067B00000000000000000000000000000000000D9
:1067C00000000000000000000000000000000000C9
:1067D00000000000000000000000000000000000B9
:1067E00000000000000000000000000000000000A9
:1067F0000000000000000000000000000000000099
:10680000000000000000004108E50000000000005A
:106810000000000000000000000000000000000078
:106820000000000000000000000000000000000068
:106830000000000000000000000000000000000058
:106840000000000000000000000000000000000048
:106850000000000000000000000000000000000038
:106860000000000000000000000000000000000028
:106870000000000000000000002119EF2232112961
:106880001108223221F0088419CF2232112A10E88F
:1068900022322211088400000000000000000000E5
:1068A00000000000000000000000000000000000E8
:1068B00000000000000000000000000000000000D8
:1068C00000000000000000000000000000000000C8
:1068D00000000000000000000000000000000000B8
:1068E00000000000000000000000000000000000A8
:1068F0000000000000000000000000000000000098
:106900000000000000000000000000000000000087
:106910000000000000000000000000000000000077
:106920000000000000000000000000000000000067
:106930000000000000000000000000000000000057
:106940000000000000000000000000000000000047
:106950000000000000000000000000000000000037
:106960000000000000000000000000000000000027
:106970000000000000000000000000000000000017
:106980000000000000000000000000000000000007
:1069900000000000000000000000000000000000F7
:1069A00000000000000000000000000000000000E7
:1069B00000000000000000000000000000000000D7
:1069C00000000000000000000000000000000000C7
:1069D00000000000000000000000000000000000B7
:1069E00000000000000000000000000000000000A7
:1069F0000000000000000000000000000000000097
:106A00000000000000000000000000000000000086
:106A10000000000000000000000000000000000076
:106A20000000000000000000000000000000000066
:106A30000000000000000000000000000000000056
:106A40000000000000000000000000000000000046
:106A50000000000000000000002119EF2232112A7E
:106A600010E7223221F0088519CF2252112911098D
:106A70002232221108840000000000000000000003
:106A80000000000000000000000000000000000006
:106A900000000000000000000000000000000000F6
:106AA00000000000000000000000000000000000E6
:106AB00000000000000000000000000000000000D6
:106AC00000000000000000000000000000000000C6
:106AD00000000000000000000000000000000000B6
:106AE00000000000000000000000000000000000A6
:106AF0000000000000000000000000000000000096
:106B00000000000000000000000000000000000085
:106B10000000000000000000000000000000000075
:106B20000000000000000000000000000000000065
:106B30000000000000000000000000000000000055
:106B40000000000000000000000000000000000045
:106B50000000000000000000000000000000000035
:106B60000000000000000000000000000000000025
:106B70000000000000000000000000000000000015
:106B80000000000000000000000000000000000005
:106B900000000000000000000000000000000000F5
:106BA00000000000000000000000000000000000E5
:106BB00000000000000000000000000000000000D5
:106BC00000000000000000000000000000000000C5
:106BD00000000000000000000000000000000000B5
:106BE00000000000000000000000000000000000A5
:106BF0000000000000000000000000000000000095
:106C00000000000000000000000000000000000084
:106C10000000000000000000000000000000000074
:106C20000000000000000000000000000000000064
:106C30000000000000000000002119EF2232114B7B
:106C400008A6223221F0086419CE225308E7110960
:106C50002232221108630000000000000000000042
:106C60000000000000000000000000000000000024
:106C70000000000000000000000000000000000014
:106C80000000000000000000000000000000000004
:106C900000000000000000000000000000000000F4
:106CA00000000000000000000000000000000000E4
:106CB00000000000000000000000000000000000D4
:106CC00000000000000000000000000000000000C4
:106CD00000000000000000000000000000000000B4
:106CE00000000000000000000000000000000000A4
:106CF0000000000000000000000000000000000094
:106D00000000000000000000000000000000000083
:106D10000000000000000000000000000000000073
:106D20000000000000000000000000000000000063
:106D30000000000000000000000000000000000053
:106D40000000000000000000000000000000000043
:106D50000000000000000000000000000000000033
:106D60000000000000000000000000000000000023
:106D70000000000000000000000000000000000013
:106D80000000000000000000000000000000000003
:106D900000000000000000000000000000000000F3
:106DA00000000000000000000000000000000000E3
:106DB00000000000000000000000000000000000D3
:106DC00000000000000000000000000000000000C3
:106DD00000000000000000000000000000000000B3
:106DE00000000000000000000000000000000000A3
:106DF0000000000000000000000000000000000093
:106E00000000000000000000000000000000000082
:106E10000000000000000000002119EF223119CE0F
:106E2000196B22111A10114A21F02231196C19AD77
:106E3000223122100042000000000000000000008B
:106E40000000000000000000000000000000000042
:106E50000000000000000000000000000000000032
:106E60000000000000000000000000000000000022
:106E70000000000000000000000000000000000012
:106E80000000000000000000000000000000000002
:106E900000000000000000000000000000000000F2
:106EA00000000000000000000000000000000000E2
:106EB00000000000000000000000000000000000D2
:106EC00000000000000000000000000000000000C2
:106ED00000000000000000000000000000000000B2
:106EE00000000000000000000000000000000000A2
:106EF0000000000000000000000000000000000092
:106F00000000000000000000000000000000000081
:106F10000000000000000000000000000000000071
:106F20000000000000000000000000000000000061
:106F30000000000000000000000000000000000051
:106F40000000000000000000000000000000000041
:106F50000000000000000000000000000000000031
:106F60000000000000000000000000000000000021
:106F70000000000000000000000000000000000011
:106F80000000000000000000000000000000000001
:106F900000000000000000000000000000000000F1
:106FA00000000000000000000000000000000000E1
:106FB00000000000000000000000000000000000D1
:106FC00000000000000000000000000000000000C1
:106FD00000000000000000000000000000000000B1
:106FE00000000000000000000000000000000000A1
:106FF0000000000000000000000021CE221122113C
:1070000022111A101A11221122111A102211221102
:107010001A1021F000220000000000000000000013
:107020000000000000000000000000000000000060
:107030000000000000000000000000000000000050
:107040000000000000000000000000000000000040
:107050000000000000000000000000000000000030
:107060000000000000000000000000000000000020
:107070000000000000000000000000000000000010
:107080000000000000000000000000000000000000
:1070900000000000000000000000000000000000F0
:1070A00000000000000000000000000000000000E0
:1070B00000000000000000000000000000000000D0
:1070C00000000000000000000000000000000000C0
:1070D00000000000000000000000000000000000B0
:1070E00000000000000000000000000000000000A0
:1070F0000000000000000000000000000000000090
:10710000000000000000000000000000000000007F
:10711000000000000000000000000000000000006F
:10712000000000000000000000000000000000005F
:10713000000000000000000000000000000000004F
:10714000000000000000000000000000000000003F
:10715000000000000000000000000000000000002F
:10716000000000000000000000000000000000001F
:10717000000000000000000000000000000000000F
:1071800000000000000000000000000000000000FF
:1071900000000000000000000000000000000000EF
:1071A00000000000000000000000000000000000DF
:1071B00000000000000000000000000000000000CF
:1071C00000000000000000000000000000000000BF
:1071D0000000000000000000000019AE2252221141
:1071E0002211221122112211221122112211221107
:1071F000223221EF0000000000000000000000002B
:10720000000000000000000000000000000000007E
:10721000000000000000000000000000000000006E
:10722000000000000000000000000000000000005E
:10723000000000000000000000000000000000004E
:10724000000000000000000000000000000000003E
:10725000000000000000000000000000000000002E
:10726000000000000000000000000000000000001E
:10727000000000000000000000000000000000000E
:1072800000000000000000000000000000000000FE
:1072900000000000000000000000000000000000EE
:1072A00000000000000000000000000000000000DE
:1072B00000000000000000000000000000000000CE
:1072C00000000000000000000000000000000000BE
:1072D00000000000000000000000000000000000AE
:1072E000000000000000000000000000000000009E
:1072F000000000000000000000000000000000008E
:10730000000000000000000000000000000000007D
:10731000000000000000000000000000000000006D
:10732000000000000000000000000000000000005D
:10733000000000000000000000000000000000004D
:10734000000000000000000000000000000000003D
:10735000000000000000000000000000000000002D
:10736000000000000000000000000000000000001D
:10737000000000000000000000000000000000000D
:1073800000000000000000000000000000000000FD
:1073900000000000000000000000000000000000ED
:1073A00000000000000000000000000000000000DD
:1073B00000000000000000000000088419AD19AEB4
:1073C00019AE19AE19CE19AE19AE19CE19AE19AE45
:1073D00019AD08A50000000000000000000000003A
:1073E000000000000000000000000000000000009D
:1073F000000000000000000000000000000000008D
:10740000000000000000000000000000000000007C
:10741000000000000000000000000000000000006C
:10742000000000000000000000000000000000005C
:10743000000000000000000000000000000000004C
:10744000000000000000000000000000000000003C
:10745000000000000000000000000000000000002C
:10746000000000000000000000000000000000001C
:10747000000000000000000000000000000000000C
:1074800000000000000000000000000000000000FC
:1074900000000000000000000000000000000000EC
:1074A00000000000000000000000000000000000DC
:1074B00000000000000000000000000000000000CC
:1074C00000000000000000000000000000000000BC
:1074D00000000000000000000000000000000000AC
:1074E000000000000000000000000000000000009C
:1074F000000000000000000000000000000000008C
:10750000000000000000000000000000000000007B
:10751000000000000000000000000000000000006B
:10752000000000000000000000000000000000005B
:10753000000000000000000000000000000000004B
:10754000000000000000000000000000000000003B
:10755000000000000000000000000000000000002B
:10756000000000000000000000000000000000001B
:10757000000000000000000000000000000000000B
:1075800000000000000000000000000000000000FB
:1075900000000000000000000000000000000000EB
:1075A00000000000000000000000000000000000DB
:1075B00000000000000000000000000000000000CB
:1075C00000000000000000000000000000000000BB
:1075D00000000000000000000000000000000000AB
:1075E000000000000000000000000000000000009B
:1075F000000000000000000000000000000000008B
:10760000000000000000000000000000000000007A
:10761000000000000000000000000000000000006A
:10762000000000000000000000000000000000005A
:10763000000000000000000000000000000000004A
:10764000000000000000000000000000000000003A
:10765000000000000000000000000000000000002A
:10766000000000000000000000000000000000001A
:10767000000000000000000000000000000000000A
:1076800000000000000000000000000000000000FA
:1076900000000000000000000000000000000000EA
:1076A00000000000000000000000000000000000DA
:1076B00000000000000000000000000000000000CA
:1076C00000000000000000000000000000000000BA
:1076D00000000000000000000000000000000000AA
:1076E000000000000000000000000000000000009A
:1076F000000000000000000000000000000000008A
:107700000000000000000000000000000000000079
:107710000000000000000000000000000000000069
:107720000000000000000000000000000000000059
:107730000000000000000000000000000000000049
:107740000000000000000000000000000000000039
:107750000000000000000000000000000000000029
:107760000000000000000000000000000000000019
:107770000000000000000000000000000000000009
:1077800000000000000000000000000000000000F9
:1077900000000000000000000000000000000000E9
:1077A00000000000000000000000000000000000D9
:1077B00000000000000000000000000000000000C9
:1077C00000000000000000000000000000000000B9
:1077D00000000000000000000000000000000000A9
:1077E0000000000000000000000000000000000099
:1077F0000000000000000000000000000000000089
:107800000000000000000000000000000000000078
:107810000000000000000000000000000000000068
:107820000000000000000000000000000000000058
:107830000000000000000000000000000000000048
:107840000000000000000000000000000000000038
:107850000000000000000000000000000000000028
:107860000000000000000000000000000000000018
:107870000000000000000000000000000000000008
:1078800000000000000000000000000000000000F8
:1078900000000000000000000000000000000000E8
:1078A00000000000000000000000000000000000D8
:1078B00000000000000000000000000000000000C8
:1078C00000000000000000000000000000000000B8
:1078D00000000000000000000000000000000000A8
:1078E0000000000000000000000000000000000098
:1078F0000000000000000000000000000000000088
:107900000000000000000000000000000000000077
:107910000000000000000000000000000000000067
:107920000000000000000000000000000000000057
:107930000000000000000000000000000000000047
:107940000000000000000000000000000000000037
:107950000000000000000000000000000000000027
:107960000000000000000000000000000000000017
:107970000000000000000000000000000000000007
:1079800000000000000000000000000000000000F7
:1079900000000000000000000000000000000000E7
:1079A00000000000000000000000000000000000D7
:1079B00000000000000000000000000000000000C7
:1079C00000000000000000000000000000000000B7
:1079D00000000000000000000000000000000000A7
:1079E0000000000000000000000000000000000097
:1079F0000000000000000000000000000000000087
:107A00000000000000000000000000000000000076
:107A10000000000000000000000000000000000066
:107A20000000000000000000000000000000000056
:107A30000000000000000000000000000000000046
:107A40000000000000000000000000000000000036
:107A50000000000000000000000000000000000026
:107A60000000000000000000000000000000000016
:107A70000000000000000000000000000000000006
:107A800000000000000000000000000000000000F6
:107A900000000000000000000000000000000000E6
:107AA00000000000000000000000000000000000D6
:107AB00000000000000000000000000000000000C6
:107AC00000000000000000000000000000000000B6
:107AD00000000000000000000000000000000000A6
:107AE0000000000000000000000000000000000096
:107AF0000000000000000000000000000000000086
:107B00000000000000000000000000000000000075
:107B10000000000000000000000000000000000065
:107B20000000000000000000000000000000000055
:107B30000000000000000000000000000000000045
:107B40000000000000000000000000000000000035
:107B50000000000000000000000000000000000025
:107B60000000000000000000000000000000000015
:107B70000000000000000000000000000000000005
:107B800000000000000000000000000000000000F5
:107B900000000000000000000000000000000000E5
:107BA00000000000000000000000000000000000D5
:107BB00000000000000000000000000000000000C5
:107BC00000000000000000000000000000000000B5
:107BD00000000000000000000000000000000000A5
:107BE0000000000000000000000000000000000095
:107BF0000000000000000000000000000000000085
:107C00000000000000000000000000000000000074
:107C10000000000000000000000000000000000064
:107C20000000000000000000000000000000000054
:107C30000000000000000000000000000000000044
:107C40000000000000000000000000000000000034
:107C50000000000000000000000000000000000024
:107C60000000000000000000000000000000000014
:107C70000000000000000000000000000000000004
:107C800000000000000000000000000000000000F4
:107C900000000000000000000000000000000000E4
:107CA00000000000000000000000000000000000D4
:107CB00000000000000000000000000000000000C4
:107CC00000000000000000000000000000000000B4
:107CD00000000000000000000000000000000000A4
:107CE0000000000000000000000000000000000094
:107CF0000000000000000000000000000000000084
:107D00000000000000000000000000000000000073
:107D10000000000000000000000000000000000063
:107D20000000000000000000000000000000000053
:107D30000000000000000000000000000000000043
:107D40000000000000000000000000000000000033
:107D50000000000000000000000000000000000023
:107D60000000000000000000000000000000000013
:107D70000000000000000000000000000000000003
:107D800000000000000000000000000000000000F3
:107D900000000000000000000000000000000000E3
:107DA00000000000000000000000000000000000D3
:107DB00000000000000000000000000000000000C3
:107DC00000000000000000000000000000000000B3
:107DD00000000000000000000000000000000000A3
:107DE0000000000000000000000000000000000093
:107DF0000000000000000000000000000000000083
:107E00000000000000000000000000000000000072
:107E10000000000000000000000000000000000062
:107E20000000000000000000000000000000000052
:107E30000000000000000000000000000000000042
:107E40000000000000000000000000000000000032
:107E50000000000000000000000000000000000022
:107E60000000000000000000000000000000000012
:107E70000000000000000000000000000000000002
:107E800000000000000000000000000000000000F2
:107E900000000000000000000000000000000000E2
:107EA00000000000000000000000000000000000D2
:107EB00000000000000000000000000000000000C2
:107EC00000000000000000000000000000000000B2
:107ED00000000000000000000000000000000000A2
:107EE0000000000000000000000000000000000092
:107EF0000000000000000000000000000000000082
:107F00000000000000000000000000000000000071
:107F10000000000000000000000000000000000061
:107F20000000000000000000000000000000000051
:107F30000000000000000000000000000000000041
:107F40000000000000000000000000000000000031
:107F50000000000000000000000000000000000021
:107F60000000000000000000000000000000000011
:107F70000000000000000000000000000000000001
:107F800000000000000000000000000000000000F1
:107F900000000000000000000000000000000000E1
:107FA00000000000000000000000000000000000D1
:107FB00000000000000000000000000000000000C1
:107FC00000000000000000000000000000000000B1
:107FD00000000000000000000000000000000000A1
:107FE0000000000000000000000000000000000091
:107FF0000000000000000000000000000000000081
:108000000000000000000000000000000000000070
:108010000000000000000000000000000000000060
:108020000000000000000000000000000000000050
:108030000000000000000000000000000000000040
:108040000000000000000000000000000000000030
:108050000000000000000000000000000000000020
:108060000000000000000000000000000000000010
:108070000000000000000000000000000000000000
:1080800000000000000000000000000000000000F0
:1080900000000000000000000000000000000000E0
:1080A00000000000000000000000000000000000D0
:1080B00000000000000000000000000000000000C0
:1080C00000000000000000000000000000000000B0
:1080D00000000000000000000000000000000000A0
:1080E0000000000000000000000000000000000090
:1080F0000000000000000000000000000000000080
:10810000000000000000000000000000000000006F
:10811000000000000000000000000000000000005F
:10812000000000000000000000000000000000004F
:10813000000000000000000000000000000000003F
:10814000000000000000000000000000000000002F
:10815000000000000000000000000000000000001F
:10816000000000000000000000000000000000000F
:1081700000000000000000000000000000000000FF
:1081800000000000000000000000000000000000EF
:1081900000000000000000000000000000000000DF
:1081A00000000000000000000000000000000000CF
:1081B00000000000000000000000000000000000BF
:1081C00000000000000000000000000000000000AF
:1081D000000000000000000000000000000000009F
:1081E000000000000000000000000000000000008F
:1081F000000000000000000000000000000000007F
:10820000000000000000000000000000000000006E
:10821000000000000000000000000000000000005E
:10822000000000000000000000000000000000004E
:10823000000000000000000000000000000000003E
:10824000000000000000000000000000000000002E
:10825000000000000000000000000000000000001E
:10826000000000000000000000000000000000000E
:1082700000000000000000000000000000000000FE
:1082800000000000000000000000000000000000EE
:1082900000000000000000000000000000000000DE
:1082A00000000000000000000000000000000000CE
:1082B00000000000000000000000000000000000BE
:1082C00000000000000000000000000000000000AE
:1082D000000000000000000000000000000000009E
:1082E000000000000000000000000000000000008E
:1082F000000000000000000000000000000000007E
:10830000000000000000000000000000000000006D
:10831000000000000000000000000000000000005D
:10832000000000000000000000000000000000004D
:10833000000000000000000000000000000000003D
:10834000000000000000000000000000000000002D
:10835000000000000000000000000000000000001D
:10836000000000000000000000000000000000000D
:1083700000000000000000000000000000000000FD
:1083800000000000000000000000000000000000ED
:1083900000000000000000000000000000000000DD
:1083A00000000000000000000000000000000000CD
:1083B00000000000000000000000000000000000BD
:1083C00000000000000000000000000000000000AD
:1083D000000000000000000000000000000000009D
:1083E000000000000000000000000000000000008D
:1083F000000000000000000000000000000000007D
:10840000000000000000000000000000000000006C
:10841000000000000000000000000000000000005C
:10842000000000000000000000000000000000004C
:10843000000000000000000000000000000000003C
:10844000000000000000000000000000000000002C
:10845000000000000000000000000000000000001C
:10846000000000000000000000000000000000000C
:1084700000000000000000000000000000000000FC
:1084800000000000000000000000000000000000EC
:1084900000000000000000000000000000000000DC
:1084A00000000000000000000000000000000000CC
:1084B00000000000000000000000000000000000BC
:1084C00000000000000000000000000000000000AC
:1084D000000000000000000000000000000000009C
:1084E000000000000000000000000000000000008C
:1084F000000000000000000000000000000000007C
:10850000000000000000000000000000000000006B
:10851000000000000000000000000000000000005B
:10852000000000000000000000000000000000004B
:10853000000000000000000000000000000000003B
:10854000000000000000000000000000000000002B
:10855000000000000000000000000000000000001B
:10856000000000000000000000000000000000000B
:1085700000000000000000000000000000000000FB
:1085800000000000000000000000000000000000EB
:1085900000000000000000000000000000000000DB
:1085A00000000000000000000000000000000000CB
:1085B00000000000000000000000000000000000BB
:1085C00000000000000000000000000000000000AB
:1085D000000000000000000000000000000000009B
:1085E000000000000000000000000000000000008B
:1085F000000000000000000000000000000000007B
:10860000000000000000000000000000000000006A
:10861000000000000000000000000000000000005A
:10862000000000000000000000000000000000004A
:10863000000000000000000000000000000000003A
:10864000000000000000000000000000000000002A
:10865000000000000000000000000000000000001A
:10866000000000000000000000000000000000000A
:1086700000000000000000000000000000000000FA
:1086800000000000000000000000000000000000EA
:1086900000000000000000000000000000000000DA
:1086A00000000000000000000000000000000000CA
:1086B00000000000000000000000000000000000BA
:1086C00000000000000000000000000000000000AA
:1086D000000000000000000000000000000000009A
:1086E000000000000000000000000000000000008A
:1086F000000000000000000000000000000000007A
:108700000000000000000000000000000000000069
:108710000000000000000000000000000000000059
:108720000000000000000000000000000000000049
:108730000000000000000000000000000000000039
:108740000000000000000000000000000000000029
:108750000000000000000000000000000000000019
:108760000000000000000000000000000000000009
:1087700000000000000000000000000000000000F9
:1087800000000000000000000000000000000000E9
:1087900000000000000000000000000000000000D9
:1087A00000000000000000000000000000000000C9
:1087B00000000000000000000000000000000000B9
:1087C00000000000000000000000000000000000A9
:1087D0000000000000000000000000000000000099
:1087E0000000000000000000000000000000000089
:1087F0000000000000000000000000000000000079
:108800000000000000000000000000000000000068
:108810000000000000000000000000000000000058
:108820000000000000000000000000000000000048
:108830000000000000000000000000000000000038
:108840000000000000000000000000000000000028
:108850000000000000000000000000000000000018
:108860000000000000000000000000000000000008
:1088700000000000000000000000000000000000F8
:1088800000000000000000000000000000000000E8
:1088900000000000000000000000000000000000D8
:1088A00000000000000000000000000000000000C8
:1088B00000000000000000000000000000000000B8
:1088C00000000000000000000000000000000000A8
:1088D0000000000000000000000000000000000098
:1088E0000000000000000000000000000000000088
:1088F0000000000000000000000000000000000078
:108900000000000000000000000000000000000067
:108910000000000000000000000000000000000057
:108920000000000000000000000000000000000047
:108930000000000000000000000000000000000037
:108940000000000000000000000000000000000027
:108950000000000000000000000000000000000017
:108960000000000000000000000000000000000007
:1089700000000000000000000000000000000000F7
:1089800000000000000000000000000000000000E7
:1089900000000000000000000000000000000000D7
:1089A00000000000000000000000000000000000C7
:1089B00000000000000000000000000000000000B7
:1089C00000000000000000000000000000000000A7
:1089D0000000000000000000000000000000000097
:1089E0000000000000000000000000000000000087
:1089F0000000000000000000000000000000000077
:108A00000000000000000000000000000000000066
:108A10000000000000000000000000000000000056
:108A20000000000000000000000000000000000046
:108A30000000000000000000000000000000000036
:108A40000000000000000000000000000000000026
:108A50000000000000000000000000000000000016
:108A60000000000000000000000000000000000006
:108A700000000000000000000000000000000000F6
:108A800000000000000000000000000000000000E6
:108A900000000000000000000000000000000000D6
:108AA00000000000000000000000000000000000C6
:108AB00000000000000000000000000000000000B6
:108AC00000000000000000000000000000000000A6
:108AD0000000000000000000000000000000000096
:108AE0000000000000000000000000000000000086
:108AF0000000000000000000000000000000000076
:108B00000000000000000000000000000000000065
:108B10000000000000000000000000000000000055
:108B20000000000000000000000000000000000045
:108B30000000000000000000000000000000000035
:108B40000000000000000000000000000000000025
:108B50000000000000000000000000000000000015
:108B60000000000000000000000000000000000005
:108B700000000000000000000000000000000000F5
:108B800000000000000000000000000000000000E5
:108B900000000000000000000000000000000000D5
:108BA00000000000000000000000000000000000C5
:108BB00000000000000000000000000000000000B5
:108BC00000000000000000000000000000000000A5
:108BD0000000000000000000000000000000000095
:108BE0000000000000000000000000000000000085
:108BF0000000000000000000000000000000000075
:108C00000000000000000000000000000000000064
:108C10000000000000000000000000000000000054
:108C20000000000000000000000000000000000044
:108C30000000000000000000000000000000000034
:108C40000000000000000000000000000000000024
:108C50000000000000000000000000000000000014
:108C60000000000000000000000000000000000004
:108C700000000000000000000000000000000000F4
:108C800000000000000000000000000000000000E4
:108C900000000000000000000000000000000000D4
:108CA00000000000000000000000000000000000C4
:108CB00000000000000000000000000000000000B4
:108CC00000000000000000000000000000000000A4
:108CD0000000000000000000000000000000000094
:108CE0000000000000000000000000000000000084
:108CF0000000000000000000000000000000000074
:108D00000000000000000000000000000000000063
:108D10000000000000000000000000000000000053
:108D20000000000000000000000000000000000043
:108D30000000000000000000000000000000000033
:108D40000000000000000000000000000000000023
:108D50000000000000000000000000000000000013
:108D60000000000000000000000000000000000003
:108D700000000000000000000000000000000000F3
:108D800000000000000000000000000000000000E3
:108D900000000000000000000000000000000000D3
:108DA00000000000000000000000000000000000C3
:108DB00000000000000000000000000000000000B3
:108DC00000000000000000000000000000000000A3
:108DD0000000000000000000000000000000000093
:108DE0000000000000000000000000000000000083
:108DF0000000000000000000000000000000000073
:108E00000000000000000000000000000000000062
:108E10000000000000000000000000000000000052
:108E20000000000000000000000000000000000042
:108E30000000000000000000000000000000000032
:108E40000000000000000000000000000000000022
:108E50000000000000000000000000000000000012
:108E60000000000000000000000000000000000002
:108E700000000000000000000000000000000000F2
:108E800000000000000000000000000000000000E2
:108E900000000000000000000000000000000000D2
:108EA00000000000000000000000000000000000C2
:108EB00000000000000000000000000000000000B2
:108EC00000000000000000000000000000000000A2
:108ED0000000000000000000000000000000000092
:108EE0000000000000000000000000000000000082
:108EF0000000000000000000000000000000000072
:108F00000000000000000000000000000000000061
:108F10000000000000000000000000000000000051
:108F20000000000000000000000000000000000041
:108F30000000000000000000000000000000000031
:108F40000000000000000000000000000000000021
:108F50000000000000000000000000000000000011
:108F60000000000000000000000000000000000001
:108F700000000000000000000000000000000000F1
:108F800000000000000000000000000000000000E1
:108F900000000000000000000000000000000000D1
:108FA00000000000000000000000000000000000C1
:108FB00000000000000000000000000000000000B1
:108FC00000000000000000000000000000000000A1
:108FD0000000000000000000000000000000000091
:108FE000088308E508C408C408E50862000000001A
:108FF0000000000000000000000000000000000071
:109000000000000000000000000000000000000060
:109010000000000000000000000000000000000050
:109020000000000000000000000000000000000040
:109030000000000000000000000000000000000030
:109040000000000000000000000000000000000020
:109050000000000000000000000000000000000010
:109060000000000000000000000000000000000000
:1090700000000000000000000000000000000000F0
:1090800000000000000000000000000000000000E0
:1090900000000000000000000000000000000000D0
:1090A00000000000000000000000000000000000C0
:1090B00000000000000000000000000000000000B0
:1090C00000000000000000000000000000000000A0
:1090D0000000000000000000000000000000000090
:1090E0000000000000000000000000000000000080
:1090F0000000000000000000000000000000000070
:10910000000000000000000000000000000000005F
:10911000000000000000000000000000000000004F
:10912000000000000000000000000000000000003F
:10913000000000000000000000000000000000002F
:10914000000000000000000000000000000000001F
:10915000000000000000000000000000000000000F
:1091600000000000000000000000000000000000FF
:1091700000000000000000000000000000000000EF
:1091800000000000000000000000000000000000DF
:1091900000000000000000000000000000000000CF
:1091A00000000000000000000000000000000000BF
:1091B0000000000000000000000000000000114757
:1091C0003C9A3CFC3D1D3D1D3CFC347909260000C9
:1091D000000000000000000000000000000000008F
:1091E000000000000000000000000000000000007F
:1091F000000000000000000000000000000000006F
:10920000000000000000000000000000000000005E
:10921000000000000000000000000000000000004E
:10922000000000000000000000000000000000003E
:10923000000000000000000000000000000000002E
:10924000000000000000000000000000000000001E
:10925000000000000000000000000000000000000E
:1092600000000000000000000000000000000000FE
:1092700000000000000000000000000000000000EE
:1092800000000000000000000000000000000000DE
:1092900000000000000000000000000000000000CE
:1092A00000000000000000000000000000000000BE
:1092B00000000000000000000000000000000000AE
:1092C000000000000000000000000000000000009E
:1092D000000000000000000000000000000000008E
:1092E000000000000000000000000000000000007E
:1092F000000000000000000000000000000000006E
:10930000000000000000000000000000000000005D
:10931000000000000000000000000000000000004D
:10932000000000000000000000000000000000003D
:10933000000000000000000000000000000000002D
:10934000000000000000000000000000000000001D
:10935000000000000000000000000000000000000D
:1093600000000000000000000000000000000000FD
:1093700000000000000000000000000000000000ED
:1093800000000000000000000000000000000000DD
:109390000000000000000000000000000021345820
:1093A0003D1D3458228F22AF34793D3D34170021C2
:1093B00000000000000000000000000000000000AD
:1093C000000000000000000000000000000000009D
:1093D000000000000000000000000000000000008D
:1093E000000000000000000000000000000000007D
:1093F000000000000000000000000000000000006D
:10940000000000000000000000000000000000005C
:10941000000000000000000000000000000000004C
:10942000000000000000000000000000000000003C
:10943000000000000000000000000000000000002C
:10944000000000000000000000000000000000001C
:10945000000000000000000000000000000000000C
:1094600000000000000000000000000000000000FC
:1094700000000000000000000000000000000000EC
:1094800000000000000000000000000000000000DC
:1094900000000000000000000000000000000000CC
:1094A00000000000000000000000000000000000BC
:1094B00000000000000000000000000000000000AC
:1094C000000000000000000000000000000000009C
:1094D000000000000000000000000000000000008C
:1094E000000000000000000000000000000000007C
:1094F000000000000000000000000000000000006C
:10950000000000000000000000000000000000005B
:10951000000000000000000000000000000000004B
:10952000000000000000000000000000000000003B
:10953000000000000000000000000000000000002B
:10954000000000000000000000000000000000001B
:10955000000000000000000000000000000000000B
:1095600000000000000000000000000000000000FB
:1095700000000000000000000000000011683D1D18
:10958000347908A40000000008C534993D1C114737
:1095900000000000000000000000000000000000CB
:1095A00000000000000000000000000000000000BB
:1095B00000000000000000000000000000000000AB
:1095C000000000000000000000000000000000009B
:1095D000000000000000000000000000000000008B
:1095E000000000000000000000000000000000007B
:1095F000000000000000000000000000000000006B
:10960000000000000000000000000000000000005A
:10961000000000000000000000000000000000004A
:10962000000000000000000000000000000000003A
:10963000000000000000000000000000000000002A
:10964000000000000000000000000000000000001A
:10965000000000000000000000000000000000000A
:1096600000000000000000000000000000000000FA
:1096700000000000000000000000000000000000EA
:1096800000000000000000000000000000000000DA
:1096900000000000000000000000000000000000CA
:1096A00000000000000000000000000000000000BA
:1096B00000000000000000000000000000000000AA
:1096C000000000000000000000000000000000009A
:1096D000000000000000000000000000000000008A
:1096E000000000000000000000000000000000007A
:1096F000000000000000000000000000000000006A
:109700000000000000000000000000000000000059
:109710000000000000000000000000000000000049
:109720000000000000000000000000000000000039
:109730000000000000000000000000000000000029
:109740000000000000000000000000000000000019
:1097500000000000000000000000000019CA3D5E8B
:109760002B9400000020000000002BB53D3D19A9FE
:1097700000000000000000000000000000000000E9
:1097800000000000000000000000000000000000D9
:1097900000000000000000000000000000000000C9
:1097A00000000000000000000000000000000000B9
:1097B00000000000000000000000000000000000A9
:1097C0000000000000000000000000000000000099
:1097D0000000000000000000000000000000000089
:1097E0000000000000000000000000000000000079
:1097F0000000000000000000000000000000000069
:109800000000000000000000000000000000000058
:109810000000000000000000000000000000000048
:109820000000000000000000000000000000000038
:109830000000000000000000000000000000000028
:109840000000000000000000000000000000000018
:109850000000000000000000000000000000000008
:1098600000000000000000000000000000000000F8
:1098700000000000000000000000000000000000E8
:1098800000000000000000000000000000000000D8
:1098900000000000000000000000000000000000C8
:1098A00000000000000000000000000000000000B8
:1098B00000000000000000000000000000000000A8
:1098C0000000000000000000000000000000000098
:1098D0000000000000000000000000000000000088
:1098E0000000000000000000000000000000000078
:1098F0000000000000000000000000000000000068
:109900000000000000000000000000000000000057
:109910000000000000000000000000000000000047
:109920000000000000000000000000000000000037
:1099300000000000000000000000000011CA3D5EB1
:109940002B9400000000000000002BF63D9F1189C1
:109950000000000000000000000000000000000007
:1099600000000000000000000000000000000000F7
:1099700000000000000000000000000000000000E7
:1099800000000000000000000000000000000000D7
:1099900000000000000000000000000000000000C7
:1099A00000000000000000000000000000000000B7
:1099B00000000000000000000000000000000000A7
:1099C0000000000000000000000000000000000097
:1099D0000000000000000000000000000000000087
:1099E0000000000000000000000000000000000077
:1099F0000000000000000000000000000000000067
:109A00000000000000000000000000000000000056
:109A10000000000000000000000000000000000046
:109A20000000000000000000000000000000000036
:109A30000000000000000000000000000000000026
:109A40000000000000000000000000000000000016
:109A50000000000000000000000000000000000006
:109A600000000000000000000000000000000000F6
:109A700000000000000000000000000000000000E6
:109A800000000000000000000000000000000000D6
:109A900000000000000000000000000000000000C6
:109AA00000000000000000000000000000000000B6
:109AB00000000000000000000000000000000000A6
:109AC0000000000000000000000000000000000096
:109AD0000000000000000000000000000000000086
:109AE0000000000000000000000000000000000076
:109AF0000000000000000000000000000000000066
:109B00000000000000000000000000000000000055
:109B100000000000000000000000000011CA3D5ECF
:109B20002BB4000000000000000011AA2B320042FC
:109B30000000000000000000000000000000000025
:109B40000000000000000000000000000000000015
:109B50000000000000000000000000000000000005
:109B600000000000000000000000000000000000F5
:109B700000000000000000000000000000000000E5
:109B800000000000000000000000000000000000D5
:109B900000000000000000000000000000000000C5
:109BA00000000000000000000000000000000000B5
:109BB00000000000000000000000000000000000A5
:109BC0000000000000000000000000000000000095
:109BD0000000000000000000000000000000000085
:109BE0000000000000000000000000000000000075
:109BF0000000000000000000000000000000000065
:109C00000000000000000000000000000000000054
:109C10000000000000000000000000000000000044
:109C20000000000000000000000000000000000034
:109C30000000000000000000000000000000000024
:109C40000000000000000000000000000000000014
:109C50000000000000000000000000000000000004
:109C600000000000000000000000000000000000F4
:109C700000000000000000000000000000000000E4
:109C800000000000000000000000000000000000D4
:109C900000000000000000000000000000000000C4
:109CA00000000000000000000000000000000000B4
:109CB00000000000000000000000000000000000A4
:109CC0000000000000000000000000000000000094
:109CD0000000000000000000000000000000000084
:109CE0000000000000000000000000000000000074
:109CF00000000000000000000000000011CA3D5EEE
:109D00002B94000000000000000000000000000094
:109D10000000000000000000000000000000000043
:109D20000000000000000000000000000000000033
:109D30000000000000000000000000000000000023
:109D40000000000000000000000000000000000013
:109D50000000000000000000000000000000000003
:109D600000000000000000000000000000000000F3
:109D700000000000000000000000000000000000E3
:109D800000000000000000000000000000000000D3
:109D900000000000000000000000000000000000C3
:109DA00000000000000000000000000000000000B3
:109DB00000000000000000000000000000000000A3
:109DC0000000000000000000000000000000000093
:109DD0000000000000000000000000000000000083
:109DE0000000000000000000000000000000000073
:109DF0000000000000000000000000000000000063
:109E00000000000000000000000000000000000052
:109E10000000000000000000000000000000000042
:109E20000000000000000000000000000000000032
:109E30000000000000000000000000000000000022
:109E40000000000000000000000000000000000012
:109E50000000000000000000000000000000000002
:109E600000000000000000000000000000000000F2
:109E700000000000000000000000000000000000E2
:109E800000000000000000000000000000000000D2
:109E900000000000000000000000000000000000C2
:109EA00000000000000000000000000000000000B2
:109EB00000000000000000000000000000000000A2
:109EC0000000000000000000000000000000000092
:109ED00000000000000000000000000011CA3D3E2C
:109EE0002BB5000000000000000000000000000092
:109EF0000000000000000000000000000000000062
:109F00000000000000000000000000000000000051
:109F10000000000000000000000000000000000041
:109F20000000000000000000000000000000000031
:109F30000000000000000000000000000000000021
:109F40000000000000000000000000000000000011
:109F50000000000000000000000000000000000001
:109F600000000000000000000000000000000000F1
:109F700000000000000000000000000000000000E1
:109F800000000000000000000000000000000000D1
:109F900000000000000000000000000000000000C1
:109FA00000000000000000000000000000000000B1
:109FB00000000000000000000000000000000000A1
:109FC0000000000000000000000000000000000091
:109FD0000000000000000000000000000000000081
:109FE0000000000000000000000000000000000071
:109FF0000000000000000000000000000000000061
:10A000000000000000000000000000000000000050
:10A010000000000000000000000000000000000040
:10A020000000000000000000000000000000000030
:10A030000000000000000000000000000000000020
:10A040000000000000000000000000000000000010
:10A050000000000000000000000000000000000000
:10A0600000000000000000000000000000000000F0
:10A0700000000000000000000000000000000000E0
:10A0800000000000000000000000000000000000D0
:10A0900000000000000000000000000000000000C0
:10A0A00000000000000000000000000000000000B0
:10A0B000000000000000000000622B53345934DB24
:10A0C00034BB2BF62C172C172BF62BF62BF62C1754
:10A0D0002B530042000000000000000000000000C0
:10A0E0000000000000000000000000000000000070
:10A0F0000000000000000000000000000000000060
:10A10000000000000000000000000000000000004F
:10A11000000000000000000000000000000000003F
:10A12000000000000000000000000000000000002F
:10A13000000000000000000000000000000000001F
:10A14000000000000000000000000000000000000F
:10A1500000000000000000000000000000000000FF
:10A1600000000000000000000000000000000000EF
:10A1700000000000000000000000000000000000DF
:10A1800000000000000000000000000000000000CF
:10A1900000000000000000000000000000000000BF
:10A1A00000000000000000000000000000000000AF
:10A1B000000000000000000000000000000000009F
:10A1C000000000000000000000000000000000008F
:10A1D000000000000000000000000000000000007F
:10A1E000000000000000000000000000000000006F
:10A1F000000000000000000000000000000000005F
:10A20000000000000000000000000000000000004E
:10A21000000000000000000000000000000000003E
:10A22000000000000000000000000000000000002E
:10A23000000000000000000000000000000000001E
:10A24000000000000000000000000000000000000E
:10A2500000000000000000000000000000000000FE
:10A2600000000000000000000000000000000000EE
:10A2700000000000000000000000000000000000DE
:10A2800000000000000000000000000000000000CE
:10A2900000000000000000001A6D3D5E34DB34DB7E
:10A2A00034DB3D3D349A349A3D3D34FC34FC34DC9F
:10A2B0003D5E1A2C000000000000000000000000BD
:10A2C000000000000000000000000000000000008E
:10A2D000000000000000000000000000000000007E
:10A2E000000000000000000000000000000000006E
:10A2F000000000000000000000000000000000005E
:10A30000000000000000000000000000000000004D
:10A31000000000000000000000000000000000003D
:10A32000000000000000000000000000000000002D
:10A33000000000000000000000000000000000001D
:10A34000000000000000000000000000000000000D
:10A3500000000000000000000000000000000000FD
:10A3600000000000000000000000000000000000ED
:10A3700000000000000000000000000000000000DD
:10A3800000000000000000000000000000000000CD
:10A3900000000000000000000000000000000000BD
:10A3A00000000000000000000000000000000000AD
:10A3B000000000000000000000000000000000009D
:10A3C000000000000000000000000000000000008D
:10A3D000000000000000000000000000000000007D
:10A3E000000000000000000000000000000000006D
:10A3F000000000000000000000000000000000005D
:10A40000000000000000000000000000000000004C
:10A41000000000000000000000000000000000003C
:10A42000000000000000000000000000000000002C
:10A43000000000000000000000000000000000001C
:10A44000000000000000000000000000000000000C
:10A4500000000000000000000000000000000000FC
:10A4600000000000000000000000000000000000EC
:10A47000000000000000000022AF3D1D34BA34BBD4
:10A4800034FC22CF0021002122F034FC34BA34BA4B
:10A490003D1D1A6E000000000000000000000000DA
:10A4A00000000000000000000000000000000000AC
:10A4B000000000000000000000000000000000009C
:10A4C000000000000000000000000000000000008C
:10A4D000000000000000000000000000000000007C
:10A4E000000000000000000000000000000000006C
:10A4F000000000000000000000000000000000005C
:10A50000000000000000000000000000000000004B
:10A51000000000000000000000000000000000003B
:10A52000000000000000000000000000000000002B
:10A53000000000000000000000000000000000001B
:10A54000000000000000000000000000000000000B
:10A5500000000000000000000000000000000000FB
:10A5600000000000000000000000000000000000EB
:10A5700000000000000000000000000000000000DB
:10A5800000000000000000000000000000000000CB
:10A5900000000000000000000000000000000000BB
:10A5A00000000000000000000000000000000000AB
:10A5B000000000000000000000000000000000009B
:10A5C000000000000000000000000000000000008B
:10A5D000000000000000000000000000000000007B
:10A5E000000000000000000000000000000000006B
:10A5F000000000000000000000000000000000005B
:10A60000000000000000000000000000000000004A
:10A61000000000000000000000000000000000003A
:10A62000000000000000000000000000000000002A
:10A63000000000000000000000000000000000001A
:10A64000000000000000000000000000000000000A
:10A6500000000000000000001A8F3D1D34BA34FCD9
:10A6600034380000000000000021345934DB34BAD3
:10A670003D1D1A6D000000000000000000000000F9
:10A6800000000000000000000000000000000000CA
:10A6900000000000000000000000000000000000BA
:10A6A00000000000000000000000000000000000AA
:10A6B000000000000000000000000000000000009A
:10A6C000000000000000000000000000000000008A
:10A6D000000000000000000000000000000000007A
:10A6E000000000000000000000000000000000006A
:10A6F000000000000000000000000000000000005A
:10A700000000000000000000000000000000000049
:10A710000000000000000000000000000000000039
:10A720000000000000000000000000000000000029
:10A730000000000000000000000000000000000019
:10A740000000000000000000000000000000000009
:10A7500000000000000000000000000000000000F9
:10A7600000000000000000000000000000000000E9
:10A7700000000000000000000000000000000000D9
:10A7800000000000000000000000000000000000C9
:10A7900000000000000000000000000000000000B9
:10A7A00000000000000000000000000000000000A9
:10A7B0000000000000000000000000000000000099
:10A7C0000000000000000000000000000000000089
:10A7D0000000000000000000000000000000000079
:10A7E0000000000000000000000000000000000069
:10A7F0000000000000000000000000000000000059
:10A800000000000000000000000000000000000048
:10A810000000000000000000000000000000000038
:10A820000000000000000000000000000000000028
:10A830000000000000000000228F3D1D34BA34FCEF
:10A840002BB5000000000000000033D534FC34BA02
:10A850003D1D1A6D00000000000000000000000017
:10A8600000000000000000000000000000000000E8
:10A8700000000000000000000000000000000000D8
:10A8800000000000000000000000000000000000C8
:10A8900000000000000000000000000000000000B8
:10A8A00000000000000000000000000000000000A8
:10A8B0000000000000000000000000000000000098
:10A8C0000000000000000000000000000000000088
:10A8D0000000000000000000000000000000000078
:10A8E0000000000000000000000000000000000068
:10A8F0000000000000000000000000000000000058
:10A900000000000000000000000000000000000047
:10A910000000000000000000000000000000000037
:10A920000000000000000000000000000000000027
:10A930000000000000000000000000000000000017
:10A940000000000000000000000000000000000007
:10A9500000000000000000000000000000000000F7
:10A9600000000000000000000000000000000000E7
:10A9700000000000000000000000000000000000D7
:10A9800000000000000000000000000000000000C7
:10A9900000000000000000000000000000000000B7
:10A9A00000000000000000000000000000000000A7
:10A9B0000000000000000000000000000000000097
:10A9C0000000000000000000000000000000000087
:10A9D0000000000000000000000000000000000077
:10A9E0000000000000000000000000000000000067
:10A9F0000000000000000000000000000000000057
:10AA00000000000000000000000000000000000046
:10AA1000000000000000000022AF3D1C34BA34DB0F
:10AA200034BA08C40000000008E534BB34DB34BA93
:10AA30003D1D1A6D00000000000000000000000035
:10AA40000000000000000000000000000000000006
:10AA500000000000000000000000000000000000F6
:10AA600000000000000000000000000000000000E6
:10AA700000000000000000000000000000000000D6
:10AA800000000000000000000000000000000000C6
:10AA900000000000000000000000000000000000B6
:10AAA00000000000000000000000000000000000A6
:10AAB0000000000000000000000000000000000096
:10AAC0000000000000000000000000000000000086
:10AAD0000000000000000000000000000000000076
:10AAE0000000000000000000000000000000000066
:10AAF0000000000000000000000000000000000056
:10AB00000000000000000000000000000000000045
:10AB10000000000000000000000000000000000035
:10AB20000000000000000000000000000000000025
:10AB30000000000000000000000000000000000015
:10AB40000000000000000000000000000000000005
:10AB500000000000000000000000000000000000F5
:10AB600000000000000000000000000000000000E5
:10AB700000000000000000000000000000000000D5
:10AB800000000000000000000000000000000000C5
:10AB900000000000000000000000000000000000B5
:10ABA00000000000000000000000000000000000A5
:10ABB0000000000000000000000000000000000095
:10ABC0000000000000000000000000000000000085
:10ABD0000000000000000000000000000000000075
:10ABE0000000000000000000000000000000000065
:10ABF00000000000000000001A8F3D1D34BB34BB74
:10AC0000351C2B94000000002BD53D1C34BB34BBFD
:10AC10003D1D226E0000000000000000000000004A
:10AC20000000000000000000000000000000000024
:10AC30000000000000000000000000000000000014
:10AC40000000000000000000000000000000000004
:10AC500000000000000000000000000000000000F4
:10AC600000000000000000000000000000000000E4
:10AC700000000000000000000000000000000000D4
:10AC800000000000000000000000000000000000C4
:10AC900000000000000000000000000000000000B4
:10ACA00000000000000000000000000000000000A4
:10ACB0000000000000000000000000000000000094
:10ACC0000000000000000000000000000000000084
:10ACD0000000000000000000000000000000000074
:10ACE0000000000000000000000000000000000064
:10ACF0000000000000000000000000000000000054
:10AD00000000000000000000000000000000000043
:10AD10000000000000000000000000000000000033
:10AD20000000000000000000000000000000000023
:10AD30000000000000000000000000000000000013
:10AD40000000000000000000000000000000000003
:10AD500000000000000000000000000000000000F3
:10AD600000000000000000000000000000000000E3
:10AD700000000000000000000000000000000000D3
:10AD800000000000000000000000000000000000C3
:10AD900000000000000000000000000000000000B3
:10ADA00000000000000000000000000000000000A3
:10ADB0000000000000000000000000000000000093
:10ADC0000000000000000000000000000000000083
:10ADD0000000000000000000228F3D1D34BB34BB8A
:10ADE00034DC345800000000347934DC34BB34BB2C
:10ADF0003D1D1A6D00000000000000000000000072
:10AE00000000000000000000000000000000000042
:10AE10000000000000000000000000000000000032
:10AE20000000000000000000000000000000000022
:10AE30000000000000000000000000000000000012
:10AE40000000000000000000000000000000000002
:10AE500000000000000000000000000000000000F2
:10AE600000000000000000000000000000000000E2
:10AE700000000000000000000000000000000000D2
:10AE800000000000000000000000000000000000C2
:10AE900000000000000000000000000000000000B2
:10AEA00000000000000000000000000000000000A2
:10AEB0000000000000000000000000000000000092
:10AEC0000000000000000000000000000000000082
:10AED0000000000000000000000000000000000072
:10AEE0000000000000000000000000000000000062
:10AEF0000000000000000000000000000000000052
:10AF00000000000000000000000000000000000041
:10AF10000000000000000000000000000000000031
:10AF20000000000000000000000000000000000021
:10AF30000000000000000000000000000000000011
:10AF40000000000000000000000000000000000001
:10AF500000000000000000000000000000000000F1
:10AF600000000000000000000000000000000000E1
:10AF700000000000000000000000000000000000D1
:10AF800000000000000000000000000000000000C1
:10AF900000000000000000000000000000000000B1
:10AFA00000000000000000000000000000000000A1
:10AFB000000000000000000022AF3D3D349A34BB89
:10AFC00034BB34DB2311231134DB34BB34BB349A60
:10AFD0003D3D1A8E0000000000000000000000004F
:10AFE0000000000000000000000000000000000061
:10AFF0000000000000000000000000000000000051
:10B000000000000000000000000000000000000040
:10B010000000000000000000000000000000000030
:10B020000000000000000000000000000000000020
:10B030000000000000000000000000000000000010
:10B040000000000000000000000000000000000000
:10B0500000000000000000000000000000000000F0
:10B0600000000000000000000000000000000000E0
:10B0700000000000000000000000000000000000D0
:10B0800000000000000000000000000000000000C0
:10B0900000000000000000000000000000000000B0
:10B0A00000000000000000000000000000000000A0
:10B0B0000000000000000000000000000000000090
:10B0C0000000000000000000000000000000000080
:10B0D0000000000000000000000000000000000070
:10B0E0000000000000000000000000000000000060
:10B0F0000000000000000000000000000000000050
:10B10000000000000000000000000000000000003F
:10B11000000000000000000000000000000000002F
:10B12000000000000000000000000000000000001F
:10B13000000000000000000000000000000000000F
:10B1400000000000000000000000000000000000FF
:10B1500000000000000000000000000000000000EF
:10B1600000000000000000000000000000000000DF
:10B1700000000000000000000000000000000000CF
:10B1800000000000000000000000000000000000BF
:10B19000000000000000000011473CDB3D1C3CFCAF
:10B1A0003D1C3D1C3D5E3D3E3D1C3D1C3D1C3D1C73
:10B1B0003CDB112600000000000000000000000041
:10B1C000000000000000000000000000000000007F
:10B1D000000000000000000000000000000000006F
:10B1E000000000000000000000000000000000005F
:10B1F000000000000000000000000000000000004F
:10B20000000000000000000000000000000000003E
:10B21000000000000000000000000000000000002E
:10B22000000000000000000000000000000000001E
:10B23000000000000000000000000000000000000E
:10B2400000000000000000000000000000000000FE
:10B2500000000000000000000000000000000000EE
:10B2600000000000000000000000000000000000DE
:10B2700000000000000000000000000000000000CE
:10B2800000000000000000000000000000000000BE
:10B2900000000000000000000000000000000000AE
:10B2A000000000000000000000000000000000009E
:10B2B000000000000000000000000000000000008E
:10B2C000000000000000000000000000000000007E
:10B2D000000000000000000000000000000000006E
:10B2E000000000000000000000000000000000005E
:10B2F000000000000000000000000000000000004E
:10B30000000000000000000000000000000000003D
:10B31000000000000000000000000000000000002D
:10B32000000000000000000000000000000000001D
:10B33000000000000000000000000000000000000D
:10B3400000000000000000000000000000000000FD
:10B3500000000000000000000000000000000000ED
:10B3600000000000000000000000000000000000DD
:10B370000000000000000000000008E511881168CE
:10B380001168118811681168116811681188118895
:10B3900008C40000000000000000000000000000E1
:10B3A000000000000000000000000000000000009D
:10B3B000000000000000000000000000000000008D
:10B3C000000000000000000000000000000000007D
:10B3D000000000000000000000000000000000006D
:10B3E000000000000000000000000000000000005D
:10B3F000000000000000000000000000000000004D
:10B40000000000000000000000000000000000003C
:10B41000000000000000000000000000000000002C
:10B42000000000000000000000000000000000001C
:10B43000000000000000000000000000000000000C
:10B4400000000000000000000000000000000000FC
:10B4500000000000000000000000000000000000EC
:10B4600000000000000000000000000000000000DC
:10B4700000000000000000000000000000000000CC
:10B4800000000000000000000000000000000000BC
:10B4900000000000000000000000000000000000AC
:10B4A000000000000000000000000000000000009C
:10B4B000000000000000000000000000000000008C
:10B4C000000000000000000000000000000000007C
:10B4D000000000000000000000000000000000006C
:10B4E000000000000000000000000000000000005C
:10B4F000000000000000000000000000000000004C
:10B50000000000000000000000000000000000003B
:10B51000000000000000000000000000000000002B
:10B52000000000000000000000000000000000001B
:10B53000000000000000000000000000000000000B
:10B5400000000000000000000000000000000000FB
:10B5500000000000000000000000000000000000EB
:10B5600000000000000000000000000000000000DB
:10B5700000000000000000000000000000000000CB
:10B5800000000000000000000000000000000000BB
:10B5900000000000000000000000000000000000AB
:10B5A000000000000000000000000000000000009B
:10B5B000000000000000000000000000000000008B
:10B5C000000000000000000000000000000000007B
:10B5D000000000000000000000000000000000006B
:10B5E000000000000000000000000000000000005B
:10B5F000000000000000000000000000000000004B
:10B60000000000000000000000000000000000003A
:10B61000000000000000000000000000000000002A
:10B62000000000000000000000000000000000001A
:10B63000000000000000000000000000000000000A
:10B6400000000000000000000000000000000000FA
:10B6500000000000000000000000000000000000EA
:10B6600000000000000000000000000000000000DA
:10B6700000000000000000000000000000000000CA
:10B6800000000000000000000000000000000000BA
:10B6900000000000000000000000000000000000AA
:10B6A000000000000000000000000000000000009A
:10B6B000000000000000000000000000000000008A
:10B6C000000000000000000000000000000000007A
:10B6D000000000000000000000000000000000006A
:10B6E000000000000000000000000000000000005A
:10B6F000000000000000000000000000000000004A
:10B700000000000000000000000000000000000039
:10B710000000000000000000000000000000000029
:10B720000000000000000000000000000000000019
:10B730000000000000000000000000000000000009
:10B7400000000000000000000000000000000000F9
:10B7500000000000000000000000000000000000E9
:10B7600000000000000000000000000000000000D9
:10B7700000000000000000000000000000000000C9
:10B7800000000000000000000000000000000000B9
:10B7900000000000000000000000000000000000A9
:10B7A0000000000000000000000000000000000099
:10B7B0000000000000000000000000000000000089
:10B7C0000000000000000000000000000000000079
:10B7D0000000000000000000000000000000000069
:10B7E0000000000000000000000000000000000059
:10B7F0000000000000000000000000000000000049
:10B800000000000000000000000000000000000038
:10B810000000000000000000000000000000000028
:10B820000000000000000000000000000000000018
:10B830000000000000000000000000000000000008
:10B8400000000000000000000000000000000000F8
:10B8500000000000000000000000000000000000E8
:10B8600000000000000000000000000000000000D8
:10B8700000000000000000000000000000000000C8
:10B8800000000000000000000000000000000000B8
:10B8900000000000000000000000000000000000A8
:10B8A0000000000000000000000000000000000098
:10B8B0000000000000000000000000000000000088
:10B8C0000000000000000000000000000000000078
:10B8D0000000000000000000000000000000000068
:10B8E0000000000000000000000000000000000058
:10B8F0000000000000000000000000000000000048
:10B900000000000000000000000000000000000037
:10B910000000000000000000000000000000000027
:10B920000000000000000000000000000000000017
:10B930000000000000000000000000000000000007
:10B9400000000000000000000000000000000000F7
:10B9500000000000000000000000000000000000E7
:10B9600000000000000000000000000000000000D7
:10B9700000000000000000000000000000000000C7
:10B9800000000000000000000000000000000000B7
:10B9900000000000000000000000000000000000A7
:10B9A0000000000000000000000000000000000097
:10B9B0000000000000000000000000000000000087
:10B9C0000000000000000000000000000000000077
:10B9D0000000000000000000000000000000000067
:10B9E0000000000000000000000000000000000057
:10B9F0000000000000000000000000000000000047
:10BA00000000000000000000000000000000000036
:10BA10000000000000000000000000000000000026
:10BA20000000000000000000000000000000000016
:10BA30000000000000000000000000000000000006
:10BA400000000000000000000000000000000000F6
:10BA500000000000000000000000000000000000E6
:10BA600000000000000000000000000000000000D6
:10BA700000000000000000000000000000000000C6
:10BA800000000000000000000000000000000000B6
:10BA900000000000000000000000000000000000A6
:10BAA0000000000000000000000000000000000096
:10BAB0000000000000000000000000000000000086
:10BAC0000000000000000000000000000000000076
:10BAD0000000000000000000000000000000000066
:10BAE0000000000000000000000000000000000056
:10BAF0000000000000000000000000000000000046
:10BB00000000000000000000000000000000000035
:10BB10000000000000000000000000000000000025
:10BB20000000000000000000000000000000000015
:10BB30000000000000000000000000000000000005
:10BB400000000000000000000000000000000000F5
:10BB500000000000000000000000000000000000E5
:10BB600000000000000000000000000000000000D5
:10BB700000000000000000000000000000000000C5
:10BB800000000000000000000000000000000000B5
:10BB900000000000000000000000000000000000A5
:10BBA0000000000000000000000000000000000095
:10BBB0000000000000000000000000000000000085
:10BBC0000000000000000000000000000000000075
:10BBD0000000000000000000000000000000000065
:10BBE0000000000000000000000000000000000055
:10BBF0000000000000000000000000000000000045
:10BC00000000000000000000000000000000000034
:10BC10000000000000000000000000000000000024
:10BC20000000000000000000000000000000000014
:10BC30000000000000000000000000000000000004
:10BC400000000000000000000000000000000000F4
:10BC500000000000000000000000000000000000E4
:10BC600000000000000000000000000000000000D4
:10BC700000000000000000000000000000000000C4
:10BC800000000000000000000000000000000000B4
:10BC900000000000000000000000000000000000A4
:10BCA0000000000000000000000000000000000094
:10BCB0000000000000000000000000000000000084
:10BCC0000000000000000000000000000000000074
:10BCD0000000000000000000000000000000000064
:10BCE0000000000000000000000000000000000054
:10BCF0000000000000000000000000000000000044
:10BD00000000000000000000000000000000000033
:10BD10000000000000000000000000000000000023
:10BD20000000000000000000000000000000000013
:10BD30000000000000000000000000000000000003
:10BD400000000000000000000000000000000000F3
:10BD500000000000000000000000000000000000E3
:10BD600000000000000000000000000000000000D3
:10BD700000000000000000000000000000000000C3
:10BD800000000000000000000000000000000000B3
:10BD900000000000000000000000000000000000A3
:10BDA0000000000000000000000000000000000093
:10BDB0000000000000000000000000000000000083
:10BDC0000000000000000000000000000000000073
:10BDD0000000000000000000000000000000000063
:10BDE0000000000000000000000000000000000053
:10BDF0000000000000000000000000000000000043
:10BE00000000000000000000000000000000000032
:10BE10000000000000000000000000000000000022
:10BE20000000000000000000000000000000000012
:10BE30000000000000000000000000000000000002
:10BE400000000000000000000000000000000000F2
:10BE500000000000000000000000000000000000E2
:10BE600000000000000000000000000000000000D2
:10BE700000000000000000000000000000000000C2
:10BE800000000000000000000000000000000000B2
:10BE900000000000000000000000000000000000A2
:10BEA0000000000000000000000000000000000092
:10BEB0000000000000000000000000000000000082
:10BEC0000000000000000000000000000000000072
:10BED0000000000000000000000000000000000062
:10BEE0000000000000000000000000000000000052
:10BEF0000000000000000000000000000000000042
:10BF00000000000000000000000000000000000031
:10BF10000000000000000000000000000000000021
:10BF20000000000000000000000000000000000011
:10BF30000000000000000000000000000000000001
:10BF400000000000000000000000000000000000F1
:10BF500000000000000000000000000000000000E1
:10BF600000000000000000000000000000000000D1
:10BF700000000000000000000000000000000000C1
:10BF800000000000000000000000000000000000B1
:10BF900000000000000000000000000000000000A1
:10BFA0000000000000000000000000000000000091
:10BFB0000000000000000000000000000000000081
:10BFC0000000000000000000000000000000000071
:10BFD0000000000000000000000000000000000061
:10BFE0000000000000000000000000000000000051
:10BFF0000000000000000000000000000000000041
:10C000000000000000000000000000000000000030
:10C010000000000000000000000000000000000020
:10C020000000000000000000000000000000000010
:10C030000000000000000000000000000000000000
:10C0400000000000000000000000000000000000F0
:10C0500000000000000000000000000000000000E0
:10C0600000000000000000000000000000000000D0
:10C0700000000000000000000000000000000000C0
:10C0800000000000000000000000000000000000B0
:10C0900000000000000000000000000000000000A0
:10C0A0000000000000000000000000000000000090
:10C0B0000000000000000000000000000000000080
:10C0C0000000000000000000000000000000000070
:10C0D0000000000000000000000000000000000060
:10C0E0000000000000000000000000000000000050
:10C0F0000000000000000000000000000000000040
:10C10000000000000000000000000000000000002F
:10C11000000000000000000000000000000000001F
:10C12000000000000000000000000000000000000F
:10C1300000000000000000000000000000000000FF
:10C1400000000000000000000000000000000000EF
:10C1500000000000000000000000000000000000DF
:10C1600000000000000000000000000000000000CF
:10C1700000000000000000000000000000000000BF
:10C1800000000000000000000000000000000000AF
:10C19000000000000000000000000000000000009F
:10C1A000000000000000000000000000000000008F
:10C1B000000000000000000000000000000000007F
:10C1C000000000000000000000000000000000006F
:10C1D000000000000000000000000000000000005F
:10C1E000000000000000000000000000000000004F
:10C1F000000000000000000000000000000000003F
:10C20000000000000000000000000000000000002E
:10C21000000000000000000000000000000000001E
:10C22000000000000000000000000000000000000E
:10C2300000000000000000000000000000000000FE
:10C2400000000000000000000000000000000000EE
:10C2500000000000000000000000000000000000DE
:10C2600000000000000000000000000000000000CE
:10C2700000000000000000000000000000000000BE
:10C2800000000000000000000000000000000000AE
:10C29000000000000000000000000000000000009E
:10C2A000000000000000000000000000000000008E
:10C2B000000000000000000000000000000000007E
:10C2C000000000000000000000000000000000006E
:10C2D000000000000000000000000000000000005E
:10C2E000000000000000000000000000000000004E
:10C2F000000000000000000000000000000000003E
:10C30000000000000000000000000000000000002D
:10C31000000000000000000000000000000000001D
:10C32000000000000000000000000000000000000D
:10C3300000000000000000000000000000000000FD
:10C3400000000000000000000000000000000000ED
:10C3500000000000000000000000000000000000DD
:10C3600000000000000000000000000000000000CD
:10C3700000000000000000000000000000000000BD
:10C3800000000000000000000000000000000000AD
:10C39000000000000000000000000000000000009D
:10C3A000000000000000000000000000000000008D
:10C3B000000000000000000000000000000000007D
:10C3C000000000000000000000000000000000006D
:10C3D000000000000000000000000000000000005D
:10C3E000000000000000000000000000000000004D
:10C3F000000000000000000000000000000000003D
:10C40000000000000000000000000000000000002C
:10C41000000000000000000000000000000000001C
:10C42000000000000000000000000000000000000C
:10C4300000000000000000000000000000000000FC
:10C4400000000000000000000000000000000000EC
:10C4500000000000000000000000000000000000DC
:10C4600000000000000000000000000000000000CC
:10C4700000000000000000000000000000000000BC
:10C4800000000000000000000000000000000000AC
:10C49000000000000000000000000000000000009C
:10C4A000000000000000000000000000000000008C
:10C4B000000000000000000000000000000000007C
:10C4C000000000000000000000000000000000006C
:10C4D000000000000000000000000000000000005C
:10C4E000000000000000000000000000000000004C
:10C4F000000000000000000000000000000000003C
:10C50000000000000000000000000000000000002B
:10C51000000000000000000000000000000000001B
:10C52000000000000000000000000000000000000B
:10C5300000000000000000000000000000000000FB
:10C5400000000000000000000000000000000000EB
:10C5500000000000000000000000000000000000DB
:10C5600000000000000000000000000000000000CB
:10C5700000000000000000000000000000000000BB
:10C5800000000000000000000000000000000000AB
:10C59000000000000000000000000000000000009B
:10C5A000000000000000000000000000000000008B
:10C5B000000000000000000000000000000000007B
:10C5C000000000000000000000000000000000006B
:10C5D000000000000000000000000000000000005B
:10C5E000000000000000000000000000000000004B
:10C5F000000000000000000000000000000000003B
:10C60000000000000000000000000000000000002A
:10C61000000000000000000000000000000000001A
:10C62000000000000000000000000000000000000A
:10C6300000000000000000000000000000000000FA
:10C6400000000000000000000000000000000000EA
:10C6500000000000000000000000000000000000DA
:10C6600000000000000000000000000000000000CA
:10C6700000000000000000000000000000000000BA
:10C6800000000000000000000000000000000000AA
:10C69000000000000000000000000000000000009A
:10C6A000000000000000000000000000000000008A
:10C6B000000000000000000000000000000000007A
:10C6C000000000000000000000000000000000006A
:10C6D000000000000000000000000000000000005A
:10C6E000000000000000000000000000000000004A
:10C6F000000000000000000000000000000000003A
:10C700000000000000000000000000000000000029
:10C710000000000000000000000000000000000019
:10C720000000000000000000000000000000000009
:10C7300000000000000000000000000000000000F9
:10C7400000000000000000000000000000000000E9
:10C7500000000000000000000000000000000000D9
:10C7600000000000000000000000000000000000C9
:10C7700000000000000000000000000000000000B9
:10C7800000000000000000000000000000000000A9
:10C790000000000000000000000000000000000099
:10C7A0000000000000000000000000000000000089
:10C7B0000000000000000000000000000000000079
:10C7C0000000000000000000000000000000000069
:10C7D0000000000000000000000000000000000059
:10C7E0000000000000000000000000000000000049
:10C7F0000000000000000000000000000000000039
:10C800000000000000000000000000000000000028
:10C810000000000000000000000000000000000018
:10C820000000000000000000000000000000000008
:10C8300000000000000000000000000000000000F8
:10C8400000000000000000000000000000000000E8
:10C8500000000000000000000000000000000000D8
:10C8600000000000000000000000000000000000C8
:10C8700000000000000000000000000000000000B8
:10C8800000000000000000000000000000000000A8
:10C890000000000000000000000000000000000098
:10C8A0000000000000000000000000000000000088
:10C8B0000000000000000000000000000000000078
:10C8C0000000000000000000000000000000000068
:10C8D0000000000000000000000000000000000058
:10C8E0000000000000000000000000000000000048
:10C8F0000000000000000000000000000000000038
:10C900000000000000000000000000000000000027
:10C910000000000000000000000000000000000017
:10C920000000000000000000000000000000000007
:10C9300000000000000000000000000000000000F7
:10C9400000000000000000000000000000000000E7
:10C9500000000000000000000000000000000000D7
:10C9600000000000000000000000000000000000C7
:10C9700000000000000000000000000000000000B7
:10C9800000000000000000000000000000000000A7
:10C990000000000000000000000000000000000097
:10C9A0000000000000000000000000000000000087
:10C9B0000000000000000000000000000000000077
:10C9C0000000000000000000000000000000000067
:10C9D0000000000000000000000000000000000057
:10C9E0000000000000000000000000000000000047
:10C9F0000000000000000000000000000000000037
:10CA00000000000000000000000000000000000026
:10CA10000000000000000000000000000000000016
:10CA20000000000000000000000000000000000006
:10CA300000000000000000000000000000000000F6
:10CA400000000000000000000000000000000000E6
:10CA500000000000000000000000000000000000D6
:10CA600000000000000000000000000000000000C6
:10CA700000000000000000000000000000000000B6
:10CA800000000000000000000000000000000000A6
:10CA90000000000000000000000000000000000096
:10CAA0000000000000000000000000000000000086
:10CAB0000000000000000000000000000000000076
:10CAC0000000000000000000000000000000000066
:10CAD0000000000000000000000000000000000056
:10CAE0000000000000000000000000000000000046
:10CAF0000000000000000000000000000000000036
:10CB00000000000000000000000000000000000025
:10CB10000000000000000000000000000000000015
:10CB20000000000000000000000000000000000005
:10CB300000000000000000000000000000000000F5
:10CB400000000000000000000000000000000000E5
:10CB500000000000000000000000000000000000D5
:10CB600000000000000000000000000000000000C5
:10CB700000000000000000000000000000000000B5
:10CB800000000000000000000000000000000000A5
:10CB90000000000000000000000000000000000095
:10CBA0000000000000000000000000000000000085
:10CBB0000000000000000000000000000000000075
:10CBC0000000000000000000000000000000000065
:10CBD0000000000000000000000000000020000035
:10CBE0000000000000000020000000000000000025
:10CBF0000000000000000000000000000000000035
:10CC00000000000000000000000000000000000024
:10CC10000000000000000000000000000000000014
:10CC20000000000000000000000000000000000004
:10CC300000000000000000000000000000000000F4
:10CC400000000000000000000000000000000000E4
:10CC50000000000000000000000000000000004193
:10CC600000210000000000000000000000000000A3
:10CC700000000000000000000000000000000000B4
:10CC800000000000000000000000000000000000A4
:10CC90000000000000000000000000000000000094
:10CCA0000000000000000000000000000000000084
:10CCB0000000000000000000000000000000000074
:10CCC0000000000000000000000000000000000064
:10CCD0000000000000000000000000000000000054
:10CCE0000000000000000000000000000000000044
:10CCF0000000000000000000000000000000000034
:10CD00000000000000000000000000000000000023
:10CD10000000000000000000000000000000000013
:10CD20000000000000000000000000000000000003
:10CD300000000000000000000000000000000000F3
:10CD400000000000000000000000000000000000E3
:10CD500000000000000000000000000000000000D3
:10CD600000000000000000000000000000000000C3
:10CD700000000000000000000000000000000000B3
:10CD800000000000000000000000000000000000A3
:10CD90000000000000000000000000000000000093
:10CDA0000000000000000000000000000000000083
:10CDB0000000000000000000000000000000000073
:10CDC0000000000000000000000000000000000063
:10CDD0000000000000000000000000000000000053
:10CDE0000000000000000000000000000000000043
:10CDF0000000000000000000000000000000000033
:10CE00000000000000000000000000000000000022
:10CE10000000000000000000000000000000000012
:10CE20000000000000000000000000000000000002
:10CE30000000000000000083126C1C342518357AB5
:10CE40003D5934D72B9109A80000000000000000D4
:10CE500000000000000000000000000000000000D2
:10CE600000000000000000000000000000000000C2
:10CE700000000000000000000000000000000000B2
:10CE800000000000000000000000000000000000A2
:10CE90000000000000000000000000000000000092
:10CEA0000000000000000000000000000000000082
:10CEB0000000000000000000000000000000000072
:10CEC0000000000000000000000000000000000062
:10CED0000000000000000000000000000000000052
:10CEE0000000000000000000000000000000000042
:10CEF0000000000000000000000000000000000032
:10CF00000000000000000000000000000000000021
:10CF100000000000000000000020000000000000F1
:10CF20000000000000000000000000000000000001
:10CF300000000000000000000000000000000000F1
:10CF400000000000000000000000000000000000E1
:10CF500000000000000000000000000000000000D1
:10CF600000000000000000000000000000000000C1
:10CF700000000000000000000000000000000000B1
:10CF800000000000000000000000000000000000A1
:10CF90000000000000000000000029877C9474332A
:10CFA00074537C5374537453745374537453745341
:10CFB00074537C7418E400000000000000000000BE
:10CFC0000000000000000000000000000000000061
:10CFD0000000000000000000000000000000000051
:10CFE0000000000000000000000000000000000041
:10CFF0000000000000000000000000000000000031
:10D000000000000000000000000000000000000020
:10D01000000000210AEE157A1E3E1E3E2E3D463DC2
:10D020004E5D4E5E5E9F4E5E34B709870000000085
:10D0300000000000000000000000000000000000F0
:10D0400000000000000000000000000000000000E0
:10D0500000000000000000000000000000000000D0
:10D0600000000000000000000000000000000000C0
:10D0700000000000000000000000000000000000B0
:10D0800000000000000000000000000000000000A0
:10D090000000000000000000000000000000000090
:10D0A0000000000000000000000000000000000080
:10D0B0000000000000000000000000000000000070
:10D0C0000000000000000000000000000000000060
:10D0D0000000000000000000000000000000000050
:10D0E0000000000000000000000000000000000040
:10D0F000000000000000000000000000214529A7FA
:10D1000018E4000000000000000000000000000023
:10D11000000000000000000000000000000000000F
:10D1200000000000000000000000000000000000FF
:10D1300000000000000000000000000000000000EF
:10D1400000000000000000000000000000000000DF
:10D1500000000000000000000000000000000000CF
:10D1600000000000000000000000000000000000BF
:10D170000000000000000020000052CCDFFFCF7F45
:10D18000CF7FCF9FD7BFD7BFD7BFD7BFD7BFD7BF5F
:10D19000CF9FD79F298700000000000000000000FB
:10D1A000000000000000000000000000000000007F
:10D1B000000000000000000000000000000000006F
:10D1C000000000000000000000000000000000005F
:10D1D000000000000000000000000000000000004F
:10D1E000000000000000000000000000000000003F
:10D1F00000C414B705FD05DD263D3E5E4E5D4E3D87
:10D200004E5D4E7E4E5D461C4E5E465D1ACD000064
:10D21000000000000000000000000000000000000E
:10D2200000000000000000000000000000000000FE
:10D2300000000000000000000000000000000000EE
:10D2400000000000000000000000000000000000DE
:10D2500000000000000000000000000000000000CE
:10D2600000000000000000000000000000000000BE
:10D2700000000000000000000000000000000000AE
:10D28000000000000000000000000000000000009E
:10D29000000000000000000000000000000000008E
:10D2A000000000000000000000000000000000007E
:10D2B000000000000000000000000000000000006E
:10D2C000000000000000000000000000000000005E
:10D2D00000000000000000003A08ADF9ADD99D77CC
:10D2E000B63A8D1510A200000020000000000000DA
:10D2F000000000000000000000000000000000002E
:10D30000000000000000000000000000000000001D
:10D31000000000000000000000000000000000000D
:10D3200000000000000000000000000000000000FD
:10D3300000000000000000000000000000000000ED
:10D3400000000000000000000000000000000000DD
:10D3500000000000000000000000428BCF9F530E31
:10D360003A8D3A2A29A72145210421042987190445
:10D370006BD1CF7F214600000000000000000000BC
:10D38000000000000000000000000000000000009D
:10D39000000000000000000000000000000000008D
:10D3A000000000000000000000000000000000007D
:10D3B000000000000000000000000000000000006D
:10D3C000000000000000000000000000000000C499
:10D3D0001519059C0DDC363D3C9522AC11870926BC
:10D3E00011871ACE3CF74E7E4E1D3DFC367F130E44
:10D3F000000000000000000000000000000000002D
:10D40000000000000000000000000000000000001C
:10D41000000000000000000000000000000000000C
:10D4200000000000000000000000000000000000FC
:10D4300000000000000000000000000000000000EC
:10D4400000000000000000000000000000000000DC
:10D4500000000000000000000000000000000000CC
:10D4600000000000000000000000000000000000BC
:10D4700000000000000000000000000000000000AC
:10D48000000000000000000000000000000000009C
:10D49000000000000000000000000000000000008C
:10D4A000000000000000000000000000000000007C
:10D4B0000000000000004A8BBE9C3A0900000000FA
:10D4C00008416BD0B65B10A3000000000000000014
:10D4D000000000000000000000000000000000004C
:10D4E000000000000000000000000000000000003C
:10D4F000000000000000000000000000000000002C
:10D50000000000000000000000000000000000001B
:10D51000000000000000000000000000000000000B
:10D5200000000000000000000000000000000000FB
:10D53000000000000000000000004AACD79F3A6CD9
:10D540006D1D6D3E64BA5417437329EB0000000053
:10D550004AEDD7BF21460000000000000000000097
:10D5600000000000000000000000000000000000BB
:10D5700000000000000000000000000000000000AB
:10D58000000000000000000000000000000000009B
:10D59000000000000000000000000000000000008B
:10D5A000000000000000000000000000004114D74F
:10D5B000057C05BC257A19C80000000000000000A9
:10D5C0000000000000001A4B45DC463D2DDC2E5EBD
:10D5D000122A00000000000000000000000000000F
:10D5E000000000000000000000000000000000003B
:10D5F000000000000000000000000000000000002B
:10D60000000000000000000000000000000000001A
:10D61000000000000000000000000000000000000A
:10D6200000000000000000000000000000000000FA
:10D6300000000000000000000000000000000000EA
:10D6400000000000000000000000000000000000DA
:10D6500000000000000000000000000000000000CA
:10D6600000000000000000000000000000000000BA
:10D6700000000000000000000000000000000000AA
:10D68000000000000000000000000000000000009A
:10D690000000000018A3B67B190400000000000081
:10D6A00000000000638F95360000000000000000BD
:10D6B000000000000000000000000000000000006A
:10D6C000000000000000000000000000000000005A
:10D6D000000000000000000000000000000000004A
:10D6E000000000000000000000000000000000003A
:10D6F000000000000000000000000000000000002A
:10D700000000000000000000000000000000000019
:10D71000000000000000000000004AACD79F42ADAE
:10D720006D5E7DDF7DDF7DFF867F64BA00000000D7
:10D73000530DD7BF2166000000000000000000006C
:10D7400000000000000000000000000000000000D9
:10D7500000000000000000000000000000000000C9
:10D7600000000000000000000000000000000000B9
:10D7700000000000000000000000000000000000A9
:10D78000000000000000000000000000135005BD74
:10D79000059C1D38088300000020002100200000A7
:10D7A0000020002000000000090545BB3E3D1DFD96
:10D7B0001D9B00830000000000000000000000002E
:10D7C0000000000000000000000000000000000059
:10D7D0000000000000000000000000000000000049
:10D7E0000000000000000000000000000000000039
:10D7F0000000000000000000000000000000000029
:10D800000000000000000000000000000000000018
:10D810000000000000000000000000000000000008
:10D8200000000000000000000000000000000000F8
:10D8300000000000000000000000000000000000E8
:10D8400000000000000000000000000000000000D8
:10D8500000000000000000000000000000000000C8
:10D8600000000000000000000000000000000000B8
:10D87000002000006BD07411000000400000000088
:10D88000002000000000A5D8214500000000000095
:10D890000000000000000000000000000000000088
:10D8A0000000000000000000000000000000000078
:10D8B0000000000000000000000000000000000068
:10D8C0000000000000000000000000000000000058
:10D8D0000000000000000000000000000000000048
:10D8E0000000000000000000000000000000000038
:10D8F000000000000000000000004AACD79F42ADCD
:10D900006D3D75BF759F757F7DDF5C580000000021
:10D91000530DD7BF214600000000000000000000AA
:10D9200000000000000000000000000000000000F7
:10D9300000000000000000000000000000000000E7
:10D9400000000000000000000000000000000000D7
:10D9500000000000000000000000000000000000C7
:10D96000000000000000000000001146265E0E1EB0
:10D970002DFD08E400000000000000000000000091
:10D98000000000000000000000001187463D1DDC83
:10D990000E3E1350000000210000000000000000B7
:10D9A0000000000000000000000000000000000077
:10D9B0000000000000000000000000000000000067
:10D9C0000000000000000000000000000000000057
:10D9D0000000000000000000000000000000000047
:10D9E0000000000000000000000000000000000037
:10D9F0000000000000000000000000000000000027
:10DA00000000000000000000000000000000000016
:10DA10000000000000000000000000000000000006
:10DA200000000000000000000000000000000000F6
:10DA300000000000000000000000000000000000E6
:10DA400000000000000000000000000000000000D6
:10DA50000000000095363A08000000200000000099
:10DA60000000002000007C73530D00000000000047
:10DA700000000000000000000000000000000000A6
:10DA80000000000000000000000000000000000096
:10DA90000000000000000000000000000000000086
:10DAA0000000000000000000000000000000000076
:10DAB0000000000000000000000000000000000066
:10DAC0000000000000000000000000000000000056
:10DAD000000000000000000000004A8BCF9F4B0FA9
:10DAE0006D7F75BF759F759F7DFF5C5800000000BE
:10DAF000530DD7BF214600000000000000000000C9
:10DB00000000000000000000000000000000000015
:10DB10000000000000000000000000000000000005
:10DB200000000000000000000000000000000000F5
:10DB300000000000000000000000000000000000E5
:10DB40000000000000000000000011C823902350D6
:10DB500019E9000000621107110710E710E710E74C
:10DB6000110710E710E610E7006200001B912E5F1E
:10DB70000DDD0D5A00410000000000000000000013
:10DB80000000000000000000000000000000000095
:10DB90000000000000000000000000000000000085
:10DBA0000000000000000000000000000000000075
:10DBB0000000000000000000000000000000000065
:10DBC0000000000000000000000000000000000055
:10DBD0000000000000000000000000000000000045
:10DBE0000000000000000000000000000000000035
:10DBF0000000000000000000000000000000000025
:10DC00000000000000000000000000000000000014
:10DC10000000000000000000000000000000000004
:10DC200000000000000000000000000000000000F4
:10DC3000000000009D572986000000000000000041
:10DC40000000000000006BD0638F000000000000A7
:10DC500000000000000000000000000000000000C4
:10DC600000000000000000000000000000000000B4
:10DC700000000000000000000000000000000000A4
:10DC80000000000000000000000000000000000094
:10DC90000000000000000000000000000000000084
:10DCA0000000000000000000000000000000000074
:10DCB000000000000000000000004AACCF7F53309D
:10DCC0006D7F75BF759F759F7DFF5C5800000000DC
:10DCD000530DD7BF214600000000000000000000E7
:10DCE0000000000000000000000000000000000034
:10DCF0000000000000000000000000000000000024
:10DD00000000000000000000000000000000000013
:10DD10000000000000000000000000000000000003
:10DD200000000000000000000000000000000000F3
:10DD30000000000019276CFF5CBF64DF5C9F6CDF94
:10DD40005C9F64BF5C9F6CFF1969000008E515DCEF
:10DD50000DBD059C0ACE0A2B0A6C000000000000D5
:10DD600000000000000000000000000000000000B3
:10DD700000000000000000000000000000000000A3
:10DD80000000000000000000000000000000000093
:10DD90000000000000000000000000000000000083
:10DDA0000000000000000000000000000000000073
:10DDB0000000000000000000000000000000000063
:10DDC0000000000000000000000000000000000053
:10DDD0000000000000000000000000000000000043
:10DDE0000000000000000000000000000000000033
:10DDF0000000000000000000000000000000000023
:10DE00000000000000000000000000000000000012
:10DE1000002000009536320A006210C408C408C40D
:10DE200008C410C400217412636E000000200000BA
:10DE300000000000000000000000000000000000E2
:10DE400000000000000000000000000000000000D2
:10DE500000000000000000000000000000000000C2
:10DE600000000000000000000000000000000000B2
:10DE700000000000000000000000000000000000A2
:10DE80000000000000000000000000000000000092
:10DE9000000000000000002000004AACCF9F4B3083
:10DEA000757F75BF759F759F7DFF5C5800000000F2
:10DEB000530DD7BF21460000000000000000000005
:10DEC0000000000000000000000000000000000052
:10DED0000000000000000000000000000000000042
:10DEE0000000000000000000000000000000000032
:10DEF0000000000000000000000000000000000022
:10DF000000000000000000000000004200200000AF
:10DF1000002100002167B69F857EAE7F857EAE7FA3
:10DF2000857EAE7F855EB69F322B03510C56059BD6
:10DF300005BD055B055C0E1F0ACE00000000000059
:10DF400000000000000000000000000000000000D1
:10DF500000000000000000000000000000000000C1
:10DF600000000000000000000000000000000000B1
:10DF700000000000000000000000000000000000A1
:10DF80000000000000000000000000000000000091
:10DF90000000000000000000000000000000000081
:10DFA0000000000000000000000000000000000071
:10DFB0000000000000000000000000000000000061
:10DFC0000000000000000000000000000000000051
:10DFD0000000000000000000000000000000000041
:10DFE0000000000000000000000000000000000031
:10DFF000000008625CB85CDA54BA54DA54DA54DAD5
:10E0000054DA54DA54B9653B437100000000000053
:10E0100000200000000000000000000000000000E0
:10E0200000000000000000000000000000000000F0
:10E0300000000000000000000000000000000000E0
:10E0400000000000000000000000000000000000D0
:10E0500000000000000000000000000000000000C0
:10E0600000000000000000000000000000000000B0
:10E07000000000000000000000004AACD77F5330D1
:10E080006D9F75BF759F759F7DFF5C5800000000F8
:10E09000530DD7BF21460000000000000000000023
:10E0A0000000000000000000000000000000000070
:10E0B0000000000000000000000000000000000060
:10E0C0000000000000000000000000000000000050
:10E0D0000000000000000000000000000000000040
:10E0E000000000000000000000000BD403520000FC
:10E0F000000000002127855E6CDE853E6CDE853EDB
:10E100006CDE855E6CDE8DBF296902AD0DDE055BC0
:10E11000055B051B055B0C560000000000000000BD
:10E1200000000000000000000000000000000000EF
:10E1300000000000000000000000000000000000DF
:10E1400000000000000000000000000000000000CF
:10E1500000000000000000000000000000000000BF
:10E1600000000000000000000000000000000000AF
:10E17000000000000000000000000000000000009F
:10E18000000000000000000000000000000000008F
:10E19000000000000000000000000000000000007F
:10E1A000000000000000000000000000000000006F
:10E1B000000000000000000000000000000000005F
:10E1C000000000000000000000000000000000004F
:10E1D000000043F5551C54DA54FA54DA54DA54BAB0
:10E1E00054DB54DA54FA54BA553C226D0000000056
:10E1F000000000000000000000000000000000001F
:10E20000000000000000000000000000000000000E
:10E2100000000000000000000000000000000000FE
:10E2200000000000000000000000000000000000EE
:10E2300000000000000000000000000000000000DE
:10E2400000000000000000000000000000000000CE
:10E25000000000000000000000004AACCF7F4B30FF
:10E26000757F75BF759F759F7DFF5C58000000002E
:10E27000530DD7BF21460000000000000000000041
:10E28000000000000000000000000000000000008E
:10E29000000000000000000000000000000000007E
:10E2A000000000000000000000000000000000006E
:10E2B000000000000000000000000000000000005E
:10E2C00000000000000000000A0B051C051B0B727B
:10E2D000000000002167A61F7D3E9E1F7D3E9DFF22
:10E2E0007D3E9DFF7D3EA65F29A900000A6D055C6D
:10E2F000051A04FA0D7C0167000000000000000010
:10E30000000000000000000000000000000000000D
:10E3100000000000000000000000000000000000FD
:10E3200000000000000000000000000000000000ED
:10E3300000000000000000000000000000000000DD
:10E3400000000000000000000000000000000000CD
:10E3500000000000000000000000000000000000BD
:10E3600000000000000000000000000000000000AD
:10E37000000000000000000000000000000000009D
:10E38000000000000000000000000000000000008D
:10E39000000000000000000000000000000000007D
:10E3A000000000000000000000000000000000006D
:10E3B00021CA5D3C54DA54DA4C9A54BA651A6D3B62
:10E3C0005CFA4C9A4CBA54DA54FA4459194618C3B8
:10E3D00018E318C318C318E318E318E318E318C3C5
:10E3E00018C318E310A300000000000000000000A4
:10E3F000000000000000000000000000000000001D
:10E40000000000000000000000000000000000000C
:10E4100000000000000000000000000000000000FC
:10E4200000000000000000000000000000000000EC
:10E43000000000000000000000004AACCF7F533015
:10E44000757F75BF759F759F7DDF5C58000000006C
:10E45000530DD7BF2146000000000000000000005F
:10E4600000000000000000000000000000000000AC
:10E47000000000000000000000000000000000009C
:10E48000000000000000000000000000000000008C
:10E49000000000000000000000000000000000007C
:10E4A00000000000000000830C9804BA0479051BEA
:10E4B0000BB30000212695DF751E95BE751E95BE17
:10E4C000751E95BE751E9E1F29A9000000000A2B0F
:10E4D000055C05DE0B50000000000000000000009D
:10E4E000000000000000000000000000000000002C
:10E4F000000000000000000000000000000000001C
:10E50000000000000000000000000000000000000B
:10E5100000000000000000000000000000000000FB
:10E5200000000000000000000000000000000000EB
:10E5300000000000000000000000000000000000DB
:10E5400000000000000000000000000000000000CB
:10E5500000000000000000000000000000000000BB
:10E5600000000000000000000000000000000000AB
:10E57000000000000000000000000000000000009B
:10E58000000000000000000000000000000000008B
:10E590003AF05D3C4CBA54DA961CCF1ED73ECF1EE3
:10E5A000D73EC6FE7D9B4CBA54FA3C79961CE75E7A
:10E5B000DF3EE73EDF3EDF3EDF3EDF5EDF5EDF5E0B
:10E5C000DF5EDF3DE77E7C320000000000000000DF
:10E5D000000000000000000000000000000000003B
:10E5E000000000000000000000000000000000002B
:10E5F000000000000000000000000000000000001B
:10E60000000000000000000000000000000000000A
:10E61000000000000000000000004AACCF9F4B301B
:10E62000757F75BF759F759F7DFF5C58000000006A
:10E63000530DD7BF2146000000000000000000007D
:10E6400000000000000000000000000000000000CA
:10E6500000000000000000000000000000000000BA
:10E6600000000000000000000000000000000000AA
:10E67000000000000000000000000000000000009A
:10E680000000000000000B3004FB049904DA04B918
:10E69000059E041521A995BF751E8DBE8DBE8D9E4C
:10E6A0008DBF8D7E6CDE95DF298900000020000083
:10E6B0000A2B14B8006200000000000000000000F7
:10E6C000000000000000000000000000000000004A
:10E6D000000000000000000000000000000000003A
:10E6E000000000000000000000000000000000002A
:10E6F000000000000000000000000000000000001A
:10E700000000000000000000000000000000000009
:10E7100000000000000000000000000000000000F9
:10E7200000000000000000000000000000000000E9
:10E7300000000000000000000000000000000000D9
:10E7400000000000000000000000000000000000C9
:10E7500000000000000000000000000000000000B9
:10E7600000000000000000000000000000000000A9
:10E770003B105D1B651ACF1EC6FE7D7B6D3A6D3A60
:10E780006D3A8DFBDF5EAE5C54FA3C59961CEF9FF0
:10E79000EF9FE77FE77FEF9FE79FEF9FEF9FE77F89
:10E7A000E79FEF9FEF9FDF7F214500000000000003
:10E7B0000000000000000000000000000000000059
:10E7C0000000000000000000000000000000000049
:10E7D0000000000000000000000000000000000039
:10E7E0000000000000000000000000000000000029
:10E7F000000000000000000000004AACCF7F533052
:10E800006D7F75BF759F75BF75BF5C5800000000B8
:10E81000530DD7BF2146000000000000000000009B
:10E8200000000000000000000000000000000000E8
:10E8300000000000000000000000000000000000D8
:10E8400000000000000000000000000000000000C8
:10E8500000000000000000000000000000000000B8
:10E860000000000009A90D9D04FA04DA04FA051B52
:10E870000BB4028E2A2BAE3F855EAE5FAE5FAE5FFD
:10E88000AE5FA65F7D5EB6BF31C90000002000000C
:10E890000000002100000000000000000000000057
:10E8A0000000000000000000000000000000000068
:10E8B0000000000000000000000000000000000058
:10E8C0000000000000000000000000000000000048
:10E8D0000000000000000000000000000000000038
:10E8E0000000000000000000000000000000000028
:10E8F0000000000000000000000000000000000018
:10E900000000000000000000000000000000000007
:10E9100000000000000000000000000000000000F7
:10E9200000000000000000000000000000000000E7
:10E9300000000000000000000000000000000000D7
:10E9400000000000000000000000000000000000C7
:10E950003B1054FBAE9CA65D5CFAB69DCF1ECF1E4D
:10E96000CF1E961C5CFAC6FE85DC3439961CE77E09
:10E97000EFBFA65CA65CEFBFE77EE77EE77F85BBC7
:10E98000D73EE77EE77ED75F31C70000002000005A
:10E990000000000000000000000000000000000077
:10E9A0000000000000000000000000000000000067
:10E9B0000000000000000000000000000000000057
:10E9C0000000000000000000000000000000000047
:10E9D000000000000000000000004AACCF7F4B1098
:10E9E0006D7F75BF6D5D3A8E218953D500000000A3
:10E9F000530DD7BF214600000000000000000000BA
:10EA00000000000000000000000000000000000006
:10EA100000000000000000000000000000000000F6
:10EA200000000000000000000000000000000000E6
:10EA300000000000000000000000000000000000D6
:10EA40000000000009A8020B01EA051A04FA057C7F
:10EA500009C9000010E65C7F545E5C5E5C5E5C5E33
:10EA60005C7E5C7E545E64BF1949000000000000BB
:10EA70000000000000000000000000000000000096
:10EA80000000000000000000000000000000000086
:10EA90000000000000000000000000000000000076
:10EAA0000000000000000000000000000000000066
:10EAB0000000000000000000000000000000000056
:10EAC0000000000000000000000000000000000046
:10EAD0000000000000000000000000000000000036
:10EAE0000000000000000000000000000000000026
:10EAF0000000000000000000000000000000000016
:10EB00000000000000000000000000000000000005
:10EB100000000000000000000000000000000000F5
:10EB200000000000000000000000000000000000E5
:10EB30003B105D3C54BA6D5ADF7F9E3C6D3A6D5A76
:10EB4000755ABEDDC6FE54DA5CFB3C5995FCEF9F5E
:10EB50008DBB653B653B85BBEFBFC6FD6D5A6D3A0E
:10EB60006D3AB69DEFBFD75F29A7000000200000D7
:10EB70000000000000000000000000000000000095
:10EB80000000000000000000000000000000000085
:10EB90000000000000000000000000000000000075
:10EBA0000000000000000000000000000000000065
:10EBB000000000000000000000004AACCF7F4B2F97
:10EBC0006D7F75BF759F6D3D6D3C5C58000000000A
:10EBD000530DD7BF214600000000000000000000D8
:10EBE0000000000000000000000000000000000025
:10EBF0000000000000000000000000000000000015
:10EC00000000000000000000000000000000000004
:10EC100000000000000000000000000000000000F4
:10EC2000000000000000000000000C35057C055CC1
:10EC30000C770000002108C608C608C608C610C622
:10EC400010C710E710E710E70042000000E50A8E49
:10EC50000ACF09EA000000000000000000000000E8
:10EC600000000000000000000000000000000000A4
:10EC70000000000000000000000000000000000094
:10EC80000000000000000000000000000000000084
:10EC90000000000000000000000000000000000074
:10ECA0000000000000000000000000000000000064
:10ECB0000000000000000000000000000000000054
:10ECC0000000000000000000000000000000000044
:10ECD0000000000000000000000000000000000034
:10ECE0000000000000000000000000000000000024
:10ECF0000000000000000000000000000000000014
:10ED00000000000000000000000000000000000003
:10ED10003B105D3C4CB9757B7D7B7D9BCF1ECF1E30
:10ED2000BEDD6D3A85BB5D1A54DA3C5995FCEF9F08
:10ED3000D73E54DA54BACF3EEF9FEFBFA65C3C59A2
:10ED400085BBEFBFE77ED75F31A700000020000042
:10ED500000000000000000000000000000000000B3
:10ED600000000000000000000000000000000000A3
:10ED70000000000000000000000000000000000093
:10ED80000000000000000000000000000000000083
:10ED9000000000000000000000004AACD79F4B0FAD
:10EDA0006D7F75BF759F759F7E1F5C5800000000CA
:10EDB000530DD7BF214600000000000000000000F6
:10EDC0000000000000000000000000000000000043
:10EDD0000000000000000000000000000000000033
:10EDE0000000000000000000000000000000000023
:10EDF0000000000000000000000000000000000013
:10EE00000000000000000020000009EA05BD051B0D
:10EE100005BD0AEE00000000000000000000000038
:10EE20000000000000000000000000000BF504FBE3
:10EE3000055D09EA0000000000000000000000007D
:10EE400000000000000000000000000000000000C2
:10EE500000000000000000000000000000000000B2
:10EE600000000000000000000000000000000000A2
:10EE70000000000000000000000000000000000092
:10EE80000000000000000000000000000000000082
:10EE90000000000000000000000000000000000072
:10EEA0000000000000000000000000000000000062
:10EEB0000000000000000000000000000000000052
:10EEC0000000000000000000000000000000000042
:10EED0000000000000000000000000000000000032
:10EEE0000000000000000000000000000000000022
:10EEF0003B105D3C54DA4CBA5CFAC6FE7D9B651A49
:10EF00009E3CAE9D447954DA5CFB3C5995FCEFBFC6
:10EF100095FB7D9B7D9B8DDBEFBFD73E6D3A95FCCE
:10EF20006D3AC6DDEF9FD75F31A7000000200000DB
:10EF300000000000000000000000000000000000D1
:10EF400000000000000000000000000000000000C1
:10EF500000000000000000000000000000000000B1
:10EF600000000000000000000000000000000000A1
:10EF7000000000000000002000004AACCF7F4B0FD3
:10EF80006D7F75BF75BF759F7DDF5C580000000009
:10EF9000530ED7BF21460000000000000000000013
:10EFA0000000000000000000000000000000000061
:10EFB0000000000000000000000000000000000051
:10EFC0000000000000000000000000000000000041
:10EFD0000000000000000000000000000000000031
:10EFE0000000000000000000000000000C5505BDFE
:10EFF000053B057C0A6C00000000002000010000B9
:10F00000000000210020000000000B3104BA04BA07
:10F010000BB3000000000000000000000000000032
:10F0200000000000000000000000000000000000E0
:10F0300000000000000000000000000000000000D0
:10F0400000000000000000000000000000000000C0
:10F0500000000000000000000000000000000000B0
:10F0600000000000000000000000000000000000A0
:10F070000000000000000000000000000000000090
:10F080000000000000000000000000000000000080
:10F090000000000000000000000000000000000070
:10F0A0000000000000000000000000000000000060
:10F0B0000000000000000000000000000000000050
:10F0C0000000000000000000000000000000000040
:10F0D0003B105D3C54DA54DA54FA4CBA9E3CD73EAD
:10F0E0006D5B4CBA54FA54DA54FA3C5995FCE79EDD
:10F0F000A63CDF5EDF5EA65CEF9ECEFDAE5CF7DF7A
:10F10000B69DBEDDE77ECF3F31A7000000200000A6
:10F1100000000000000000000000000000000000EF
:10F1200000000000000000000000000000000000DF
:10F1300000000000000000000000000000000000CF
:10F1400000000000000000000000000000000000BF
:10F15000000000000000000000004AACCF9F4B0FF1
:10F160006D7E75BF759F759F7DFF5C580000000028
:10F17000530DD7BF21460000000000000000000032
:10F18000000000000000000000000000000000007F
:10F19000000000000000000000000000000000006F
:10F1A000000000000000000000000000000000005F
:10F1B000000000000000000000000000000000004F
:10F1C00000000000000000000000000000E40D7BD3
:10F1D000059C051A057C0B31008200000000000030
:10F1E00000000000000000C40B9404BA04990CB99C
:10F1F00000A300000000000000000000000000006C
:10F2000000000000000000000000000000000000FE
:10F2100000000000000000000000000000000000EE
:10F2200000000000000000000000000000000000DE
:10F2300000000000000000000000000000000000CE
:10F2400000000000000000000000000000000000BE
:10F2500000000000000000000000000000000000AE
:10F26000000000000000000000000000000000009E
:10F27000000000000000000000000000000000008E
:10F28000000000000000000000000000000000007E
:10F29000000000000000000000000000000000006E
:10F2A000000000000000000000000000000000005E
:10F2B0003B105D3C54DA54DA54DA651AE79FE77E76
:10F2C000AE7D4CDA54FA54DA54FB3C599E5EEFDFC3
:10F2D000EFDFE7DFE7DFEFFFE7BFE7DFEFFFE7BFE6
:10F2E000EFDFE7DFDFBFB67B108200000000000029
:10F2F000000000000000000000000000000000000E
:10F3000000000000000000000000000000000000FD
:10F3100000000000000000000000000000000000ED
:10F3200000000000000000000000000000000000DD
:10F33000000000000000000000004AACD79F4B0F07
:10F340006D7E75BF759F759F7DFF5C580000000046
:10F35000530DD7BF21460000000000000000000050
:10F36000000000000000000000000000000000009D
:10F37000000000000000000000000000000000008D
:10F38000000000000000000000000000000000007D
:10F39000000000000000000000000000000000006D
:10F3A00000000000000000000000000000000988CC
:10F3B0000D9C057C04FA055C0CD90B3009CA014789
:10F3C000014709EA0B510CD904DA04DA0CFA0947AF
:10F3D000000000000000000000000000000000002D
:10F3E000000000000000000000000000000000001D
:10F3F000000000000000000000000000000000000D
:10F4000000000000000000000000000000000000FC
:10F4100000000000000000000000000000000000EC
:10F4200000000000000000000000000000000000DC
:10F4300000000000000000000000000000000000CC
:10F4400000000000000000000000000000000000BC
:10F4500000000000000000000000000000000000AC
:10F46000000000000000000000000000000000009C
:10F47000000000000000000000000000000000008C
:10F48000000000000000000000000000000000007C
:10F490003AF05D3C54BA54DA54DA54DAA65DC71E29
:10F4A00085BB4CBA54DA54DA54DA345964347411E2
:10F4B0006C117411741173F1741173F173F174118F
:10F4C00073F1741173F12145000000000000000089
:10F4D000000000000000000000000000000000002C
:10F4E000000000000000000000000000000000001C
:10F4F000000000000000000000000000000000000C
:10F5000000000000000000000000000000000000FB
:10F51000000000000000000000004AACCF9F4B0F2D
:10F520006D7E75BF759F759F7DFF5C580000000064
:10F53000530DD7BF2146000000000000000000006E
:10F5400000000000000000000000000000000000BB
:10F5500000000000000000000000000000000000AB
:10F56000000000000000000000000000000000009B
:10F57000000000000000000000000000000000008B
:10F58000000000000000000000000000000000007B
:10F5900009670D1A05BD051A04FA055C053B051B34
:10F5A000051A053B051B04DA053C0C9801260000F2
:10F5B000000000000000000000000000000000004B
:10F5C000000000000000000000000000000000003B
:10F5D000000000000000000000000000000000002B
:10F5E000000000000000000000000000000000001B
:10F5F000000000000000000000000000000000000B
:10F6000000000000000000000000000000000000FA
:10F6100000000000000000000000000000000000EA
:10F6200000000000000000000000000000000000DA
:10F6300000000000000000000000000000000000CA
:10F6400000000000000000000000000000000000BA
:10F6500000000000000000000000000000000000AA
:10F66000000000000000000000000000000000009A
:10F6700021CA5D3C54B954DA54DA54DA54DA651AC2
:10F6800054DA54DA54DA54DA449A34390021000056
:10F69000000000000000000000000000000000006A
:10F6A000000000000000000000000000000000005A
:10F6B000000000000000000000000000000000004A
:10F6C000000000000000000000000000000000003A
:10F6D000000000000000000000000000000000002A
:10F6E000000000000000000000000000000000001A
:10F6F000000000000000000000004AACCF9F4AEF6D
:10F700006D5E75BF75BF759F7DFF5C580000000082
:10F71000530DD7BF2146000000000000000000008C
:10F7200000000000000000000000000000000000D9
:10F7300000000000000000000000000000000000C9
:10F7400000000000000000000000000000000000B9
:10F7500000000000000000000000000000000000A9
:10F760000000000000000000000000000000000099
:10F77000000000820B710D5B05BD057C053B051B80
:10F78000053B053C055C0D1A0B30006200000000D3
:10F790000000000000000000000000000000000069
:10F7A0000000000000000000000000000000000059
:10F7B0000000000000000000000000000000000049
:10F7C0000000000000000000000000000000000039
:10F7D0000000000000000000000000000000000029
:10F7E0000000000000000000000000000000000019
:10F7F0000000000000000000000000000000000009
:10F8000000000000000000000000000000000000F8
:10F8100000000000000000000000000000000000E8
:10F8200000000000000000000000000000000000D8
:10F8300000000000000000000000000000000000C8
:10F8400000000000000000000000000000000000B8
:10F85000000043F5553C54DA54DA54DA54DA54DAF9
:10F8600054DA54DA54DA449A3CBC224D00000020A9
:10F870000000000000000000000000000000000088
:10F880000000000000200000000000000000000058
:10F890000000000000000000000000000000000068
:10F8A0000000000000000000000000000000000058
:10F8B0000000000000000000000000000000000048
:10F8C0000000000000000000000000000000000038
:10F8D000000000000000000000004AACCF9F4AEF8B
:10F8E0006D5E75BF759F759F7DDF5C5800000000E1
:10F8F000530DD7BF214600000000000000000000AB
:10F9000000000000000000000000000000000000F7
:10F9100000000000000000000000000000000000E7
:10F9200000000000000000000000000000000000D7
:10F9300000000000000000000000000000000000C7
:10F9400000000000000000000000000000000000B7
:10F9500000000000000000C40A8D0BD30C770C9847
:10F960000C560BB3026C00C4000000000000000045
:10F970000000000000000000000000000000000087
:10F980000000000000000000000000000000000077
:10F990000000000000000000000000000000000067
:10F9A0000000000000000000000000000000000057
:10F9B0000000000000000000000000000000000047
:10F9C0000000000000000000000000000000000037
:10F9D0000000000000000000000000000000000027
:10F9E0000000000000000000000000000000000017
:10F9F0000000000000000000000000000000000007
:10FA000000000000000000000000000000000000F6
:10FA100000000000000000000000000000000000E6
:10FA200000000000000000000000000000000000D6
:10FA30000000086333323C383C383C383C583C5872
:10FA40003C383C383C593417224D0000000000007F
:10FA500000000000000000000000000000000000A6
:10FA60000000000000000000000000000000000096
:10FA70000000000000000000000000000000000086
:10FA80000000000000000000000000000000000076
:10FA90000000000000000000000000000000000066
:10FAA0000000000000000000000000000000000056
:10FAB000000000000000000000004AACCF9F4AEFA9
:10FAC0006D5E75BF759F759F7DFF5C5800000000DF
:10FAD000530DD7BF214600000000000000000000C9
:10FAE0000000000000000000000000000000000016
:10FAF0000000000000000000000000000000000006
:10FB000000000000000000000000000000000000F5
:10FB100000000000000000000000000000000000E5
:10FB200000000000000000000000000000000000D5
:10FB300000000000000000000000000000000021A4
:10FB400000000000000000000000000000000000B5
:10FB500000000000000000000000000000000000A5
:10FB60000000000000000000000000000000000095
:10FB70000000000000000000000000000000000085
:10FB80000000000000000000000000000000000075
:10FB90000000000000000000000000000000000065
:10FBA0000000000000000000000000000000000055
:10FBB0000000000000000000000000000000000045
:10FBC0000000000000000000000000000000000035
:10FBD0000000000000000000000000000000000025
:10FBE0000000000000000000000000000000000015
:10FBF0000000000000000000000000000000000005
:10FC000000000000000000000000000000000000F4
:10FC1000000000000000086208830883088308834E
:10FC200008830883088300420000000000000000F1
:10FC300000000000000000000000000000000000C4
:10FC400000000000000000000000000000000000B4
:10FC500000000000000000000000000000000000A4
:10FC60000000000000000000000000000000000094
:10FC70000000000000000000000000000000000084
:10FC80000000000000000000000000000000000074
:10FC9000000000000000000000004A8BCF7F4B2FC7
:10FCA00075DF7DFF75DF759F7DDF5C58000000000C
:10FCB000530DCF9F21450000000000000000000010
:10FCC0000000000000000000000000000000000034
:10FCD0000000000000000000000000000000000024
:10FCE0000000000000000000000000000000000014
:10FCF0000000000000000000000000000000000004
:10FD000000000000000000000000000000000000F3
:10FD100000000000000000000000000000000000E3
:10FD200000000000000000000000000000000000D3
:10FD300000000000000000000000000000000000C3
:10FD400000000000000000000000000000000000B3
:10FD500000000000000000000000000000000000A3
:10FD60000000000000000000000000000000000093
:10FD70000000000000000000000000000000000083
:10FD80000000000000000000000000000000000073
:10FD90000000000000000000000000000000000063
:10FDA0000000000000000000000000000000000053
:10FDB0000000000000000000000000000000000043
:10FDC0000000000000000000000000000000000033
:10FDD0000000000000000000000000000000000023
:10FDE0000000000000000000000000000000000013
:10FDF0000000000000000000000000000000000003
:10FE000000000000000000000000000000000000F2
:10FE100000000000000000000000000000000000E2
:10FE200000000000000000000000000000000000D2
:10FE300000000000000000000000000000000000C2
:10FE400000000000000000000000000000000000B2
:10FE500000000000000000000000000000000000A2
:10FE60000000000000000000000000000000000092
:10FE7000000000000000002000004ACCE7FF3A6BC1
:10FE80003AF05C796CFC759F863F649A0000000034
:10FE90005B2EE7FF2166000000000000000000006C
:10FEA0000000000000000000000000000000000052
:10FEB0000000000000000000000000000000000042
:10FEC0000000000000000000000000000000000032
:10FED0000000000000000000000000000000000022
:10FEE0000000000000000000000000000000000012
:10FEF0000000000000000000000000000000000002
:10FF000000000000000000000000000000000000F1
:10FF100000000000000000000000000000000000E1
:10FF200000000000000000000000000000000000D1
:10FF300000000000000000000000000000000000C1
:10FF400000000000000000000000000000000000B1
:10FF500000000000000000000000000000000000A1
:10FF60000000000000000000000000000000000091
:10FF70000000000000000000000000000000000081
:10FF80000000000000000000000000000000000071
:10FF90000000000000000000000000000000000061
:10FFA0000000000000000000000000000000000051
:10FFB0000000000000000000000000000000000041
:10FFC0000000000000000000000000000000000031
:10FFD0000000000000000000000000000000000021
:10FFE0000000000000000000000000000000000011
:10FFF0000000000000000000000000000000000001
:020000040803EF
:1000000000000000000000000000000000000000F0
:1000100000000000000000000000000000000000E0
:1000200000000000000000000000000000000000D0
:1000300000000000000000000000000000000000C0
:1000400000000000000000000000000000000000B0
:10005000000000000000000000001904530D10A271
:1000600000000000002110C5322C324C00000000BE
:10007000210552ED08820000000000000000000091
:100080000000000000000000000000000000000070
:100090000000000000000000000000000000000060
:1000A0000000000000000000000000000000000050
:1000B0000000000000000000000000000000000040
:1000C0000000000000000000000000000000000030
:1000D0000000000000000000000000000000000020
:1000E0000000000000000000000000000000000010
:1000F0000000000000000000000000000000000000
:1001000000000000000000000000000000000000EF
:1001100000000000000000000000000000000000DF
:1001200000000000000000000000000000000000CF
:1001300000000000000000000000000000000000BF
:1001400000000000000000000000000000000000AF
:10015000000000000000000000000000000000009F
:10016000000000000000000000000000000000008F
:10017000000000000000000000000000000000007F
:10018000000000000000000000000000000000006F
:10019000000000000000000000000000000000005F
:1001A000000000000000000000000000000000004F
:1001B000000000000000000000000000000000003F
:1001C000000000000000000000000000000000002F
:1001D000000000000000000000000000000000001F
:1001E000000000000000000000000000000000000F
:1001F00000000000000000000000000000000000FF
:1002000000000000000000000000000000000000EE
:1002100000000000000000000000000000000000DE
:1002200000000000000000000000000000000000CE
:1002300000000000000000000000000000000000BE
:10024000002000000000000000000000000000008E
:10025000000000000000000000000000000000009E
:10026000000000000000000000000000000000008E
:10027000000000000000000000000000000000007E
:10028000000000000000000000000000000000006E
:10029000000000000000000000000000000000005E
:1002A000000000000000000000000000000000004E
:1002B000000000000000000000000000000000003E
:1002C000000000000000000000000000000000002E
:1002D000000000000000000000000000000000001E
:1002E000000000000000000000000000000000000E
:1002F00000000000000000000000000000000000FE
:1003000000000000000000000000000000000000ED
:1003100000000000000000000000000000000000DD
:1003200000000000000000000000000000000000CD
:1003300000000000000000000000000000000000BD
:1003400000000000000000000000000000000000AD
:10035000000000000000000000000000000000009D
:10036000000000000000000000000000000000008D
:10037000000000000000000000000000000000007D
:10038000000000000000000000000000000000006D
:10039000000000000000000000000000000000005D
:1003A000000000000000000000000000000000004D
:1003B000000000000000000000000000000000003D
:1003C000000000000000000000000000000000002D
:1003D000000000000000000000000000000000001D
:1003E000000000000000000000000000000000000D
:1003F00000000000000000000000000000000000FD
:1004000000000000000000000000000000000000EC
:1004100000000000000000000000000000200000BC
:1004200000000000000000000000000000000000CC
:10043000000000200000000000000000000000009C
:1004400000000000000000000000000000000000AC
:10045000000000000000000000000000000000009C
:10046000000000000000000000000000000000008C
:10047000000000000000000000000000000000007C
:10048000000000000000000000000000000000006C
:10049000000000000000000000000000000000005C
:1004A000000000000000000000000000000000004C
:1004B000000000000000000000000000000000003C
:1004C000000000000000000000000000000000002C
:1004D000000000000000000000000000000000001C
:1004E000000000000000000000000000000000000C
:1004F00000000000000000000000000000000000FC
:1005000000000000000000000000000000000000EB
:1005100000000000000000000000000000000000DB
:1005200000000000000000000000000000000000CB
:1005300000000000000000000000000000000000BB
:1005400000000000000000000000000000000000AB
:10055000000000000000000000000000000000009B
:10056000000000000000000000000000000000008B
:10057000000000000000000000000000000000007B
:10058000000000000000000000000000000000006B
:10059000000000000000000000000000000000005B
:1005A000000000000000000000000000000000004B
:1005B000000000000000000000000000000000003B
:1005C000000000000000000000000000000000002B
:1005D000000000000000000000000000000000001B
:1005E000000000000000000000000000000000000B
:1005F00000000000000000000000000000000000FB
:1006000000000000000000000000000000000000EA
:1006100000000000000000000000000000000000DA
:1006200000000000000000000000000000000000CA
:1006300000000000000000000000000000000000BA
:1006400000000000000000000000000000000000AA
:10065000000000000000000000000000000000009A
:10066000000000000000000000000000000000008A
:10067000000000000000000000000000000000007A
:10068000000000000000000000000000000000006A
:10069000000000000000000000000000000000005A
:1006A000000000000000000000000000000000004A
:1006B000000000000000000000000000000000003A
:1006C000000000000000000000000000000000002A
:1006D000000000000000000000000000000000001A
:1006E000000000000000000000000000000000000A
:1006F00000000000000000000000000000000000FA
:1007000000000000000000000000000000000000E9
:1007100000000000000000000000000000000000D9
:1007200000000000000000000000000000000000C9
:1007300000000000000000000000000000000000B9
:1007400000000000000000000000000000000000A9
:100750000000000000000000000000000000000099
:100760000000000000000000000000000000000089
:100770000000000000000000000000000000000079
:100780000000000000000000000000000000000069
:100790000000000000000000000000000000000059
:1007A0000000000000000000000000000000000049
:1007B0000000000000000000000000000000000039
:1007C0000000000000000000000000000000000029
:1007D0000000000000000000000000000000000019
:1007E0000000000000000000000000000000000009
:1007F00000000000000000000000000000000000F9
:1008000000000000000000000000000000000000E8
:1008100000000000000000000000000000000000D8
:1008200000000000000000000000000000000000C8
:1008300000000000000000000000000000000000B8
:1008400000000000000000000000000000000000A8
:100850000000000000000000000000000000000098
:100860000000000000000000000000000000000088
:100870000000000000000000000000000000000078
:100880000000000000000000000000000000000068
:100890000000000000000000000000000000000058
:1008A0000000000000000000000000000000000048
:1008B0000000000000000000000000000000000038
:1008C0000000000000000000000000000000000028
:1008D0000000000000000000000000000000000018
:1008E0000000000000000000000000000000000008
:1008F00000000000000000000000000000000000F8
:1009000000000000000000000000000000000000E7
:1009100000000000000000000000000000000000D7
:1009200000000000000000000000000000000000C7
:1009300000000000000000000000000000000000B7
:1009400000000000000000000000000000000000A7
:100950000000000000000000000000000000000097
:100960000000000000000000000000000000000087
:100970000000000000000000000000000000000077
:100980000000000000000000000000000000000067
:100990000000000000000000000000000000000057
:1009A0000000000000000000000000000000000047
:1009B0000000000000000000000000000000000037
:1009C0000000000000000000000000000000000027
:1009D0000000000000000000000000000000000017
:1009E0000000000000000000000000000000000007
:1009F00000000000000000000000000000000000F7
:100A000000000000000000000000000000000000E6
:100A100000000000000000000000000000000000D6
:100A200000000000000000000000000000000000C6
:100A300000000000000000000000000000000000B6
:100A400000000000000000000000000000000000A6
:100A50000000000000000000000000000000000096
:100A60000000000000000000000000000000000086
:100A70000000000000000000000000000000000076
:100A80000000000000000000000000000000000066
:100A90000000000000000000000000000000000056
:100AA0000000000000000000000000000000000046
:100AB0000000000000000000000000000000000036
:100AC0000000000000000000000000000000000026
:100AD0000000000000000000000000000000000016
:100AE0000000000000000000000000000000000006
:100AF00000000000000000000000000000000000F6
:100B000000000000000000000000000000000000E5
:100B100000000000000000000000000000000000D5
:100B200000000000000000000000000000000000C5
:100B300000000000000000000000000000000000B5
:100B400000000000000000000000000000000000A5
:100B50000000000000000000000000000000000095
:100B60000000000000000000000000000000000085
:100B70000000000000000000000000000000000075
:100B80000000000000000000000000000000000065
:100B90000000000000000000000000000000000055
:100BA0000000000000000000000000000000000045
:100BB0000000000000000000000000000000000035
:100BC0000000000000000000000000000000000025
:100BD0000000000000000000000000000000000015
:100BE00000000000002000000800080000020001D2
:100BF0000020104000000800000000A501CC0C7986
:100C00000E7F065E04D7012900450005000008009C
:100C1000002000210000080000000000004000004B
:100C2000000000000800000000010021000000009A
:100C30000041002302AF261C1E3E369F15DE1E3FDC
:100C4000159D2DDE2DBD022E00610020000000014B
:100C50000000000000000000000000000001000093
:100C600000000000000000000000002000641330BD
:100C700025FF1E7E15DB355A02B00B323D1A1DDDF5
:100C8000061E365F020A0041080000000000002036
:100C90000000000000000000000100000000000053
:100CA000000000000820002101EA3D9A15DE2DDB3E
:100CB0003D9900C60084006500A72539267E1E3EAA
:100CC00034D600E5080108000000004000000000E4
:100CD00008000000000100000020002000000800C3
:100CE00000000063461D159B1DBC010800020800A2
:100CF0000020000010210043020B161D1D7A4DBA82
:100D000000030800000000200000000000000000B8
:100D10000001000000200020000008000000008406
:100D200025FD161E14970003100108000020002066
:100D30000800000000021D5B161E2DDC0064000090
:100D4000000000000800000000000000000100009A
:100D5000000000000000000000000106261E15FE35
:100D600003310022000000000021002000200000CC
:100D700000010C57161F25FD008500000000000033
:100D8000080000000020000000000000000000003B
:100D9000000000000020016725FE1DDE01EB004081
:100DA000002000200001002100200000080002F0C7
:100DB00015DE25DE008500000000000008000000B0
:100DC00000200000002000000800080000000020B3
:100DD0000020018825BE25FF020C00001000002025
:100DE0000002000100200020000102F025FE2DFE7F
:100DF00000A600000020000008000800000000001D
:100E000000200000080008000000002000200188E9
:100E100025BE25DE022C000010000020002200016B
:100E20000000002000010AF025FE2E1E00A6000092
:100E30000000002000000000000100000000000091
:100E40000000000000000020000001883DDE2D9C15
:100E5000024B0002000100400000000000000020E2
:100E6000000012CF2DBC2DDB00A510430800002090
:100E7000004000400002000000210800000008209F
:100E80000002002300440066014D01AE00A70004EB
:100E9000000300020002000300030023000200C759
:100EA000018B014A0085004300010000000008009A
:100EB00000000000002108000000000100240129BA
:100EC000124E12D202D4033602B322F322D222D21D
:100ED0002AB22AB21AF31AF22AB22312033402F304
:100EE0001AD121EC090900010800080000000000E7
:100EF000000108000000000122D144BC3C7B343AD0
:100F00003C9C2C5C249D1C7C24BD349D349E349ED2
:100F10001CDE2CBE349E345C349E349F3C5E447D8B
:100F20004CDE223000030001000100000001080037
:100F30000000000244792C9E249F347E3C7D3C5D61
:100F40003CBE2CDD2C9D347D2C5C34DE24BD2C7D00
:100F5000345D349C2C9E2C7F2C9F1CDE1CBE44597F
:100F60000003000000200000000008000000002234
:100F7000447A249F249F2C7E3C7D3C5D3C5C34DE87
:100F80002C7D343C44FF2C7C247D347E44BF349C37
:100F90002C9E2C7F2C9E1CDE14DE44590002000087
:100FA0000020000000000000000100233C7B249F83
:100FB000249F2C9E2C9D347E4CDF349F44FF2BFCC1
:100FC0003CDD2C9C3CBE3C7F345F347D347E347EE3
:100FD000347D24BD24BD44590002000000000000FF
:100FE0000000000000220024445B2C9E2C9E2C9DBF
:100FF00024BE24BE1BFB34DE23FA0AF500C9012AF5
:1010000002304CBD243C2C9D2C9F2C7F347D349D84
:101010002C7D445A00030001000000000000000085
:1010200000220024445A347D347D2C9D24BE24BEED
:101030002CDD2CFD451E012C3D9B35380089449C40
:101040001C7B2CBD24BF249F349D349C2C9D445973
:101050000023000100000000000000000001000368
:10106000447A2C9D347D2C9E2C9E2C9D34BD3CFDC1
:1010700001ED357D163E1E3D355A12D02C9D2C9E1D
:101080002C9E2C9E347D2C9E2C9E445900220000C8
:101090000000000000000000000000023C7A2C9ECE
:1010A000347D2C9E2C9E347D3C9E34BC023035DD3C
:1010B0001DFF15DF35BB22D2347D2C9E2C9E2C9E2D
:1010C000347D2C9E249E4459000200000020000024
:1010D00000000000000000023C7A2C9E347D2C9E13
:1010E0002C9E2C9E3CBF349C237614771DDF1DFF65
:1010F00003723BB6349E2C9E2C9E2C9E347D2C9EDF
:10110000249E44590002000000200000000000005E
:10111000000000023C7A2C9E347D2C9E2C9E2C9E3E
:10112000243E3C5B34BC00871DFF15FF014A347A26
:1011300044DF2C9E2C9E2C9E347D2C9E249E445954
:10114000000200000020000000000000000000027B
:101150003C7A2C9E347D2C9E2C9E2C9E34BF3CBC15
:10116000347B022D2D7D3DFF00E944DC2C1B2C9DA2
:101170002C9E2C9E347D2C9E249E445900020000FF
:10118000002000000000000000000002449B2C9E94
:10119000347D2C9E2C9E2C9E2C9E2C7B3C5A2C36D7
:1011A000457D4D9E1B93447B347C2C9D2C9E2C9E18
:1011B000347D2C9E2C9F4C59000200000000000042
:1011C00000000000000000233C5A2C9E347D2C9E21
:1011D0002C9E2C9D245C2C7C2C5902710271020FD8
:1011E00002723C7B3CBD2C9D2C9E2C9E347D2C9E03
:1011F0002CBF443900020000000000000000000085
:10120000000000433C7A2C9E347D2C9E2C9E2C9D0D
:101210002C7D349E349C34BD347B44DD34BE347D1F
:10122000347D2C9D2C9E2C9E347D2C9E247E4C59EE
:101230000002000000000000000000000000006448
:1012400044BB2C9E347D2C9E2C9E2C9D349E349E23
:1012500034BE2C9E343B3C9D2C5E349E2C7E2C9DBB
:101260002C9E2C9E347D2C9E247E4C590002000026
:101270000000000000000000000000023BD7349D89
:10128000347D2C9E2C9E2C9E347E34BF243D245EC7
:10129000347E2C1D349F2C7F2C5E2C9E2C9E2C9DEE
:1012A000347D2C9E2C9D3374000100200000000032
:1012B000000000000000000000650AD41BB9349D46
:1012C0002C9E247E2C9E2C9E2C9E2C9E2C9E2C9EF6
:1012D0002C9E2C9E2C9E2C9E2C9D349D2C9E2C3A1C
:1012E0000251002300000000000000000000000088
:1012F00000000000000000000000000000000000EE
:1013000000210065018B23B634BA34BA23B5018BB2
:101310000065000000000000000000000000000068
:1013200000000000000000000000000000000000BD
:101330000000000000000000000000223BF43CB967
:101340003CBA3CBA34DB34DB3CBA3CBA44B93BD49B
:10135000002200000000000000000000000000006B
:10136000000000000000000000000000000000007D
:101370000000000001494C773CBA34DB34BB34DB5D
:1013800034BB34DB34DB34DB34DB3CBA4C77014830
:10139000000000000000000000000000000000004D
:1013A000000000000000000000000000000000003D
:1013B00044363CBA34DB34DB3CBA44B944984498F4
:1013C00044B93CBA34BB34DB3CBA443500000000BD
:1013D000000000000000000000000000000000000D
:1013E0000000000000000000000000643CB934DB95
:1013F00034DB4499231100230001002100232B1129
:10140000449934DB34DB3CB9006400000000000088
:1014100000000000000000000000000000000000CC
:101420000000000000001AAF3CBA34DB3CBA006593
:1014300000010000000000000000000100653CBA4F
:1014400034DB3CBA1AAF00000000000000000000CE
:10145000000000000000000000000000000000008C
:10146000000023113CBA34DB44B900230001000022
:101470000000000000000021004344B934BB3CBA26
:1014800022F000000000000000000000000000004A
:101490000000000000000000000000000000231118
:1014A0003CBA34DB44B90022000000000000000018
:1014B00000000000002244B934DB3CBA22F10000F5
:1014C000000000000000000000000000000000001C
:1014D0000000000000000000000023113CBA34DBD3
:1014E00044B90022000000000000000000000000DD
:1014F000002244B934DB3CBA22CF000000000000D7
:1015000000000000000000000000000000000000DB
:1015100000000000000023113CBA34DB44B9002273
:1015200000000000000000000000000000014C97D7
:101530003CBA44B90169000000000000000000004E
:10154000000000000000000000000000000000009B
:10155000000023113CBA34DB44B900220000000033
:10156000000000000000000000000022010700440D
:10157000000000000000000000000000000000006B
:101580000000000000000000000000000000231127
:101590003CBA34DB44B90022000000000000000027
:1015A000000000000000000000000000000000003B
:1015B000000000000000000000000000000000002B
:1015C0000000000000000000000023113CBA34DBE2
:1015D00044B90022000000000000000000000000EC
:1015E00000000000000000000000000000000000FB
:1015F00000000000000000000000000000000000EB
:1016000000000001002123323CBA34DB3CBA004424
:1016100000230022002200220022002200220022B9
:101620000022002200220021000100000000000032
:101630000000000000000000000000000168449865
:1016400044B93CBA34DB34DB34DB3CBA44B944B98A
:1016500044B944B944B944B944B944B944994499E2
:1016600044B944B84498014800000000000000005C
:101670000000000000000001547634DB34DB34DB72
:1016800034DB34DB34DB34DB34BB34BB34DB34DB22
:1016900034DB34DB34DB34DB34BB34BB34DB34DB12
:1016A00034DB545600010000000000000000000080
:1016B0000000002244B934DB34DB34DB34DB34DBC0
:1016C00034DB34DB3CBA44B94498449844B93CBA5E
:1016D00034DB34DB34DB34DB34DB34DB34DB4499C4
:1016E00000220000000000000000000000000022B6
:1016F00044B934DB34DB34DB34DB34DB34DB3CB99E
:101700003BF500230000000000233C153CB934BB2E
:1017100034DB34DB34DB34DB34DB4499002200007F
:1017200000000000000000000000002244B934DB8B
:1017300034DB34DB34DB34DB3CBA443700A6000155
:1017400000000000000100C644573CBB34DB34DB22
:1017500034DB34DB34DB449900220000000000005D
:10176000000000000000002244B934DB34DB34DB2D
:1017700034DB34DB3CBA0044000100000000000010
:101780000000000100443CBA34DB34DB34DB34DBE2
:1017900034DB44990022000000000000000000003B
:1017A0000000002244B934DB34DB34DB34DB34DBCF
:1017B00044B9002300010000000000000000000107
:1017C000002344B934DB34DB34DB34DB34DB4499D1
:1017D00000220000000000000000000000000022C5
:1017E00044B934DB34DB34DB34DB34DB44B9002391
:1017F000000100000000000000000001004344B9A7
:1018000034DB34DB34DB34DB34DB4499002200008E
:1018100000000000000000000000002244B934DB9A
:1018200034DB34DB34DB34DB3CBA1A8F00220000BB
:1018300000000000000000221AAF3CBA34DB34DBA9
:1018400034DB34DB34DB449900220000000000006C
:10185000000000000000002244B934DB34DB34DB3C
:1018600034DB34DB34DB3CBA4C7600210000000072
:1018700000214C773CBA34DB34DB34DB34DB34DB43
:1018800034DB44990022000000000000000000004A
:101890000000002244B934DB34DB34DB34DB34DBDE
:1018A00034DB3CBA44B900220000000000223CB9FD
:1018B0003CBA34DB34DB34DB34DB34DB34DB4499FB
:1018C00000220000000000000000000000000022D4
:1018D00044B934DB34DB34DB34DB34DB34DB34DBA2
:1018E00034DB002200000000002234DB34DB34DB78
:1018F00034DB34DB34DB34DB34DB4499002200009E
:10190000000000000000000000000022449934DBC9
:1019100034DB34DB34DB34DB34DB34DB34DB33B477
:101920000044002433D434DB34DB34DB34DB34DBFD
:1019300034DB34DB34DB44B900220000000000005B
:101940000000000000000022449934DB34DB34DB6B
:1019500034DB34DB34DB34DB34DB44B933723372F5
:1019600044B934DB34DB34DB34DB34DB34DB34DB11
:1019700034DB44B900220000000000000000000039
:10198000000000014C973CBA34DB34DB34DB34DB41
:1019900034DB34DB34DB34DB34DB34DB34DB34DBCF
:1019A00034DB34DB34DB34DB34DB34DB3CBA4C9704
:1019B0000001000000000000000000000000000026
:1019C000004323F634BA34DB34BB34DB34DB34DBA2
:1019D00034DB34DB34DB34DB34DB34DB34DB34DB8F
:1019E00034DB34DB34DB34BA23D6004300000000A0
:1019F0000000000084D584F584F584D58D156C3203
:101A000074525BB06BF16BF16BF16C116C116C117A
:101A10006BF063B06BD16BD16BF16BF16BD16BD1B0
:101A20006BF16BF16BB06BB06BB06BB06BB06BD03C
:101A30006BD06BD063B063B063D063D063D063D03E
:101A400063D063D063B063B063AF63AF63AF63AFC2
:101A500063AF63AF5BCF5BCF5BCF5BCF5BCF5BCF66
:101A60005BCF5BCF5BAF5BAF5BAF5BAF5BAF5BAFE6
:101A70005BAF5BAF63B0536F6BF1745274326C3217
:101A80006BF16BF184F584F584D57CD58D166C32C1
:101A900074525B8F5B8F5B8F5B8F5B8F5B8F63B0F1
:101AA00063D063B063B063B05B8F5B6F5B4F5B4EC3
:101AB0005B4F5B6F5B4E5B4E5B4E5B4E5B6E5B6E7C
:101AC0005B6E636E5B4F5B4F5B4F5B4F5B4F5B4E81
:101AD0005B4E5B4E5B4E534E5B4E5B4E5B4E5B4EC6
:101AE0005B4E534E534D534D534D534D534D534DEC
:101AF000534D534D534D534D534D534D534D534DE6
:101B0000534D534D534E5B906C1274326C326C11CA
:101B100063F16C1184F584D57CD57CD48D16745218
:101B20006C32534E0905092611461966196611468D
:101B300011461146218721871966196619661966AB
:101B4000196619662166216621662166216621864D
:101B50002186218619671967216719672167196727
:101B6000216719672187218721872187218721877D
:101B7000218721861986198619861986198619865C
:101B80001986198621A72186218619861986198624
:101B90001986198642AC63F174526C116C326BF188
:101BA00063D06C3284F584D57CD47CB48D36745388
:101BB0006C114B0D006300C5196621A81987090532
:101BC00000830062004200410062006200820082E5
:101BD00000820082008200820082008200820082F5
:101BE00000820082008300830083008300830083DF
:101BF0000083008308A408C408C408C308C308C33A
:101C000008C308C308A308A308A308A308A308A33C
:101C100008A308A310C308C308A308A308A308A324
:101C200008A308A33A4A6C32743263F174326BF140
:101C300063D16C1284F584F57CD47CB48D367453F6
:101C40006C1142ED092621A83A8B532E4B0D324AD6
:101C500021C81987090408C300A20082008200A2DB
:101C600008A208A208A208A208A208C208C208C2C4
:101C700008C208C208C308C408C408C408C408C409
:101C800010C408C410E410E410E4110410E410E4DB
:101C900010E410E318E418E418E418E418E418E475
:101CA00018E418E418E418E418E410E418C410E484
:101CB00018C410E43A4A74326C1163D174526C1136
:101CC0006C116BF184F584F584D57CB48D16745356
:101CD0006C1142ED00C411673A6B532D4B0D3A6BFA
:101CE000322932292A0821A6112408C200A200A103
:101CF00008A208A208A208A208A208A108C208C255
:101D000008C208A2088308A308A308A308A308A37D
:101D100008A308A308C308C310C310C310C310C38B
:101D200008C310C310C310C310C310C310C310C323
:101D300010C310C318C310C310C310A310A310C343
:101D400018C310C4428B6C3263F16BF174326BF1C7
:101D5000743263D184D5851584F57CB48D157453A4
:101D60006C3242ED00C519873A8B534E532E3A8B95
:101D70003A6A42AB3A69322829C7218619451924A3
:101D800010E308A208C208C208C208C208C210C2F2
:101D900010C210C208A2088308A308A308A310C396
:101DA00010C310C310C310C310C310C310C310C39B
:101DB00010C310C310C310C310C310C310C310C38B
:101DC00010C310C318C310C310C310C318C318C363
:101DD00018E310E442CC6C1163D174326C3263B0FE
:101DE000747363D184D5851684F57CB48CF57453F3
:101DF0006C324B0D00E5198842CC5B6F532E3A6B69
:101E00002A09324A3208320832283A28320829A6EA
:101E1000190408A208A208A208A208A208A208A2FF
:101E200008A208A208820882088208A310A310A3AF
:101E300010A310A310A310C310C310C210C210C26D
:101E400010C210C210A210A210A210A210A210A2C2
:101E500010A210A210C210C210C310C310C318E306
:101E600018E319044AEC6BF163F17C736C115B8F1E
:101E70007C936BF17CB484F584D57CB48D1574535C
:101E80006C324B0D00E521E942AC5B6F534E3A8B4F
:101E900042AB3A8B3A4A322932093209320931E8E7
:101EA00031E831C829C7214508C3006200620882B1
:101EB00008A310C310A310A2088208820882088217
:101EC00010A210A210A210A210A210A210A210A282
:101ED00010A210A210A210A210A210A210A210C252
:101EE00010C210C210C210C310C210A210C218E358
:101EF000190310E342AC6C126C116BF174326BF18C
:101F00006C116C117CB484F584D57CB48D1574533C
:101F10006C324B0D00E521C93A8B5B6F534E42ABDF
:101F200042AB3A6A3A4A3A2A320A3209320931E96C
:101F300031E929C831E929A821661926190510C4F3
:101F4000088300420862088210A210C310C310C3A5
:101F500010A310A210A210A210A210A210A210A2F0
:101F600010A210A208A208C208A208C208C208C291
:101F700010C208C210C210C210C208C210C211039F
:101F8000190310E342AC6C126C116BF174326BF1FB
:101F90006C116C117CB484F584D57CB48D157453AC
:101FA0006C324B0D00E521E942AB5B8F5B6F42ACBD
:101FB00042AB3A6A3A6B3A4B322A322A320A320A36
:101FC00031E929E929C829C829C831C829C82167A0
:101FD000190508A408820882088210A210A210A283
:101FE0000882088210A210A210A210A210A210A2B1
:101FF00010A210A208A208A208C208C208C208C201
:1020000008C208C208C208C208C208C210E311030D
:10201000190310E342AC6C126C116BF174326BF16A
:102020006C116C117CB484F584D57CB48D1574531B
:102030006C324B0D00C521E942CC63AF5B6F42AB04
:102040003A8B3A6B3A8B3A6B324B322A322A320A4B
:10205000320929E929C929C829C829C829C929C88B
:1020600029A829871925190410C308820862086263
:102070000882088210A210A210A210A210A210A220
:1020800010A208A208A208A208A208A208A208A2F8
:1020900008A208C208A208C208C208C210E31903B5
:1020A0001904110442CC6C326C116BF174326BF177
:1020B0006C116C117CB484F584D57CB48D1574538B
:1020C0006C324B0D00C429E94AED63B0534E3A8B94
:1020D0003A8B3A8B3A8B3A6B324B324A322A322A5B
:1020E000320A2A09320929E929C829A821A829A7D9
:1020F00029A729A731A72986214518E410A308821A
:1021000010A210A30882088208820882088208822E
:102110000882088208A208A208A208A208A208A2AF
:1021200008A208A2088208A208A308C210C31904C2
:10213000190410E442CC6C326C116BF174326BF107
:102140006BF16BF17CB484F584D57CB48D1574533C
:102150006C324B0D00C52A094AED63B0534E3A8BE1
:1021600042AB42AB3A8B3A6B324A324A324A324A3B
:10217000322A322929E829E829C829C821C821A7F3
:1021800021A721A7296629862966214518E410A3DD
:1021900008820882088208820882088208820882EF
:1021A0000882088210A208820882088208820882B7
:1021B00008820882088210A210A310A310C3190479
:1021C000190410E44ACC6C326C116BF174326BF16F
:1021D0006BF16BF17CB484F584D57CB48D157453AC
:1021E0006C324B0D09052A0942CC5B8F5B6F42AC08
:1021F00042AB3A8B3A6B326A324A324A324A324AFC
:1022000032492A2921C821E829E829E829E829C7EB
:1022100021C729C7214629662966214518E408A354
:10222000088208620882088208820882088208827E
:10223000088208821082108210821082108210623E
:102240001062106208621082108310A318C4210467
:10225000210418E44ACC6C326C116BF16C326BF1D6
:102260006BF16BF17CB484F584F57CB485157472E4
:102270006C324B0D11462A09428B5B6F5B6F42CC6F
:1022800042AC326A326A326A324A3249324A324A9D
:1022900032493229322932292A0829E821C721C79F
:1022A00021C729C729A729A72986192510C308826C
:1022B000088208A2088208820882088208820882AE
:1022C00008820882108210821082108210621062CE
:1022D0001062086208621082108310A318C42104DF
:1022E000210418E44ACC6C326C116BF16C326BF146
:1022F0006BF16BF17CD584F57CD57CB485156C5283
:102300006C31532D4AED428B3A2A5B2E636F42CCDF
:1023100042AC3AAC3A6B326B324A324A324A324AB7
:1023200032293229322932092A0929E829C829C73C
:1023300029C829C7218721A729C7216608C3008288
:1023400008A208810882088108820882088208821F
:1023500008820882088208610841086108620882D0
:1023600008620861088208A208A208A210C3190422
:102370001904110442CC6C326C1163F16C326BF1B4
:102380006C116C117CD584F57CD574B485156C51B9
:102390006C31532D428B424A422A5B2E636F42AB13
:1023A0003AAB3AAC3A6B326B324A324A324A324A30
:1023B000322A3209322932092A0929E829E829C8AA
:1023C00029C829C821A721A729C7218608C30082B7
:1023D00008A20861086108810881088208820882D1
:1023E0000882086208820861086108610882088220
:1023F00008820861088208A208A208A210E3190452
:102400001924110442CC6C326C1163F16C326BF103
:102410006C116C117CD584F57CD57CB485156C5120
:102420006C31532D3A4A424A426B636F636F42AB41
:1024300042AC42CC3A8B3A6B324A324A324A324A46
:10244000322A322932293209320929E829E829C8F1
:1024500029C829C829C821C729C7218608C30081DE
:102460000882086108610861088108810882088281
:1024700008620862088208620861086108620882CE
:1024800008820861088208A208A208A210E31904C1
:102490001924110442CC6C326C1163F16C326BF173
:1024A0006C116C117CD584D57CD57CB485156C51B0
:1024B0006C31532D3A6A3A4A424A634E636F42ABDB
:1024C0003AAC42CC3A8B3A6B326A324A324A324A9E
:1024D000322A322932293209320929E829E829E841
:1024E00029E829C82A0821C729C7218610C3006105
:1024F0000882086108610861086108810882086231
:10250000086208620882088208620862086208623B
:1025100008820861088208A208A208A210E3190430
:102520001924110442CC6C326C1163F16C326BF1E2
:102530006C116C1184B584D57CD57CB485156C5137
:102540006C31532D428B3A4A3A2A5B2D5B4E428BBB
:102550003A8B3AAB3A8B3A6B326B326A3A6A324A0E
:10256000324A322A3229320932092A0929E829E86D
:1025700029E829E8322921C829C7218610E300610A
:102580000081086108610861088108810882088269
:10259000086208620882088208820882086208616C
:1025A00008610882088208A208A208C210E3192460
:1025B0001924110442CC6C326C1163F16C326BF152
:1025C0006C116C1184B584D57CD57CB485156C51A7
:1025D0006C31532D4AAB426A424A634E636F42AC40
:1025E0003AAC3ACC3A8B3A8B3A6B326B3A6B3A6AEA
:1025F000324A322A3229322932092A0929E829E8BD
:1026000029E829E8322929C829C721A610E3008131
:10261000088208810881088108820882088208826D
:10262000088208820882088208820882086208619B
:1026300008610882088208A208A208C210E31924CF
:102640001924110442CC6C326C1163F16C326BF1C1
:102650006C116C1184B584D57CD57CB485156C5116
:102660006C31532D426B426A426B636F638F42AC95
:1026700042CC42EC3AAC3A8B3A6B326B3A6B3A6BE7
:10268000324A322A32293229320932092A0829E803
:1026900031E829E83A4A21C821A721A610E400819F
:1026A00008820882088208820882088208820882DA
:1026B000088208820882088210A2088208620861E3
:1026C0000861088208A208A208C208C210E31924FF
:1026D0001924110442CC6C326C1163F16C326BF131
:1026E0006C116C1184B584D57CD57CB485156C5186
:1026F0006C31532D31E83A09424A636E5B4E3A6AB7
:10270000328B3ACC3AAC3A8B3A6B3A6B3A6B3A6BC7
:102710003A4A322A32293229320932092A082A0849
:1027200031E82A083A4A21C821A721A610E40082EC
:102730000882088208820882088210A210A20882F9
:10274000088208820882088210A208820862086152
:102750000861088208A208A208C208C210E319246E
:102760001924110442CC6C326C1163F16C326BF1A0
:102770006C116C1184B584D584B47CB485156C520D
:102780006C314B0D08A4216752EC5B4E5B8F42AB62
:102790003ACC3ACC3A8B3A8B3A8B3A6B3A6B3A6BEF
:1027A0003A4A324A322A322A322932093209320965
:1027B000320932093A4A29E829C721A711040882B7
:1027C00008A208A208820882088208820882088279
:1027D0000882088210A20882088210A2088208617A
:1027E0000061088208A208A210C310E311031904B3
:1027F000192419454ACC6C326BF163F16C326BF1E0
:102800006BF163F184B584D584B47CB485156C52C6
:102810006C314B0D08A4216752EC5B4E5B8F42ABD1
:102820003ACC3ACC3A8B3A8B3A8B3A8B3A6B3A6B3E
:102830003A4A324A322A322A3229320932093209D4
:10284000320932093A4A29E829C721A71104088226
:1028500008A208A2088208820882088208820882E8
:102860000882088210A20882088210A208820861E9
:102870000061088208A208A210C310E31103190422
:10288000192419454ACC6C326BF163F16C326BF14F
:102890006BF163F184B584D584B47CB485156C5236
:1028A0006C314B0D08A4216752EC5B4E5B8F42AB41
:1028B0003ACC3ACC3A8B3A8B3A8B3A8B3A6B3A6BAE
:1028C0003A4A324A324A322A322932293209320904
:1028D000320932093A4A29E829C721A71104088296
:1028E00008A208A208820882088208820882088258
:1028F0000882088210A20882088210A20882086159
:102900000061088208A208A210C310E31103192471
:10291000192419454ACC6C326BF163F16C326BF1BE
:102920006BF163F184B584D584B47CB485156C52A5
:102930006C114B0D08A4216752EC5B4E5B8F3ACBB8
:102940003ACC3ACC3A8B3A8B3A8B3A8B3A6B3A6B1D
:102950003A4A3A4A324A324A32293229320932094B
:10296000320932093A4A29E829C721A71104088205
:1029700008A208A2088208820882088208820882C7
:102980000882088210A20882088210A208820861C8
:102990000061088208A208A210C310E311041924E0
:1029A000192419454ACC6C326BF163F16C326BF12E
:1029B0006BF163F184B584D584B47CB485156C5215
:1029C0006C114B0D08A4216752EC5B4E5B8F3ACB28
:1029D0003ACC3ACC3A8B3A8B3A8B3A8B3A6B3A6B8D
:1029E0003A4A3A4A324A324A32293229322932099B
:1029F000320932093A4A29E829C721A71104088275
:102A000008A210A20882088208820882088208822E
:102A10000882088210A20882088210A20882086137
:102A20000061088208A208A210C310E3110419244F
:102A3000192419454ACC6C326BF163F16C326BF19D
:102A40006BF163F184B584D584B47CB4851574527C
:102A50006C114B0D08A4216752EC5B4E5B8F3ACB97
:102A60003ACC3ACC3A8B3A8B3A8B3A8B3A8B3A6BDC
:102A70003A6A3A4A3A4A324A324A322932293229A1
:102A8000322932293A4A29E829C729A7110408A27C
:102A900008A210A20882088208820882088208829E
:102AA0000882088210A20882088210A208820861A7
:102AB0000061088208A208C210C310E3110419249F
:102AC000192419454ACC6C326BF163F16C326BF10D
:102AD0006BF163F184B584D584B47CB485157452EC
:102AE0006C114B0D08A4216752EC5B4E5B8F3ACB07
:102AF0003ACC3ACC3A8B3A8B3A8B3A8B3A8B3A6B4C
:102B00003A6A3A4A3A4A3A4A324A32293229322908
:102B1000322932293A4A29E829C729A7110408A2EB
:102B200008A210A20882088208820882088208820D
:102B30000882088210A20882088210A20882086116
:102B40000061088208A208C210C310E31904192406
:102B5000194419454ACC6C326BF163F16C326BF15C
:102B60006BF163F184B584D584B47C948D15743293
:102B70006C114B0D08A4216752ED5B4E5B8F3ACB75
:102B80003ACC3ACC3A8B3A8B3A8B3A8B3A8B3A6BBB
:102B90003A6B3A4A3A4A3A4A3A4A322A322932296E
:102BA000322932293A6A29E829C829A7110408A23A
:102BB00008A210A20882088208820882088208827D
:102BC0000882088210A20882088210A20882086186
:102BD0000061088208A208C210C310E31904192476
:102BE000194519454ACC6C326BF163F16C326BF1CB
:102BF0006BF163F17CB484B47C947C938CF5743277
:102C00006C114AED00A419674AED5B4E5B8F3AAC3C
:102C10003ACC3ACC3A8B3A8B3A8B3A8B3A8B3A6B2A
:102C20003A6B3A6B3A4B324A322A322A322A322AE9
:102C3000322A32293A6A29E829E829E710E3008292
:102C400008C208A210A210A210A210A210A210A2E4
:102C500008A308A210A20882088210A208820861B4
:102C600008610882088208A210C310E3190419241D
:102C7000194519454AED6BF16BF16C116C1263F15A
:102C80006C1163F17CB484B47C947C948CF57412E4
:102C90006BF14AED00A419674AED534E5B8F42ACCD
:102CA00042CC42CC3A8B3A8B3A8B3A8B3A8B3A8B6A
:102CB0003A6B326B3A4B324B322A322A322A322A60
:102CC000322A322A3A8A29E829E829E710E40082E0
:102CD00008C208A210A210A210A210A210A210A254
:102CE00008A308A210A208A2088210A20882086104
:102CF00008610882088208A210C310E3190419258C
:102D0000194519464AED6BF16BF16C116C1263F1C8
:102D10006C1163F17CB484B47C947C948CF5741253
:102D20006BF14AED00A419674AED534E5B8F42AC3C
:102D300042CC42CC3A8B3A8B3A8B3A8B3A8B3A8BD9
:102D40003A6B3A6B3A4B324B324A322A322A322AA7
:102D5000322A322A3A8A29E831E829E710E4008247
:102D600008C208A210A210A210A210A210A210A2C3
:102D700008A308A210A208A2088210A20882086173
:102D800008610882088208A210C310E319041925FB
:102D9000194519464AED6BF16BF16C116C1263F138
:102DA0006C1163F17CB484B47C947C948CF57412C3
:102DB0006BF14AED00A419674AED534E5B8F42ACAC
:102DC00042CC42CC3A8B3A8B3AAC3A8B3A8B3A8B28
:102DD0003A6B3A6B3A6B324B324A322A322A322AF7
:102DE000322A322A3A8A29E831E829E810E40882AE
:102DF00010C308A210A210A210A210A210A210A22A
:102E000008A308A210A208A2088210A208820861E2
:102E10000861088208A208A210C310E3190419254A
:102E2000194519464AED6BF16BF16C116C1263F1A7
:102E30006C1163F17CB484B47C947C948CF5741232
:102E40006BF14AED00A419674AED534E5B8F42AC1B
:102E500042CC42CC3AAC3AAC3AAC3AAC3A8B3A8B34
:102E60003A6B3A6B3A6B3A4B324A322A322A322A5E
:102E7000322A322A3A8B29E831E829E810E408821C
:102E800010C308A210A210A210A210A210A210A299
:102E900008A308A210A208A2088210A20882086152
:102EA0000861088208A208A210C310E419041925B9
:102EB000214519464AED6BF16BF16C116C1263F10F
:102EC0006C1163F17CB484B47C947C948CF57412A2
:102ED0006BF14AED00A419674AED534E5B8F42AC8B
:102EE00042CC42CC3AAC3AAC3AAC3AAC3A8B3A8BA4
:102EF0003A8B3A6B3A6B3A4B324A322A322A322AAE
:102F0000322A322A3A8B29E8320829E810E408826A
:102F100010C308A210A210A210A210A210A210A208
:102F200008A308A210A208A2088210A208820861C1
:102F30000861088208A208A210C310E41924192508
:102F4000214519464AED6BF16BF16C116C1263F17E
:102F50006C1163F17CB484B47C947C948CF5741211
:102F60006BF14AED00A419674AED534E5B8F42ACFA
:102F700042CC42CC3AAC3AAC3AAC3AAC3A8C3A8B12
:102F80003A8B3A6B3A6B3A4B324A322A322A322A1D
:102F9000322A322A3A8B29E8320829E810E40882DA
:102FA00010C310A210A210A210A210A210A210A270
:102FB00008A308A210A208A2088210A20882086131
:102FC0000861088208A208A210C310E41924194558
:102FD000214519664AED6BF16BF16C116C1263F1CE
:102FE0006C1163F17CB484B47C947C948CF5741281
:102FF0006BF14AED00A419674AED534E5B8F42AC6A
:1030000042CC42CC3AAC3AAC3AAC3AAC3A8C3A8B81
:103010003A8B3A6B3A6B3A6B324A322A322A322A6C
:10302000322A322A3A8B29E8320829E81104088228
:1030300010C310A210A210A210A210A210A210A2DF
:1030400008A308A210A208A2088210A208820861A0
:103050000861088208A208A210C310E419241945C7
:10306000214519664AED6BF16BF16C116C1263F13D
:103070006C1163F17CB484B47C947C948CD5741210
:103080006BF14AED08C521884B0D534E5B8F42AC66
:1030900042CC42CC3AAC3A8B3A8B3A8B3A8C3A8C53
:1030A0003A8B3A6B3A6B3A8B3A4B322A3A4B324A6A
:1030B000322A3A4A3A8B2A0829C8320808C308A299
:1030C00008A208A20882088210A210A210A310A3CE
:1030D00010A308A210A208A2088210A20882086108
:1030E0000861088208A208C210C310E41924192537
:1030F000214519464ACC6C116C116BF16BF163D010
:103100006C1163D07CB484B47C947C748CD57412C0
:103110006BF14AED08C521884B0D534E5B8F42ACD5
:1031200042CC42CC3AAC3A8B3A8B3A8B3A8C3A8CC2
:103130003A8B3A6B3A6B3A8B3A4B322A3A4B324AD9
:10314000322A3A4A3A8B2A0929C8320808C308A207
:1031500008A208A20882088210A210A210A310A33D
:1031600010A308A210A208A2088210A20882086177
:103170000861088208A208C210C310E419241925A6
:10318000214519464ACC6C116C116BF16BF163D07F
:103190006C1163D07CB47CB47C947C748CD5741238
:1031A0006BF14AED08C521884B0D534E5B8F42AC45
:1031B00042CC42CC3AAC3A8B3A8B3A8B3A8C3A8C32
:1031C0003A8B3A6B3A6B3A8B3A4B322A3A4B324A49
:1031D000322A3A4A3A8B2A0929C8320808C308A277
:1031E00008A208A20882088210A210A210A310A3AD
:1031F00010A310A310A208A2088210A208820861DE
:103200000861088208A208C210C310E41924192515
:10321000214519464ACC6C116C116BF16BF163D0EE
:103220006C1163D07CB47CB47C947C748CD57412A7
:103230006BF14AED08C521884B0D534E5B8F42ACB4
:1032400042CC42CC3AAC3A8B3A8B3A8B3A8C3A8CA1
:103250003A8B3A6B3A6B3A8B3A4B322A3A4B324AB8
:10326000322A3A4A3A8B2A0929E8322808C308A2A6
:1032700008A210A2088210A210A210A210A310A3EC
:1032800010A310A310A208A2088210A2088208614D
:103290000861088208A208C210C310E41924192585
:1032A000214519464ACC6C116C116BF16BF163D05E
:1032B0006C1163D07CB47CB47C947C738CD5741218
:1032C0006BF14AED08C521884B0D534E5B8F42AC24
:1032D00042CC42CC3AAC3A8B3A8B3A8B3A8C3A8C11
:1032E0003A8B3A6B3A6B3A8B3A4B322A3A4B324A28
:1032F000322A3A4A3A8B320929E8322808C308C2EE
:1033000008A210A2088210A210A210A210A310A35B
:1033100010A310A310A208A2088210A208820861BC
:103320000861088208A208C210C310E419241925F4
:10333000214519464ACC6C116C116BF16BF163D0CD
:103340006C1163D07CB47CB47C947C738CD5741287
:103350006BF14AED08C521884B0D534E5B8F42AC93
:1033600042CC42CC3AAC3A8B3A8B3A8B3A8C3A8C80
:103370003A8B3A6B3A6B3A8B3A4B322A3A4B324A97
:10338000322A3A4A3A8B320929E8322908C308C25C
:1033900008A210A210A210A210A210A210A310A3A3
:1033A00010A310A310A208A2088210A2088208612C
:1033B0000861088208A208C210C310E41924192564
:1033C000214519464ACC6C116C116BF16BF163D03D
:1033D0006C1163D07C947CB47C947C738CD5741217
:1033E0006BF14AED08C521884B0D534E5B8F42AC03
:1033F00042CC42CC3AAC3A8B3A8B3A8B3A8C3A8CF0
:103400003A8B3A6B3A6B3A8B3A4B322A3A4B324A06
:10341000322A3A4A3A8B320929E8322910C308C2C3
:1034200008A210A210A210A210A210A210A310A312
:1034300010A310A310A208A2088210A2088208619B
:103440000861088208A208C210C310E419241925D3
:10345000214519464ACC6C116C116BF16BF163D0AC
:103460006C1163D07C947CB47C947C738CD5741286
:103470006BF14AED08C521884B0D534E5B8F42AC72
:1034800042CC42CC3AAB3A8B3A8B3A8B3A8C3A8C60
:103490003A8B3A6B3A6B3A8B3A4B322A3A4A322A97
:1034A000320A3A4A428B320929E83A2810E308C224
:1034B00008A210A210A210A210A210A310A310A381
:1034C00010A310A310A20882088210A2088208612B
:1034D0000861088208A208C210C310E41924192543
:1034E000214519654ACC6C116C116BF16BF163D0FD
:1034F0006C1163D07CB47CB484B47C9484B46C12BE
:10350000741142AC00A4218842CC5B6F534E42CC74
:103510003AAB42EC42AC3A8B3A8B3AAC3AAC3A8C8E
:103520003A8B3A8B326B428C428C3A4A32293A4A75
:10353000424A3A29426A3A0831E831C719240882D6
:10354000088208A210A210A210A210A210A210A21B
:1035500010A210A210C310A210A210A2088208612B
:103560000861088208A208C210E311031924192473
:10357000214519654AEC6C116BF163F16BF163D174
:103580006C1163D07CB47CB484B47C9484B46C122D
:10359000741142AC00A4218842CC5B6F534E42CCE4
:1035A0003AAB42EC42AC3A8B3A8B3AAC3AAC3A8CFE
:1035B0003A8B3A8B326B3A8C3A8B3A4A3A2A3A4AED
:1035C0003A2A3208424931E731C729A6190408A22C
:1035D00008A210A210A210A210A210A210A210A263
:1035E00010A210A210C310A210A210A2088208619B
:1035F0000861088208A208C210E3110319241924E3
:10360000214519654AEC6C116BF163F16BF163D1E3
:103610006C1163D07CB47CB484B47C7484B47412B4
:10362000741142AC00A4218842CC5B6F534E42CC53
:103630003AAB42EC42AC3A8B3A8B3AAC3AAC3A8C6D
:103640003A8B3A8B3A6B3A8B3A6B3A2A3A2A424A8D
:103650003A0929A72986190410E3190410C308A2FE
:1036600010C310C310A210A210A210A210A210A288
:1036700010A210A210C310A210A210A2088208610A
:103680000861088208A208C210E311031924192452
:10369000214519654AEC6C116BF163F16BF163D153
:1036A0006C1163D07CB47CB47CB47C7484B474122C
:1036B000741242AC00A4218842CC5B6F534E42CCC2
:1036C0003AAB42EC42AC3A8B3A8B3AAC3AAC3A8CDD
:1036D0003A8B3A8B3A6B3A6B3A6B3A2A3A4A424AFD
:1036E000320921661924088200410882088208A252
:1036F00010C310C310A210A210A210A210A210A2F8
:1037000010A210A210C310A210A210A20882086179
:103710000861088208A208C210E3110319241924C1
:10372000214519654AEC6C116BF163F16BF163D1C2
:103730006C1163D07CB47C947CB47C7484B47412BB
:1037400074124ACC00A4218842CC5B6F534E42CC09
:103750003AAB42EC42AC3A8B3A8B3AAC3AAC3A8C4C
:103760003A8B3A8B3A6B3A6B3A6B3A4A3A4A424A4C
:1037700031E8214629A610E3088210A208A208A277
:1037800010A2088210A210A210A210A210A210A2D1
:1037900010A210A210C310A210A210A208820861E9
:1037A0000861088208A208C210E311031924192431
:1037B000214519654AEC6C116BF163F16BF163D132
:1037C0006C1163D07CB47C947CB47C7484B474122B
:1037D00074124ACC00A4218842CC5B6F534E42CC79
:1037E0003AAB42EC42AC3A8B3A8B3AAC3AAC3A8CBC
:1037F0003A8B3A8B326B3A6B3A6B3A4A3A4A424AC4
:1038000031E8214631A718E310A210C310C310C33A
:1038100010C308A210A210A210A210A210A210A2FF
:1038200010A210A210C310A210A210A20882086158
:103830000861088208A208C210E3110319241924A0
:10384000214519654AEC6C116BF163F16BF163D1A1
:103850006C1163D07C947C947C947C7484B47412DA
:1038600074124ACD00A4218842CC5B6F534E42CCE7
:103870003AAB42EC42AC3A8B3A8B3AAC3AAC3A8C2B
:103880003A8B3A8B326B3A8B3A6B3A4A3A4A3A4A1B
:1038900031E82166296610C3088210C310C310C323
:1038A00010C310C310A210A210A210A210A210A246
:1038B00010A210A210C310A210A210A208820861C8
:1038C0000861088208A208C210E311031924192410
:1038D000214519654AEC6C116BF163F16BF163D111
:1038E0006C1163D07C947C947C947C7484B474124A
:1038F00074124ACD00A4218842CC5B6F534E42CC57
:103900003AAB42EC42AC3A8B3A8B3AAC3AAC3A8C9A
:103910003A8B3A8B324B3A8B3A8B3A4A3A4A3A4A8A
:1039200031E9298629A618E310C310E310C308A2C1
:1039300010A2088210A210A210A210A210A210A21F
:1039400010A210A210C310A210A210A20882086137
:103950000861088208A208C210E31103192419247F
:10396000214519654AEC6C116BF163F16BF163D180
:103970006C1163D07CB47C947C947C9484B46C1281
:1039800074114ACD08C421884B0D534E5B6F42AC75
:1039900042CC3ACB3A8B3A8B3A8C3A8C3A8C3A8C72
:1039A0003A8B3A8B3A6B3A6B3A4B3A4A3A4A3A2A52
:1039B00031E82166298610A210C310C310A210E3BB
:1039C00008A210C310C310C310C310C310C310C388
:1039D00010C310C310C310A210A210A310A208613C
:1039E000086108A210C310C310E31103192419447D
:1039F000214519654AEC6BF163F163D163F163D042
:103A000063F163B07CB47C947C947C9484B46C1239
:103A100074114ACD08C421884B0D534E5B6F42ACE4
:103A200042CC3ACB3A8B3A8B3A8C3A8C3A8C3A8CE1
:103A30003A8B3A8B3A6B3A6B3A4B3A4A3A4A3A2AC1
:103A400031E82166298610A210C310C310A210E32A
:103A500008A210C310C310C310C310C310C310C3F7
:103A600010C310C310C310A210A210A310A20861AB
:103A7000086108A210C310C310E3110319241944EC
:103A8000214519654AEC6BF163F163D163F163D0B1
:103A900063F163B07CB47C947C947C9484B46C12A9
:103AA00074114ACD08C421884B0D534E5B6F42AC54
:103AB00042CC3ACB3A8B3A8B3A8C3A8C3A8C3A8C51
:103AC0003A8B3A8B3A6B3A6B3A4B3A4A3A4A3A2A31
:103AD00031E82166298610A210C310C310A210E39A
:103AE00008A210C310C310C310C310C310C310C367
:103AF00010C310C310C310A210A210A310A208611B
:103B0000086108A210C310C310E31103192419445B
:103B1000214519654AEC6BF163F163D163F163D020
:103B200063F163B07CB47C947C947C9484B46BF13A
:103B30006BF14ACD08C421884B0D534E5B6F42ACEC
:103B400042CC3ACB3A8B3A8B3A8C3A8C3A8C3A8CC0
:103B50003A8B3A8B3A6B3A6B3A4B3A4A3A4A3A2AA0
:103B600031E82166298610A210C310A208A210C352
:103B700008A210C310C310C310C310C310C310C3D6
:103B800010C310C310C310A210A210A310A208618A
:103B9000086108A210C310C310E3110319241944CB
:103BA000214519654AEC6BF163F163D163F163D090
:103BB00063F163B07CB47C737C947C7484B46BF1EB
:103BC0006BF14ACD08C421884B0D534E5B6F42AC5C
:103BD00042CC3ACB3A8B3A8B3A8C3A8C3A8C3A8C30
:103BE0003A8B3A8B3A6B3A6B3A4B3A4A3A4A3A2A10
:103BF00031E82166298610A210A210A208A210C3E3
:103C000008A210C310C310C310C310C310C310C345
:103C100010C310C310C310A210A210A310A20861F9
:103C2000086108A210C310C310E31103192419443A
:103C3000214519654AEC6BF163F163D163F163D0FF
:103C400063F163B07CB47C737C947C7484B46BF15A
:103C50006BF14ACC08C421884B0D534E5B6F42ACCC
:103C600042CC3ACB3A8B3A8B3A8C3A8C3A8C3A8C9F
:103C70003A8B3A8B3A6B3A6B3A4B3A4A3A4A3A2A7F
:103C800031E82166298608A210A208A2088210C382
:103C900008A210C310C310C310C310C310C310C3B5
:103CA00010C310C310C310A210A210A310A2086169
:103CB000086108A210C310C310E3110319241944AA
:103CC000214519654AEC6BF163F163D163F163D06F
:103CD00063F163B07C947C737C947C7484B46BF1EA
:103CE0006BF14ACC08C421884B0D534E5B6F42AC3C
:103CF00042CC3ACB3A8B3A8B3A8C3A8C3A8C3A8C0F
:103D00003A8B3A8B3A6B3A6B3A4B3A4A3A4A3A2AEE
:103D100031E8216629A608A210A208A2088210C3D1
:103D200008A210C310C310C310C310C310C310C324
:103D300010C310C310C310A210A210A310A20861D8
:103D4000086108A210C310C310E311031924194419
:103D5000214519654AEC6BF163F163D163F163D0DE
:103D600063F163B07C947C737C937C9384B46BF13B
:103D70006BF14ACC08C421884AED532E5B6F42ACEC
:103D800042CC3ACB3A8B3A8B3A8C3AAC3A8B3A8B60
:103D90003A8B3A8B3A6B3A6B3A4A3A4A3A4A3A2A5F
:103DA00031E8216629A608A208A20882088210C369
:103DB00008A210C310C310C310C310C310C310C394
:103DC00010C310C310C310A210A210A310A2086148
:103DD000086108A210C310C310E311031924194489
:103DE000214519654AEC6BF163F163D163F163D04E
:103DF00063F163B07C737C7374527CB47C936C31DC
:103E00006BF14AED08C4218752ED532E5B6F42CC13
:103E100042EC3ACC3AAC3AAC3AAB3AAB3AAB3AAB0E
:103E20003A8B3A8B3A8B3A6B3A6A3A4A3A4A3A298F
:103E300029A71925298610C318E310C3088210E3A7
:103E400010C310C308C208C208C208C208C208C210
:103E500008C210A210A310A210A210A310A2086200
:103E6000088208A210C310C310E3110319241944D7
:103E7000214519654ACC6BF163F163D163F163D0DD
:103E80006BF163B07C737C7374527CB374936C314C
:103E900063F14AED08C4218752CD530E5B6F42CCCB
:103EA00042EC3ACC3AAC3AAC3AAB3AAB3AAB3AAB7E
:103EB0003A8B3A8B3A6B3A6B3A4A3A2A3A293A2980
:103EC00029C82166298610C3190410E310C318E31A
:103ED00010A210A208C208C208C208C208C208C2C2
:103EE00008C208C210A310A210A210A310A2086258
:103EF000088208A210C310C310E311031924194447
:103F0000214519654ACC6BF163F163D163F163D04C
:103F10006BF163B07C737C7374527CB374936C31BB
:103F200063F14AED08C4218752CD530E5B6F42CC3A
:103F300042EC3ACC3AAC3AAC3AAB3AAB3AAB3AABED
:103F40003A8B3A8B3A6B3A6B3A4A32293209320948
:103F500031E829A729A7190421452124190421247E
:103F600010C310C310A210A208C208C208C208C21F
:103F700008C208C210A310A210A210A310A20862C7
:103F8000088208A210C310C310E3110319241944B6
:103F9000214519654ACC6BF163F163D163F163D0BC
:103FA0006BF163B07C737C7374527CB374936C312B
:103FB00063F14AED08C4218752CD530E5B6F42CCAA
:103FC00042EC3ACC3AAC3AAC3AAB3AAB3AAB3AAB5D
:103FD0003A8B3A8B3A6A3A6B3A4A322932093209B9
:103FE00031E829C731C719042124212419042124C7
:103FF00010C310C310A210A208C208C208C208C28F
:1040000008C210A210A310A210A210A310A208624E
:10401000088208A210C310C310E311031924194425
:10402000214519654ACC6BF163F163D163F163D02B
:104030006BF163B07C737C7374527CB374936C319A
:1040400063F14AED08C4218752CD530E5B6F42CC19
:1040500042EC3ACC3AAC3AAC3AAB3AAB3AAB3AABCC
:104060003A8B3A8B3A6A3A6B426A3A4A32293209B7
:1040700029C8218729A710C310C310E310C310E378
:1040800008A210A210A210A210A210A210A210A2A8
:1040900010A210A210A310A210A210A310A20862D6
:1040A000088208A210C310C310E311031924194495
:1040B000214519654ACC6BF163F163D163F163D09B
:1040C0006BF163B07C737C7374527CB374936C310A
:1040D00063F14AED08C4218752CD530E5B6F42CC89
:1040E00042EC3ACC3AAC3AAC3AAB3AAB3AAB3AAB3C
:1040F0003A8B3A8B3A6A3A8B426A3A4A3A293209FF
:1041000029C8216629C708A208A208A208A210C3CC
:10411000088210C310A210A210A210A210A210A216
:1041200010A210A210A310A210A210A310A2086245
:10413000088208A210C310C310E311031924194404
:10414000214519654ACC6BF163F163D163F163D00A
:104150006BF163B07C737C7374527CB374936C3179
:1041600063F14AED08C4218752CD530E5B6F42CCF8
:1041700042EC3ACC3AAC3A8C3AAB3AAB42AB42ABBB
:104180003A8B3A8B3A6B3A6B3A6A3A4A3A4A322954
:1041900029C8196631C708A208A210C310C310E3CA
:1041A00008A210E310A210A210A210A210A210A246
:1041B00010A210A210A310A210A210A310A20862B5
:1041C000088208A210C310C310E311031924194474
:1041D000214519654ACC6BF163F163D163F163D07A
:1041E0006BF163B07C737C7374527CB374936C31E9
:1041F00063F14AED08C4218752CD530E5B6F42CC68
:1042000042EC3ACC3AAC3A8C3AAB3AAB42AB42AB2A
:104210003A8B3A8B3A8B3A6B3A4A32293A493A29E5
:1042200029E8196629A60081088208C210C310E394
:1042300008A210C310A210A210A210A210A210A2D5
:1042400010A210A210A310A210A210A310A2086224
:10425000088208A210C310C310E3110319241944E3
:10426000214519654ACC6BF163F163D163F163D0E9
:104270006BF163B07C737452747374727CB36411A9
:104280006C1142CC08C4216752CD530E5B6F42CCF7
:1042900042EC3ACC3AAC3A8C3A8B3A8B3A8B3A8B2A
:1042A0003A8B3A8B324A3A4A3A4A324A3A4A3A4A7C
:1042B00029C81125218608C3008208C208C310C37B
:1042C00010E310C310A210A210A210A210A210A2FC
:1042D00010A210A210C310A210A210A2088208619E
:1042E0000861088208C210C310E319041924194494
:1042F000214519654ACC63F163F163F16BF163D039
:104300006BF163B07C737452747374727CB3641118
:104310006C1142CC08C4216752CD530E5B6F42CC66
:1043200042EC3ACC3A8C3A8C3A8B3A8B3A8B3A8BB9
:104330003A8B3A8B3A6A3A6B3A6A3A4A3A4A3229A3
:1043400029C81945194508A2008208C308A208A275
:1043500008A2088210A210A210A210A210A210A2FD
:1043600010A210A210A310A210A210A2088208612D
:104370000861088208C210C310E319041924194403
:10438000214519654ACC63F163F163F16BF163D0A8
:104390006BF163B07C737452747374727CB3641188
:1043A0006C1142CC08C4216752CD530E5B6F42CCD6
:1043B00042EC3ACC3A8C428C428B428B428B3A8B09
:1043C0003A8B3A8B3A6A3A6A3A6A324A3249322925
:1043D00029E821A72186112419241945110308C2AF
:1043E00008A208A210A210A210A210A210A210A24D
:1043F00010A210A210A310A210A210A2088208619D
:104400000861088208C210C310E319041924194472
:10441000214519654ACC63F163F163F16BF163D017
:104420006BF163B07C737452747374727CB36411F7
:104430006C1142CC08C4216752CD530E5B6F42CC45
:1044400042EC3ACC3A8C428C428B428B428B3A8B78
:104450003A8B3A8B324A3A4A3A6A324A32493249BC
:10446000322932293A4929C729C729C7194410C313
:1044700010C308C210A210A210A210A210A210A273
:1044800010A210A210A210A210A210A2088208610D
:104490000861088208C210C310E3190419241944E2
:1044A000214519654ACC63F163F163F16BF163D087
:1044B0006BF163B07C737452747374727CB3641167
:1044C0006C1142CC08C4216752CD530E5B6F42CCB5
:1044D00042EC3ACC3A8C428C428B428B428B3A8BE8
:1044E0003A8B3A8B3A4A3A4A3A4A324A3249324944
:1044F000324A3A6A42893207320729E7192408A268
:1045000008A208C210A210A210A210A210A210A20B
:1045100010A210A210A210A210A210A2088208617C
:10452000086108A208C210C310E319041924194431
:10453000214519654ACC63F163F163F16BF163D0F6
:104540006BF163B07C737452747374727CB36411D6
:104550006C1142CC08C4216752CD530E5B6F42CC24
:1045600042EC3ACC3A8C428C428B428B428B3A8B57
:104570003A8B3A8B3A8B3A6A3A6A3A4A324932294A
:1045800032293A493A6931E729E729A6110308A2F5
:1045900008A210C310A210A210A210A210A210A272
:1045A00010A210A210A2088210A210A20882086114
:1045B000088208A208C210C310E319041924194480
:1045C000214519654ACC63F163F163F16BF163D066
:1045D0006BF163B07C737452747374727CB3641146
:1045E0006C1142CC08C4216752CD530E5B6F42CC94
:1045F00042EC3ACC3A8C428C428B428B428B3A8BC7
:104600003A8B3A8B42AB3A6A324A324A32493229C1
:10461000322932493A89320729E729C6192408C2C2
:1046200010C310C310A210A210A210A210A210A2B8
:1046300010A210A210A2088210A210A20882086183
:10464000088208A208C210C310E3190419241944EF
:10465000214519654ACC63F163F163F16BF163D0D5
:104660006BF163B07C737452747374727CB363F1D6
:104670006C1142CC08C421674ACD530E5B6F42AC2B
:1046800042EC3ACC3A8C428C428B428B428B3A8B36
:104690003A8B3A8B428B3A4A3229324A324A322991
:1046A0003229324A428A320831E729C7192408A33D
:1046B00008A308A210A210A210A210A210A210A279
:1046C00010A210A210A2088210A210A208820862F2
:1046D000086208A210A210C310E319041924194497
:1046E000214519654ACC63F163F163F16BF163D045
:1046F0006BF163B074737C7374527C9374526C115D
:1047000063D04ACC00A419674ACC4B0D534E42AC3F
:1047100042CC42CC42AB428B3A8B428B428B428B97
:104720003A8B3A6B3A6B3A6B3A4A324A322A322A1D
:10473000324A324A3A8B320931E829C819050883CE
:1047400010A310A3088210821082108210A310A35D
:1047500010A310A310A21082108210A21082086170
:10476000088210A210A210C310C310E41904192566
:10477000214521664ACC63F163D063D063F163D0F5
:1047800063F15BB07473747374527C937C526BF1FD
:104790006BD04ACC00A419674ACC4B0D534E42ACA7
:1047A00042CC42AC42AB428B3A8B428B428B428B27
:1047B0003A8B3A6B3A6B3A6B3A4A324A322A322A8D
:1047C000324A324A3A6B320931E929C8190508835D
:1047D000108310A310821082108210821082108227
:1047E000108310A310A21081108210A21082086101
:1047F000088210A210A210C310C318E419041925CE
:10480000214521664ACC63F163D063D063F163D064
:1048100063F15BB07473747374527C937C526BF16C
:104820006BD04ACC00A419674ACC4B0D534E42AC16
:1048300042CC42AC42AB428B3A8B428B428B428B96
:104840003A8B3A6B3A6B3A6B3A4A324A322A322AFC
:10485000324A324A3A6B29E929C829A8190508833E
:10486000108310A310821082108210821082108296
:104870000882088210A21081108210A210820861A2
:10488000088210A210A210C310C318E4190419253D
:10489000214521664ACC63F163D063D063F163D0D4
:1048A00063F15BB07473747374527C937C526BF1DC
:1048B0006BD04ACC00A419674ACC4B0D534E42AC86
:1048C00042CC42AC42AB428B3A8B428B428B428B06
:1048D0003A8B3A6B3A6B3A6B3A4A324A322A322A6C
:1048E000324A324A3A6B29E929C829A819050883AE
:1048F000108310A310A210A210A210A21082108286
:104900000882088210A21081108210A21082086111
:10491000088210A210A210C310C318E419041925AC
:10492000214521664ACC63F163D063D063F163D043
:1049300063F15BB07473747374527C937C526BF14B
:104940006BD04ACC00A419674ACC4B0D534E42ACF5
:1049500042CC42AC42AB428B3A8B428B428B428B75
:104960003A8B3A6B3A6B3A6B3A4A324A322A322ADB
:10497000324A324A3A6B29E929C829A8190508831D
:10498000088210A210A310A210A210A210A210A2BE
:1049900010A210A210A21081108210A21082086131
:1049A000088210A210A210C310C318E4190419251C
:1049B000214521664ACC63F163D063D063F163D0B3
:1049C00063F15BB07473747374527C937C526BF1BB
:1049D0006BD04ACC00A419674ACC4B0D534E42AC65
:1049E00042CC42AC42AB428B3A8B428B428B428BE5
:1049F0003A8B3A6B3A6B3A6B3A4A324A322A322A4B
:104A0000324A324A3A6B29E929C829A7190508828E
:104A1000088210A210A210A210A210A210A210A22E
:104A200010A310A210A21081108210A2108208619F
:104A3000088210A210A210C310C318E4190419258B
:104A4000214521664ACC63F163D063D063F163D022
:104A500063F15BB07473747374527C937C526BF12A
:104A60006BD04ACC00A419674ACC4B0D534E42ACD4
:104A700042CC42AC42AB428B3A8B428B428B428B54
:104A80003A8B3A6B3A6B3A6B3A4A324A322A322ABA
:104A9000324A324A3A6B29E929C829A719050882FE
:104AA000088210A21082108210821082108210825E
:104AB0000882088210A21081108210A21082086160
:104AC000088210A210A210C310C318E419041925FB
:104AD000214521664ACC63F163D063D063F163D092
:104AE00063F15BB07473747374527C937C526BF19A
:104AF0006BD04ACC00A419674ACC4B0D534E42AC44
:104B000042CC42AC42AB428B3A8B428B428B428BC3
:104B10003A8B3A6B3A6B3A6B3A4A324A322A322A29
:104B2000324A324A3A6B29E829C829A7190408826F
:104B30000882088208610861086108810882088289
:104B40000882088210A21081108210A210820861CF
:104B5000088210A210A210C310C318E4190419256A
:104B6000214521664ACC63F163D063D063F163D001
:104B700063F15BB074727CB374527C737C736BF1C1
:104B800063904ACC00A4196742CC4B0D534E3AAC0B
:104B900042CC42AC3A8B428B428B428B428B3A8B5B
:104BA0003A8B3A8B3A6B3A6B3A4A324A322A322A79
:104BB000322A322A3A6B2A0929E829A711040882E5
:104BC0000882088208820881088108810882088298
:104BD00008820882086108610881088210821082B8
:104BE000088210A210C310C310C318E41924214571
:104BF000214519464ACC63F163F163D063D163B0B8
:104C000063F15BB074727CB374527C737C736BF130
:104C100063904ACC00A4196742CC4B0D534E3AAC7A
:104C200042CC42AC3A8B428B428B428B428B3A8BCA
:104C30003A8B3A8B3A6B3A6B3A4A324A322A322AE8
:104C4000322A32293A6B2A0929E829A71104088255
:104C50000882088208810881088108810882088208
:104C6000088208820861088108810882088210820F
:104C70000882088210C310C310C318E41924214508
:104C8000214519464ACC63F163F163D063D163B027
:104C900063F15BB074727C9374527C737C736BF1C0
:104CA00063904ACC00A4196742CC4B0D534E3AACEA
:104CB00042CC42AC3A8B428B428B428B428B3A8B3A
:104CC0003A8B3A8B3A6B3A6B3A4A324A322A322A58
:104CD000322A32293A6B2A0929E829A719040882BD
:104CE000088208821081108110811081108110814A
:104CF0000882088208810881088208821082108256
:104D00000882088210C310C310C318E41924214577
:104D1000214519464ACC63F163F163D063D163B096
:104D200063F15BB074527C9374527C737C736BF14F
:104D300063904ACC00A4196742CC4B0D534E3AAC59
:104D400042CC42AC3A8B428B428B428B428B3A8BA9
:104D50003A8B3A8B3A6B3A6B3A4A324A322A322AC7
:104D6000322A32293A6A2A0829E829C7190408A2EE
:104D7000088210A21081108110811081108210828F
:104D800008820882108210821082108210821082A3
:104D90000882088210C310C310C318E419242145E7
:104DA000214519464ACC63F163D163D063D163B026
:104DB00063D15BB074527C93743274737C736BF107
:104DC00063904ACC00A4196742CC4B0D534E3AACC9
:104DD00042CC42AC3A8B428B428B428B428B3A8B19
:104DE0003A8B3A8B3A6B3A6B3A4A324A322A322A37
:104DF000322A32293A6A2A0829E829C7190408A25E
:104E000010A210A210A210A210A210A210A210A212
:104E100010A210A210A210A210A210A210A210A202
:104E200010A210A210C310C310C318E41924214506
:104E30002145194642CC63F163D163D063D063B09E
:104E400063D15BB074527C93743274737C736BF176
:104E500063904ACC00A4196742CC4B0D534E3AAC38
:104E600042CC42AC3A8B428B428B428B428B3A8B88
:104E70003A8B3A8B3A6B3A6B3A4A324A322A322AA6
:104E8000322A32293A6A2A0829E829C7190408A2CD
:104E900010A210A210A210A210A210A210A210A282
:104EA00010A210A210A210A210A210A210A210C252
:104EB00010C310C310C310C310C318E41924214534
:104EC0002145194642CC63F163D163D063D05BB016
:104ED00063D05B9074527C93743274727C736BF108
:104EE00063904ACC00A4196742CC4B0D534E3AACA8
:104EF00042CC42AC3A8B428B428B428B428B3A8BF8
:104F00003A8B3A8B3A6B3A6B3A4A324A322A322A15
:104F1000322A32293A6A2A0829E829C7192408A21C
:104F200010A210C210A210A210A210A210A210A2D1
:104F300010C210C210C210C210C318C318C318C3C5
:104F400010C318E310C310C310C318E4192421457B
:104F50002145194642CC63D163D063D063D05BB0A6
:104F600063D05B906C527C936C3274727C736BF187
:104F700063AF4ACC08A419674ACC4B0D534E3AACE8
:104F800042CC42AC3A8B3A8B428B3A8B428B3A8B77
:104F90003A8B3A8B3A6B3A6B3A4A324A322A322A85
:104FA000322932293A6A320829E829C7190408A2A5
:104FB00010A210A210A210A210A210A210A210A261
:104FC00010A210A218C218C218C218C318C318E33E
:104FD00018E318E310C310C310C310E419242145CB
:104FE0002145194642CC63D163D063D063D05BB016
:104FF00063D05B9074737473745274527C527431C6
:10500000636E4AAB08C421874AAC5B2E4AEC42CCA3
:1050100042CC3AAB3A8B3A8B3A8B3A8B3A8B3A8BFF
:105020003A8B3A6B3A6A3A4A3A4A324A324A322917
:1050300032293229428A322831E729A6190410A2DE
:1050400010A210A210A210A210A210A210A210A2D0
:1050500010C210C218C218C218C218C218C218E270
:1050600018E218E318E3190318E310C319042145E3
:10507000216519254ACC63D063B063D063F05BB07F
:1050800063D05B8F74737473745274527C52743136
:10509000636F4ACC216629A7428B532D4AEC42CC40
:1050A00042CC3AAB3A8B3A8B3A8B3A8B3A8B3A8B6F
:1050B0003A8B3A6B3A6A3A6A3A4A324A3229322988
:1050C000322932293A49320731E729A6190410A2B8
:1050D00010C310A218A318A318A218A210A218C2D5
:1050E00018C218C218E220E220E220E218E218E317
:1050F00018E318E319031904190410E319042145EE
:10510000216519454ACC63D063B063D063F05BB0CE
:1051100063D05B8F747374736C52743274527411F5
:10512000638F52EC3A2931C83A4A530D530D42CCA1
:1051300042CC3AAB3A8B3A8B3A8B3A8B3A8B3A8BDE
:105140003A8B3A6B3A6A3A6A3A4A3A4A32293229EF
:1051500032293229320829E731E729C6190410A279
:1051600018C318C318C318C318C218C318C318C368
:1051700018E318E220E32102210221022103210386
:1051800021032103210419041904190419242145B8
:10519000214519454ACC63D063B063D063F05BB05E
:1051A00063D05B8F74736C526C32743274327411CE
:1051B000638F5B0D428A31C83A29530D532D42CB80
:1051C0003AAB42CC3A8B3A8B3A8B3A8B3A8B3A8B4E
:1051D0003A8B3A6B3A6A3A6A3A4A324A3229322967
:1051E0003209322929E729C731E731C7192410A22A
:1051F00018C318E318C318C318C318E318E318E357
:1052000018E318E3210321032103210321032103D0
:10521000212421242124212419241924192521455C
:10522000214519454AEC63D063B063D063F05BB0AD
:1052300063D05B8F74736C526C327432743273F15E
:10524000638F5B2D3A4A29C73A29532D532D42AB20
:105250003AAB42CC3A8B3A8B3A8B3A8B3A8B3A8BBD
:105260003A6B3A6B3A6A3A6A3A4A324A32293229F6
:105270003209320829E729C7320731E7192410A279
:1052800018C318C318C318C318E318E32103210374
:105290001903210321232123212321232124212434
:1052A0002124212421442144214521452145214512
:1052B000214521664AEC63D063B063D063F05BB0F4
:1052C00063D05B8F74736C526C32745274526BF097
:1052D000636F5B2D3A0929A73A29532D530D42AB31
:1052E0003AAB42CC3A8B3A8B3A8B3A8B3A8B3A8B2D
:1052F0003A6B3A6B3A6A3A6A3A4A324A3229320986
:1053000032093208320829C7320731E7192410C39D
:1053100018C318C318C318C320E32104212421246F
:1053200021242124212429232923294429242944EF
:1053300029442144216521452165296521451925F7
:10534000214521664AEC63D063B063D063F05BB063
:1053500063D05B8F74736C526C32745274526BF006
:10536000636E5B2D3A0929C73A4A530D530D42CC5F
:1053700042CC3AAB3A8B3A8B3A8B3A8B3A8B3A8B9C
:105380003A6B3A6B3A6A3A6A3A4A3A2A322932090D
:1053900032093208320829C731E731C7194418E306
:1053A00018E318E318E320E42104292429442945BB
:1053B0002944294429442944294429442944296465
:1053C0002964296529652965296529852965212497
:1053D000212421664AEC63D063B063D063F05BB0F4
:1053E00063D05B8F74736C526C5274737C526BD04D
:1053F0005B6E5B2D3A2931C83A294AEC530D4AECD1
:1054000042CC3A8B3A8B3A8B3A8B3A8B3A8B3A8B2B
:105410003A6B3A6B3A6A3A6A3A4A3A2A322932097C
:1054200032093208322829C729C729C7214519045A
:10543000210418E320E4210429242945296529654C
:1054400029652965296429642965296529652965EE
:1054500029652965298529652965298629652124E4
:10546000212421664AEC63D063B063D063F05BB063
:1054700063D05B8F6C526C526C326C317C7363AF57
:105480006BD0530D3A2932083A4A4AEC530D42CBBD
:105490003AAB42CC42AC42AC42AC428B428B3A8BF0
:1054A0003A8B3A6B3A6B3A4A3A4A3A293A293229C4
:1054B000320931E821A629E7320831C7214518E32E
:1054C00018E32124296529652965316531853185F0
:1054D000318531A5318531853185318531853185FC
:1054E0002985298529652985298629852986298669
:1054F0002985214542CC5B8F63D063B063D063D0F4
:105500005B8F5B8F6C526C526C326C317C7363AF0F
:105510006BB0530D2187298732294AEC530D42ABDA
:105520003A8B42CC3A8B3A8B3A8B3A6B3A6B3A6B6A
:105530003A6A3A6A3A4A3A2A32093209320932094F
:10554000320932093208320831E729A6216521459E
:105550002945296529652965318531853186318659
:10556000318531853185318531853185318531858B
:10557000318631862965318529862986298631A695
:10558000298621654ACC5B8F63D063B063D063D03A
:105590005B8F5B8F6C536C526C526C317C73638F7E
:1055A0006BAF52EC10E419453229530D532D42CB09
:1055B0003A8B42CC428C428C428B428B428B3A6B70
:1055C000426B426B3A2A3A2A32293209322932098D
:1055D00031E931E8320829C721852165216529860D
:1055E0003186318629653166318631A631A631A6EC
:1055F00031A5318531A631A631A631A631A631A615
:1056000031A631A6318631A631A6318631A631A622
:1056100031A621664ACC5B8F63D063B063D063D080
:105620005B8F5BAF6C736C526C326C317C73638FCD
:10563000638F4ACC08A319453A4A532D532D42CBC8
:105640003AAB42CC42AC428C428B428B428B428B77
:10565000428B428B3A2A3A4A3A4A3A4A3A4A320901
:1056600029C8218721A6196519442145298631C7F2
:1056700031C631A63186318631A639A631A631A68A
:1056800031A631A631C631C631C631C631C631C6A2
:1056900031C631C631A631C631C631A631A639C6AA
:1056A00031C629A64ACC5B8F63D063B063D063D088
:1056B0005B8F5BAF6C736C526C326C317C7363AF1D
:1056C000638F4AAC08C42166426A532D530D42AB26
:1056D0003A8B42CC3A8B3A6B3A6B3A6B3A6B3A6BF9
:1056E0003A6A3A4A426B3A4A3A2A320931E829C8B8
:1056F00021871966218621A629C631C731E739E7F6
:1057000039E739C731A639A639C639C739C739C7C4
:1057100039C631C631C631E731E739E739E739E70C
:1057200039E739E739C739E739E731C639C639E7E3
:1057300039E629C64AEC5BAF63D05BB063D063D077
:105740005B8F5BAF6C736C526C326C317C9363AF6C
:10575000638F4AAB10C42186426A530C4AEC3A8BE1
:105760003A8B42AB428C428C428B3A6B3A6B3A6B2F
:105770003A4A3A4A426B3A2A29C821A72187218707
:10578000298721A729C732073A283A483A283A08F0
:1057900039C731C739E739E739E739E739E739E751
:1057A00039E739E739E739E739E739E739E73A07D8
:1057B0003A073A0739E73A0739E739E739E73A0765
:1057C00039E731E74AEC5BB063D05BB063D063B0DC
:1057D0005B8F5BAF6C536C526C326C117C936BAF14
:1057E000638F4AAB08C321663A4A4AEC4AEC42ABA3
:1057F0003A8B42AB42AC42AC428C428B428B426B06
:105800003A6A3A6A31E929C829872187298729A86C
:1058100031E83208322832283A283A283A283A0819
:1058200039E739E742084208420739E739E739E7FB
:10583000420742273A0739E73A073A083A073A0750
:1058400042084208420742083A0739E739E7420767
:10585000420739E74AEC5BB063D05BAF63B063B03B
:105860005B8F5BAF6C536C326C316C127C9363B0AA
:10587000638F4AAB08A319663A4A4AEC4AEC42CC19
:1058800042AB42CC42AB428B428B426A3A4A3A4AE2
:105890003A4A3A2921662166298729C731E83A29F7
:1058A0003A293A293A693A2832083A083A284249C4
:1058B0004249422842484228420839E73A0742070B
:1058C000422842483A073A073A083A083A28422812
:1058D0004228422842284228420839E73A0742280B
:1058E00042083A084AEC5BB063D05BAF63B063B088
:1058F0005B8F5BAF6C3274736C11745274526BF0CB
:10590000638F4ACC110519463229530D532D428B12
:105910003A6A42AB428B4AAB4AAB426A3A0929A780
:10592000216621453A283A283A283A283A483A49FD
:105930004248424942494249424942494249424910
:105940004249424942494248424842484249424803
:1059500042484248422842284228422842284228B7
:105960004228424842494228422842284228424886
:1059700042283A284B0D5BAF63D05B8F63B063D096
:105980005BAF5BB06C3274736C117452745263F120
:1059900063AF42CC08C419863A4A4ACC4AEC42ABBF
:1059A000428B42AB426A422931E831C729A729A775
:1059B00031C731E73A283A483A48424842484248D3
:1059C00042684268424942494269426942694269C1
:1059D000426942694249426942694269426942698F
:1059E000426942694249424942494249424942491F
:1059F0004249424942494249422842284248424893
:105A000042283A294B0D5BAF63B05B8F63B063D024
:105A10005BAF5BB06C3274736C117452745263F18F
:105A200063AF42CC00C421A7428B4AEC4AEC4AEC5B
:105A300042AB426A3A0931C72986216629A73A084A
:105A4000424942694269426942694269426942691E
:105A500042694289426A426A426A4A8A4A8A426A78
:105A60004289426942894289428942894A894A89EE
:105A70004A894A894A8A4A894A894A694A694A69ED
:105A80004A694A694A694A6942494249424942491E
:105A900042483A494AEC5BAF63B05B8F63B063D076
:105AA0005BAF5BAF6C3274736C117452745263F001
:105AB0005B8F42CC08E419873A494ACB4ACC42AAC8
:105AC0003A2929E731C731C731C73A084249426A02
:105AD0004A8A4A8A4A8A4A8A4A894A8A4A894AA909
:105AE0004AA94AAA4A8A4A8A4AAA4AAA4AAA4AAA57
:105AF0004AAA4AAA4AAA4AAA4AAA4AAA4AAA4AAA06
:105B00004AAA4AAA52AA52AA52AA4A8A4A8A4A8A3D
:105B10004A894A894A694A69424942494A69424925
:105B200042493A494AEC5B8F63B05B8F63B063D004
:105B30005B8F5BAF6C3274736C117452745263F090
:105B40005B8F42CC090408E4194632083A4931E730
:105B500021A629A631E73A0842694A8A4AAA4AAAEE
:105B60004AAA4AAA4ACA4ACA4ACA52CA52CA52CABD
:105B700052CA52CB52CB52CB52CB52CB52CB52CB3E
:105B800052CB52CB52CB52CB52CA52CA52CA52CA31
:105B900052CA52CA52AA52AA52AA52AA4A8A4A8A35
:105BA0004A8A4A8A4A8A4A694A694A694A694A69FA
:105BB000424942494AEC5B8F63B05B8F63B063D06C
:105BC0005B8F5BAF6C3274726C117452745263F001
:105BD0005B8F42CC194608E410E421A631E829C7BE
:105BE00031E73A49426A4A8A52CB52CB4AAB4AAA77
:105BF0004ACA52CB52EB52EB52EB52EB52EB52EB06
:105C000052EB52EB52EB52EC52EC52EC52EC52ECA7
:105C100052EB52EB52EB52EB52EB52EB52EB52EB9C
:105C200052EA52EA52AA52AA52AA52AA52AA52AA14
:105C300052AA52AA52AA4A8A4A894A694A894A6990
:105C40004A6942694AEC5B8F63B05B8F5BB063B0BB
:105C50005B8F5B8F6C3274536C117452745263F0AF
:105C60005B8F42CC2187218729C73A294269426943
:105C70004AAA52EC52EC52EC52EC52EB52EB52EB81
:105C80005B0C5B0C5B0C5B0C5B0C5B0C5B0C5B0CDC
:105C90005B0C5B0C5B0C5B0C5B0C5B0C5B0C5B0CCC
:105CA0005B0C5B0C52EB52EB52EB52EB52EB52EBB8
:105CB00052EB52EB52CA52CA52CA52CA52CA52CAC2
:105CC00052CA52CA52CB52AA52AA52AA52AA4A8ABB
:105CD0004A89428A4AEC5B8F63B05B8F5BB063B0EA
:105CE0005B8F5B8F6C3274536C117452743263F03F
:105CF0005B8F42CB21873A494ACB530C52EB530C72
:105D00005B0C5B0C5B2D5B0C5B0C5B0C5B4C634DB1
:105D1000634D5B2C5B2C5B2C5B2C5B2C5B2C5B2C22
:105D20005B2C5B2C5B0C5B0C5B0C5B0C5B0C5B0CFB
:105D30005B0C5B0C5B0C530B530B52EB52EB52EBBB
:105D400052EB52EB52CB52CB52CB52CB52CB52CB2B
:105D500052CB52CB5AEB52CB52CA52AA52AA52AA97
:105D60004A8A4A8A4AEC5B8F63B05B8F5BB063B050
:105D70005B8F5B8F0000000000000000000000004F
:105D80000000000000000000000000000000000013
:105D90000000000000000000000000000000000003
:105DA00000000000000000000000000000000000F3
:105DB00000000000000000000000000000000000E3
:105DC000000000000000000000000800184018401B
:105DD00008000000000000000000000000000000BB
:105DE00000000000000000000000000000000000B3
:105DF00000000000000000000000000000000000A3
:105E0000000000001000DDECAC68AC68DDEB1000B9
:105E10000000000000000000000000000000000082
:105E20000000000000000000000000000000000072
:105E3000000000000000000000000000000008005A
:105E40007AE1BCE839003900C50872E108000000B9
:105E50000000000000000000000000000000000042
:105E60000000000000000000000000000000000032
:105E70000000000000000000000093C6E5EA30E0EA
:105E8000AC89AC8930E0E5EA93C600000000000070
:105E90000000000000000000000000000000000002
:105EA00000000000000000000000000000000000F2
:105EB000000000000800E5EA7B243920EDE6EDE66D
:105EC00039207B24E5EA0800000000000000000003
:105ED00000000000000000000000000000000000C2
:105EE00000000000000000000000000000000000B2
:105EF0005A21CD2831008B41F5E5F5E58B41310084
:105F0000CD285A0000000000000000000000000042
:105F10000000000000000000000000000000000081
:105F2000000000000000000000000800E5EA38E082
:105F30003100EDE7F5E3FDE3EDE731003100E5EA9F
:105F40000800000000000000000000000000000049
:105F50000000000000000000000000000000000041
:105F600000000000080093C69BC430E0BCA5F5E427
:105F7000FDE3FDE3F5E4BCA530E09BC493C6080057
:105F80000000000000000000000000000000000011
:105F90000000000000000000000000000000000001
:105FA0004140DDEC41406AA2EDE8F5E5EDE6EDE6C5
:105FB000F5E5EDE86A824140DDEC4140000000007B
:105FC00000000000000000000000000000000000D1
:105FD000000000000000000000000800E5EACD0716
:105FE00030E0EDE8F5E58B41310031008B41F5E51E
:105FF000EDE830E0CD07E5EA080000000000000011
:106000000000000000000000000000000000000090
:106010000000000000008301AC6838E09C06FDE34E
:10602000FDE39BE620E220E29BE6FDE3FDE39C0628
:1060300038E0AC68830100000000000000000000B0
:106040000000000000000000000000000000000050
:106050000000DDCA49A03100E5E9FDE3FDE3A42627
:1060600020E220E2A447FDE3FDE3EDE9310049A091
:10607000DDA900000000000000000000000000009A
:106080000000000000000000000008004160CD6B2F
:1060900031006AA2F5E4FDE3FDE3BCE828E228E272
:1060A000BCE8FDE3F5E3F5E46AA230E0D58B41609E
:1060B00008000000000000000000000000000000D8
:1060C0000000000000005A21E5EA31008B61EDE795
:1060D000FDE3FDE3FDE3D58A28E128E1D58AFDE370
:1060E000FDE3FDE3EDE78B413100E5EA5A210000D5
:1060F00000000000000000000000000000000000A0
:106100000000CD6BE5EC3100E5A8F5E5FDE3FDE32E
:10611000FDE3E5CA28E128E1E5CBFDE3FDE3FDE38E
:10612000F5E5DDA83100E5EBC54A00000000000000
:1061300000000000000000000000000028A0DDC9F1
:1061400049805A00F5E5FDE3FDE3FDE3FDE3E5EA03
:1061500028E128E1E5EAFDE3FDE3FDE3FDE3F5E504
:1061600059E049A0DDC928A000000000000000009F
:106170000000000000000800DDEC414030E0EDE8E8
:10618000FDE3FDE3FDE3FDE3FDE3E5E928E028E0D1
:10619000EDE9FDE3FDE3FDE3FDE3FDE3EDE83100C3
:1061A0004120DDEC080000000000000000000000BD
:1061B00000000800E5EA31003920EDE6FDE3FDE3EB
:1061C000FDE3FDE3FDE3EDE828E028E0EDE8FDE395
:1061D000FDE3FDE3FDE3FDE3F5E6392030E0E5EA2C
:1061E0000800000000000000000000001840CD4B37
:1061F00062204180E5C8FDE3FDE3FDE3FDE3FDE34F
:10620000FDE3EDE728E028E0EDE7FDE3FDE3FDE356
:10621000FDE3FE03F5E3E5A841606220C54B1840AD
:106220000000000000000000DDCADDCA3100E5E921
:10623000F5E5FDE3F5E3FDE3FDE3FDE3FDE3F5E473
:10624000D547D547F5E4FDE3FDE3FDE3F5E3F5E3ED
:10625000FDE3F5E5E5E93100DDCADDCA0000000037
:1062600000000800E5EB93823100EDE6F5E4FDE384
:10627000FDE3FDE3FDE3F5E3FDE3F5E5CD06CD0646
:10628000F5E5FDE3FDE3FDE3F5E3F5E3FDE3F5E42B
:10629000EDE631009382E5EA080000000000BCC78B
:1062A0006AC33100CD69F5E3FDE3FDE3FDE3FDE302
:1062B000FDE3FDE3FDE3CD2728E128E1CD27FDE364
:1062C000FDE3FDE3FDE3FDE3FDE3FDE3FDE3CD6978
:1062D00031006AC3BCC600002040E5EC30E04180DC
:1062E000F5E5FDE3FDE3FDE3FDE3FDE3F5E3FDE3BC
:1062F000FDE3EDE8310030E0EDE8FDE3FDE3FDE333
:10630000FDE3FDE3FDE3FDE3FDE3F5E5418030E082
:10631000E5EC20407AA09C0730E0A426F5E3FDE3FD
:10632000FDE3FDE3FDE3FDE3FDE3FDE3FDE3F5E573
:10633000CD05CD05F5E5FDE3FDE3FDE3FDE3FDE37F
:10634000FDE3FDE3FDE3F5E3A4063100A4287AA014
:10635000E58330E0A448E5EBEDE8EDE8EDE8EDE8B5
:10636000EDE8EDE8EDE8EDE8EDE8EDE8EDE8EDE885
:10637000EDE8EDE8EDE8EDE8EDE8EDE8EDE8EDE875
:10638000EDE8EDE8E5EBA42830E0E5839340A426B2
:10639000310030E030E030E030E030E030E030E05C
:1063A00030E030E030E030E030E030E030E031004C
:1063B0003100310030E030E030E030E030E030E01B
:1063C00030E03100A42693403080DDEC6AA25A22EE
:1063D0005A235A225A235A235A235A235A225A23D7
:1063E0005A225A235A225A225A235A235A225A22CA
:1063F0005A235A235A235A235A225A235A226AA228
:10640000DDEC30800000184083218B418B418B41B3
:106410008B418B418B418B418B418B418B418B411C
:106420008B418B418B418B618B418B418B418B41EC
:106430008B418B418B418B418B4183211820000084
:10644000000000000000000000000000000000004C
:10645000000000000000000000000000000000003C
:10646000000000000000000000000000000000002C
:10647000000000000000000000000000000000001C
:0C648000000000000102030406070809E8
:08648C003C9DFC7F01000000B3
:04649400AD0100084E
:04649800890100086E
:10649C0014000000010203040100000000010203CB
:1064AC00039F250D9949411F010911C16385617134
:1064BC00FFFF00000024F4001000000001000000A9
:0400000508000505E5
:00000001FF
